date,usdkzt_ret,usdkzt_ret_5d,usdkzt_ret_21d,usdkzt_vol_5d,usdkzt_vol_21d,usdkzt_volume,tonia_spread,twina_spread,swap1d_spread,swap2d_spread,term_spread_14d,tonia_vol_log,swap1d_vol_log,usdkzt_vol_log
2015-01-05,,,,,,160000000.0,9.3,1.573175,1.1693738036642038,9.154060705496306,-7.726825000000001,4.226395693132972,18.02020317735524,18.890684373198102
2015-01-06,0.0019835403844750132,,,,,174100000.0,8.29,10.122002,-2.5381952628087543,,1.832002000000001,4.0469034876219645,17.840862248699423,18.97514040473842
2015-01-08,0.0009545115852054309,,,,,175100000.0,8.85,9.906102,1.601925703359738,,1.056102000000001,4.596028528070808,21.646730772568567,18.98086779725608
2015-01-09,0.00033978057066441636,,,,,92100000.0,9.16,9.787518,0.6272621323864165,,0.6275180000000002,4.4618770161616155,21.708336084215393,18.338385501225535
2015-01-12,0.0027241364669547963,,,,,91700000.0,9.44,9.50201,0.9734934196225389,,0.06201000000000079,4.553350437258295,21.742834918274067,18.334032937226695
2015-01-13,0.00012109356131695392,0.0008428078796411497,,0.02360573640044909,,96300000.0,9.45,9.868551,0.9584718060473989,,0.4185510000000008,4.585069514281089,21.694802043046543,18.382978876768355
2015-01-14,4.5871684175580185e-06,0.0004451823690626355,,0.02169530531386364,,82100000.0,9.49,9.600821,0.918471806047398,,0.11082099999999961,4.659090027977522,21.6518803185094,18.223448574422658
2015-01-15,0.0009428061077478844,0.0008246459076532986,,0.01781862067359355,,90200000.0,9.49,9.51,0.8968335146898792,,0.019999999999999574,4.78164132910387,21.664444284328344,18.31753998503285
2015-01-16,0.00021891926941819406,0.0008004736474040541,,0.01804503371563166,,67500000.0,9.47,9.528579,,16.78281034622094,0.05857899999999994,4.926383741648665,,18.02763815584276
2015-01-19,0.0002719978256946476,0.00020124678887416535,,0.0072005163198641895,,52800000.0,9.59,10.265498,,,0.6754979999999993,5.09693530701534,,17.782021748676488
2015-01-20,0.0,0.00017702807661077458,,0.007335492094894415,,2000000.0,9.58,9.5,0.8068335146898793,,-0.08000000000000007,5.100475998096045,21.71725807648442,14.508657738524219
2015-01-21,0.001657098371353527,0.0005093651845649916,,0.01244783715056746,,83900000.0,9.56,9.544946,0.8128456075531787,,-0.015054000000001011,5.035457979527601,21.71614717098228,18.245136171437434
2015-01-22,6.909459171033916e-05,0.0003346228813574825,,0.012070878013869565,,51800000.0,9.52,9.749041,0.8519433900407876,,0.2290410000000005,5.1640428407255685,21.736320237252873,17.76290070722971
2015-01-23,0.0007437250041606447,0.00043958402830597266,,0.012326246614713657,,101500000.0,9.65,10.722507,0.7109451385116792,,1.0725069999999999,5.27709373009641,21.73813413218156,18.435569356446116
2015-01-26,0.0010056976314949395,0.0006951231197438901,,0.010938799946006295,,56800000.0,9.91,4.030284999999999,0.4208484684196243,,-5.879715000000001,5.194011849738723,21.810041683838566,17.85504688369138
2015-01-27,5.4598522378768166e-05,0.0007060428242196437,,0.01072499636336193,,72200000.0,10.22,9.625048,0.11084846841962381,,-0.594952000000001,5.033830851699444,21.80801581962137,18.094950603863055
2015-01-28,0.0,0.0003746231499489383,,0.00740591792016222,,74800000.0,10.0,9.508814,0.33084846841962445,,-0.4911860000000008,5.1049753064706165,21.82360995845928,18.130328442944705
2015-01-29,6.619520969763926e-05,0.00034756518966734263,,0.007808860687361231,,86000000.0,9.79,9.52442,0.5408484684196253,,-0.2655799999999999,4.796864349028711,21.799291626941724,18.269857854217783
2015-01-30,0.00020085777497058643,0.00023899174382933098,,0.006980945051376494,,109500000.0,9.69,5.272959,0.640848468419625,,-4.417040999999999,4.8615937625371,21.761774201544814,18.51143510722083
2015-02-02,0.00015314596048821016,6.848140962798511e-05,,0.0017337371599089816,,72400000.0,9.56,9.482079,0.770848468419624,,-0.07792099999999991,4.91705694713669,21.72610117022075,18.097716857355945
2015-02-03,0.00010747295226298803,3.6067114699633863e-05,,0.0021478389303060987,,69200000.0,9.36,9.613894,0.970848468419625,0.970848468419625,0.25389400000000073,4.840953517648737,21.76460205779479,18.052511420587898
2015-02-04,0.0014980115848510778,0.0003356694316698494,0.0004908448124146233,0.010531149726364254,0.013743108721533587,91750000.0,9.51,9.543026,0.7951420838971579,,0.033025999999999556,4.726591041192431,21.722426046642862,18.334578044898954
2015-02-05,1.6512165062820827e-05,0.0003456060405968131,0.0003956042148175835,0.010416996877415754,0.012713839947527611,79200000.0,9.32,9.551485,0.9851420838971574,,0.23148499999999927,4.831827556602097,21.72095220702456,18.187486856784655
2015-02-06,0.001752683215647366,0.000655971128732169,0.000524518252953431,0.014197977657481237,0.01254917938888275,73500000.0,9.44,7.519392,0.8651420838971582,,-1.9206079999999996,4.727387818712341,21.71614717098228,18.112795964183064
2015-02-09,4.325969622609449e-05,0.0006166899973893081,0.000506278240244359,0.014695925621227873,0.012689591922497663,75400000.0,9.46,9.564215,0.8195190489056987,,0.10421499999999995,4.84119047511598,21.72775057955648,18.138317832978185
2015-02-10,0.0003157445185681951,0.0007013334915555447,0.00039159290936880656,0.01365215171838628,0.009799228169002616,128500000.0,9.49,11.5,0.7895190489056993,,2.01,4.792396362115501,21.746615641113973,18.67143946229955
2015-02-11,0.00038842856224263755,0.0003240454621368016,0.0003673299511040641,0.0132805855505043,0.010129828546298514,102900000.0,9.49,9.5,0.7895190489056993,,0.009999999999999787,4.927471052835487,21.77827448813239,18.449268200804276
2015-02-12,1.0603354432703327e-05,0.0003294685660359065,0.00036805330933502897,0.013238106934726672,0.010122935596483609,86400000.0,9.67,7.342642,0.6095190489056996,,-2.3273580000000003,4.821893169499378,21.77111100856087,18.274498233774285
2015-02-13,6.154303398542282e-05,-3.337668389065129e-05,0.000320227159728681,0.003974755440585806,0.010001583323740895,99050000.0,9.59,2.743665,,16.4690380978114,-6.846335,4.835408509778168,,18.411135331108834
2015-02-16,0.0,-2.4724744645432395e-05,0.0003098024326135289,0.003979840435096866,0.010058114566020637,78400000.0,9.39,9.354467,,,-0.035533000000000925,4.66287289611638,,18.177334485320635
2015-02-17,0.0,-8.78736483590714e-05,0.0003227547100275597,0.002705286218839866,0.009902807814813331,118500000.0,9.06,6.128348000000001,1.219519048905699,,-2.9316519999999997,4.647654797594247,21.62626867449363,18.59042351853946
2015-02-18,0.00022495926017906953,3.4803916125270004e-05,0.0003334670557503726,0.0017470990717735405,0.009840894003604378,110200000.0,9.19,8.156608,1.0895190489057,,-1.0333919999999992,4.609759638321899,21.597900893551735,18.517807454683087
2015-02-19,0.00021654029677975473,-1.0624814117221603e-05,0.0002442461667916449,0.0025189933055066336,0.00874490053403465,102700000.0,9.36,8.243859,0.9195190489057001,,-1.116140999999999,4.630935393874117,21.559213816138026,18.447322674898786
2015-02-20,0.00017236582385216082,3.6156957450295124e-05,0.000249163844512684,0.002757207327936568,0.008726135692319188,53800000.0,9.48,9.275064,0.7995190489056991,,-0.204936,4.692814695840138,21.531080092484483,17.800784025132014
2015-02-23,0.0001721564086425431,1.7256757217865016e-06,0.00020555044390300838,0.0031432856977022133,0.008648522015550698,169100000.0,8.87,7.814476000000001,1.4095190489057003,,-1.0555239999999984,4.40720693320418,21.509903360593697,18.94600081386881
2015-02-24,4.503238354658379e-06,8.250280508548258e-07,0.00015744564057683705,0.003143604015949187,0.008165390751396663,288200000.0,9.4,9.500002,0.8795190489056992,,0.10000199999999992,4.599755553286593,21.461864280410275,19.479165241529696
2015-02-25,4.000500541234686e-05,-5.216782506742845e-05,0.00015294071068202206,0.002436759917903206,0.00818695257698483,232700000.0,9.5,9.5,0.7795190489056996,,0.0,4.699570861409576,21.50762389755974,19.26526062827252
2015-02-26,0.00010051319552939475,1.1242873394401442e-05,0.00015772705332627894,0.0021065803504457985,0.008170681662301121,168300000.0,9.52,9.5014,0.7595190489057,,-0.018599999999999284,4.870990011582737,21.426363348359523,18.941258659161033
2015-02-27,6.463333037132202e-05,-3.6156957450295124e-05,0.00015780142853229404,0.0015675272857635003,0.008170144102984018,182500000.0,9.32,4.781829999999999,0.48015667838399523,,-4.538170000000001,4.40720693320418,21.44134950279639,19.02226073098682
2015-03-02,0.0,-1.7256757217865016e-06,0.00014823677258131375,0.0010004139448954567,0.008186418394128803,74000000.0,9.33,9.524392,0.9495190489056995,,0.19439200000000056,4.431054865741236,21.340611304090075,18.119575651168443
2015-03-03,2.6232398062653317e-05,4.421451561675837e-06,0.00014219326960866817,0.001018667394502272,0.008197257473082614,51500000.0,9.47,9.500085,0.8095190489056989,,0.030084999999999695,4.200654626915515,21.337910789351398,17.757092365633966
2015-03-04,2.6232398062653317e-05,7.175973031614547e-06,0.00014606186742773173,0.0009849609045742746,0.008170868879842289,57500000.0,9.49,9.417839,0.7895190489056993,,-0.07216099999999948,4.325853029867938,21.283167298358993,17.86729550576758
2015-03-05,0.0008140305133075287,0.00014987943658724135,0.00011349134021137226,0.00591780805809404,0.007005313519975306,107500000.0,9.48,8.87806,0.7867386609071279,,-0.6019400000000008,4.289225803818339,21.221006221163748,18.49300140553199
2015-03-06,0.00042856898489063155,0.00024851989963963205,0.00013468568068534617,0.005826628995652084,0.007070605286049769,69800000.0,9.04,8.095569,1.0593964810546268,,-0.9444309999999998,3.8844462376579116,21.079540700863802,18.0611445677326
2015-03-10,0.00017927438209319746,0.00021266502322099258,4.268769984055745e-05,0.006417408827596542,0.00400127913656137,76750000.0,9.51,9.43762,0.7567386609071285,,-0.072379999999999,4.037774210733707,21.06045210430128,18.15606394443158
2015-03-11,0.0005741727453481005,0.000322253092678082,7.208924467742388e-05,0.006591188367066506,0.004387211809389997,85700000.0,8.54,8.922365,0.4436252459274854,,0.38236500000000007,4.0683427596831,21.026329011436495,18.26636338356801
2015-03-12,0.00025209643813628446,0.00037791885991786953,6.905838370447575e-05,0.00592679586494582,0.0043480379481224095,42500000.0,8.4,8.720141,-0.11526841111411024,,0.32014099999999956,4.006605647914094,21.030014972115417,17.565014633894645
2015-03-13,1.7098175391971893e-05,0.00021853239233475817,8.836918073469524e-05,0.0048316167920758974,0.004025378598629258,69400000.0,8.17,6.574005,0.11473158888589019,,-1.5959950000000003,3.778034365424829,20.86736618092017,18.055397425477032
2015-03-16,0.0002759113588544082,7.763632358575024e-05,7.472562295911851e-05,0.005451042796313644,0.0042131037940939635,98900000.0,8.51,8.44616,-0.22526841111410967,,-0.06383999999999901,4.0353020215883175,20.856922221759085,18.409619796592942
2015-03-17,2.688366821157473e-05,0.00011886793364670467,7.893641830183267e-05,0.005018210301079832,0.004188128496535943,114200000.0,8.5,6.275373,-0.21526841111410988,,-2.224627,3.97912074896064,20.849898487879777,18.553461855186185
2015-03-18,3.779401976267138e-05,-3.525419375449701e-06,7.71367030750388e-05,0.002991628992241617,0.004199135713143513,78700000.0,8.5,8.009772,-0.21526841111410988,,-0.4902280000000001,4.076010855533596,20.85762188944549,18.18115371338763
2015-03-19,0.0008089524507486345,0.00010784578314702032,0.00011565824834878331,0.006520255057970415,0.004890103417964116,94500000.0,8.57,8.58177,-0.29641509433962376,,0.01177000000000028,4.070905330488338,20.95000292377075,18.36411039246397
2015-03-20,4.469913016258431e-05,0.0001133659741011428,0.00010707443263371257,0.006498963500706649,0.004879193593623832,60300000.0,8.52,6.227461,-0.10047504808835228,,-2.2925389999999997,4.195094465322244,20.875128186255658,17.914842661697413
2015-03-26,3.0296238061389147e-05,0.00016248899825974661,0.00011594319733458713,0.0057645324513799,0.004764864639855562,65500000.0,8.47,7.442361999999999,-0.19641509433962412,,-1.0276380000000014,4.3899948043230586,20.94600930823928,17.99756070060548
2015-03-27,3.1573326707778904e-05,0.00016342692995898744,0.00010923879270866419,0.005757674360911631,0.00476881741363661,70350000.0,8.66,8.395146,-0.3620327524991893,,-0.2648539999999997,3.8433158074183553,20.914299334342388,18.06899334152467
2015-03-30,0.0008210595080555549,0.0003351976355226327,0.00015653478874190694,0.006967933716068646,0.005247504335453955,86200000.0,8.21,8.261358,0.05245623485052242,,0.05135799999999868,3.7513846594653333,20.769863122323194,18.27218073563392
2015-03-31,5.873715126458734e-05,0.00016165971511998832,0.00015395222146048177,0.005890876728493703,0.005271782180743833,62500000.0,7.789999999999999,7.73747,0.4724562348505241,0.4724562348505241,-0.05252999999999908,3.8255932774297583,20.70479632066275,17.95067711470663
2015-04-01,0.00013819518331725789,0.00018035892575092306,0.0001624379447333201,0.0058107784630181325,0.005225108424198042,70700000.0,7.43,7.736020999999999,0.730661413663448,,0.30602099999999943,3.574029612434994,20.688363784937145,18.0739561308668
2015-04-02,0.00010670264435042043,0.0001650776444931168,0.00015257052378666222,0.006007278866185443,0.005304750698841991,87400000.0,7.539999999999999,6.843116,0.027972443246850887,13.41251328256984,-0.696883999999999,3.653770277000368,20.682131293587855,18.286005840625762
2015-04-03,5.6878750109845555e-06,0.0001576254041493641,0.00015537745023239257,0.006064995097968917,0.005278203732246824,64500000.0,5.1899999999999995,3.554691,1.2349333690122677,,-1.6353089999999995,3.5432754802551445,20.653915758811618,17.982175781766
2015-04-06,0.00014998460366388855,2.3410423271030822e-05,0.00016251957421638727,0.0018396785875654036,0.005248057996801799,56100000.0,4.390000000000001,4.116116999999999,0.8469064046375419,,-0.27388300000000143,3.6990772790903823,20.62510158815918,17.842646370492925
2015-04-07,0.00013961103331894265,7.235646860159761e-06,0.0001546222679601208,0.002133343743845048,0.005333079790593779,193550000.0,1.6600000000000001,1.6903290000000002,0.8865665826194356,0.7042607056288706,0.03032900000000005,3.4346321577483927,20.618460722580284,19.081046434987933
2015-04-08,1.3927300491545225e-05,-1.761792970498277e-05,0.00015653463455793975,0.0018107804288293617,0.005317712321476366,43000000.0,-1.8199999999999998,0.8687500000000004,2.573708810762701,3.2012281174252624,2.68875,3.3666059368925363,20.46021133431936,17.576710673657836
2015-04-09,0.0011327612195453085,-0.0002228296447439604,6.383026632685227e-05,0.008237537695564455,0.006442193020287558,67700000.0,-1.77,0.2502329999999997,-0.7727914054534999,5.11729329383248,2.0202329999999997,3.6019589820832345,20.404712100827542,18.030596737882504
2015-04-10,0.0010885105371079007,-3.989962320183338e-06,9.525605452767461e-05,0.012575236071005313,0.007265942629008399,92000000.0,0.1200000000000001,0.29831200000000013,-2.195575542542369,2.834080258551036,0.17831200000000003,3.8400972658565573,20.447512335359903,18.337299135013314
2015-04-13,1.8204604668170532e-07,-3.402329226229739e-05,0.00010378426100608013,0.012504388467687224,0.007206928636826443,199400000.0,2.09,1.456436,0.7296769329322377,1.2171695147221282,-0.6335639999999998,3.5667118201397288,20.517716594033153,19.11082341549201
2015-04-14,0.0008075599222667762,0.00015541089885484638,0.00011489793609744563,0.013746781812220261,0.007440428603715245,144500000.0,1.4500000000000002,2.003017,6.212586417623343,,0.5530169999999996,3.5240048109237025,20.58881974039349,18.78879006551676
2015-04-15,5.586971925986006e-06,0.00015150804437134014,0.0001026272975230518,0.013760126543441945,0.007434101928461002,71000000.0,0.3899999999999997,1.7132870000000002,7.416784777291684,,1.3232870000000005,3.654805473780185,20.704083017529637,18.078190435005588
2015-04-16,4.884653352643653e-05,0.00038782959498568915,0.00010413912410088346,0.00827671963531529,0.0074303121515741,60600000.0,0.9800000000000004,1.8815730000000004,6.921700797795761,,0.901573,3.807772984054347,20.694866362424712,17.919805451039544
2015-04-17,6.986388266128074e-06,0.0001687302099108834,0.00011694507508127774,0.005680931962633163,0.007314493742614052,90000000.0,1.9500000000000002,1.7270529999999997,6.069820267001096,,-0.22294700000000045,4.233961566558017,20.66032603717254,18.31532022829454
2015-04-20,7.31701336631474e-05,0.00018340064585284921,0.00011914919248373359,0.005566239030346732,0.007309068245923602,120100000.0,6.82,3.308986000000001,1.4313455328309992,,-3.5110139999999994,4.4298639640880415,20.80161480335739,18.603835287050213
2015-04-21,2.655362950321205e-05,1.657793549885156e-05,0.00011968444916275547,0.0006711947528664497,0.007306130260651019,102800000.0,4.93,4.122451,3.385297167237269,,-0.8075489999999999,3.972741740462852,20.73687284035263,18.44829591098534
2015-04-22,8.84766494202438e-05,0.0,7.694973010709459e-05,0.0010140404839204347,0.0068888420195350325,58300000.0,4.4399999999999995,2.479495,3.779471904925188,,-1.9605049999999995,3.9706692008608795,20.644763608791454,17.88111265132072
2015-04-23,4.272322260234773e-05,-1.2246621848177596e-06,7.685563927089285e-05,0.0009962333718975076,0.00688896197337356,97000000.0,6.630000000000001,4.961698999999999,1.6973924919549574,,-1.6683010000000014,3.985087576285151,20.678059244108333,18.390221536467656
2015-04-24,0.00012893853256290555,2.5960321980988965e-05,8.443824739585926e-05,0.0013509152222477398,0.006879832522710867,91700000.0,6.9,3.528765999999999,1.3640735109306537,,-3.371234000000001,4.131961425793407,20.756797320155204,18.334032937226695
2015-04-27,0.0001532378553141811,-1.9321275814476734e-05,7.563771491862308e-05,0.0017497804286353248,0.006927348867658314,233700000.0,7.710000000000001,5.5001,0.5413455328309986,,-2.209900000000001,4.512616204377483,20.9241637793133,19.269548799509085
2015-04-28,5.727313091430375e-05,-2.555923730973575e-06,3.926693505475397e-05,0.001827429682525398,0.006375041491661555,135300000.0,7.779999999999999,8.063393,0.4713455328310001,,0.28339300000000023,4.443827035579329,20.85604694818023,18.723005093141015
2015-04-29,3.517253187812486e-05,2.217391252870016e-05,4.373882472821645e-05,0.0016647652817992058,0.006365143622857214,141500000.0,7.699999999999999,3.9414049999999996,0.48387247999701266,,-3.7585949999999997,4.125197025704866,20.875643517367294,18.767810275047566
2015-04-30,4.274294527473188e-05,2.2177857063176988e-05,3.9193480059524734e-05,0.001664780624974315,0.006355877745188784,132500000.0,7.720000000000001,8.200213,0.26794952615424705,,0.4802129999999991,4.388257184424518,20.892164373408225,18.70209320339055
2015-05-04,0.00015361250791823267,-3.433235103305066e-05,3.695967703248606e-05,0.001730419098446888,0.006371503457671688,54700000.0,8.0,3.7678790000000006,0.2513455328309995,,-4.232120999999999,4.259011183777335,20.922116695691578,17.81737426739221
2015-05-05,0.0,-3.6847799702144355e-06,3.7230528223485325e-05,0.0013718641060094887,0.006371054204035636,122700000.0,7.710000000000001,7.98536,0.5413455328309986,,0.27535999999999916,4.013315256910018,20.943204257311674,18.62525290968114
2015-05-06,6.285803145900104e-05,-2.5677998612749774e-06,3.3081643832776396e-05,0.0013879766154694688,0.00635876265229092,131000000.0,7.539999999999999,8.484469,0.7113455328310003,,0.9444690000000016,3.947969132201615,20.905587393740365,18.690707881165427
2015-05-08,4.308482635462241e-05,-1.8219271507824432e-05,3.767812987869641e-05,0.0013649189299590886,0.0063344772531379765,142900000.0,5.07,5.8422979999999995,3.181345532830999,,0.7722979999999993,4.080414656688602,20.811734484934018,18.777655642900097
2015-05-12,1.7210288710600707e-05,-3.020991830489095e-05,3.619538753573708e-05,0.0012584299014272143,0.0063368661941048355,105000000.0,6.130000000000001,6.267331,2.1213455328309987,,0.13733099999999965,4.28606624352797,20.821571525730533,18.469470908121796
2015-05-13,3.23126864243406e-05,6.975120563623705e-06,9.16750973438156e-05,0.0006595316709930743,0.0047036405546552395,62500000.0,6.23,6.384731,2.021345532830999,,0.15473099999999995,3.9400272018377436,20.764215823275364,17.95067711470663
2015-05-14,1.2556586920453583e-05,4.463803179532988e-06,3.9243329532941594e-05,0.0006737685308099947,0.0030022217424546895,42200000.0,6.050000000000001,6.283778,2.2013455328309988,,0.23377799999999915,3.947776175133964,20.758922514154445,17.55793077900624
2015-05-15,3.69538014863835e-05,-7.170428149905206e-07,4.1011703224992314e-05,0.0005451504874474821,0.002998831281945168,68100000.0,6.32,6.2574179999999995,1.9313455328309992,,-0.0625820000000008,4.277360322445531,20.77014942284526,18.03648777111974
2015-05-18,6.67170998447375e-07,7.766488256244487e-06,2.5246987837911932e-06,0.00040178568188192884,0.0011041858938372685,123700000.0,6.26,6.051289000000001,1.9819353108858895,,-0.2087109999999992,4.150882413182359,20.766133737173586,18.633369837362718
2015-05-19,5.860564638560106e-05,-5.12583278755585e-07,0.0,0.0006148741301292663,0.001124186822093878,101200000.0,6.35,6.532844000000001,1.8917467937844759,,0.18284400000000112,3.80954721383891,20.746298536056983,18.43260931481764
2015-05-20,6.125320379801735e-06,-5.750056487663358e-06,-2.0343434831730857e-06,0.0005516546815440413,0.0011104549967070685,131800000.0,6.41,6.300582,1.307841698216814,0.8591065662002162,-0.1094179999999998,4.04795152265239,20.725563195995093,18.69679618003268
2015-05-21,6.125320379801735e-06,-4.463803179532988e-06,-1.993340250490879e-06,0.0005485361342435045,0.0011104106190904565,98600000.0,6.449999999999999,6.4037109999999995,1.0381193087597804,,-0.0462889999999998,4.057507672170127,20.69979248076077,18.406581819572864
2015-05-22,0.0,-1.1854563476809688e-05,-5.477632329688374e-06,0.0004205585757230347,0.0010764131104759414,221800000.0,6.390000000000001,6.177645999999999,,14.920200872958578,-0.21235400000000126,3.912622825500114,,19.21728663288054
2015-05-25,0.0,-1.1721129277120213e-05,-4.213173781916371e-06,0.0004217017920262359,0.0010737892218350086,60200000.0,6.289999999999999,3.847829000000001,,,-2.4421709999999983,4.161847435323687,,17.91318291027905
2015-05-26,6.381399349120187e-05,1.2762798698240374e-05,3.0387615948191366e-06,0.00045822226248841636,0.0010525932700720547,114700000.0,5.91,6.030754,2.1066912008334473,,0.1207539999999998,3.9435216724875173,20.70255279534887,18.557830582099598
2015-05-27,2.876817107555496e-05,5.784100407169035e-06,-3.6559048508099154e-07,0.0005481921700939519,0.0010477547277566997,107500000.0,6.08,6.153465000000001,0.9529718664119198,1.1891065662002163,0.07346500000000056,3.6014134283326604,20.57789318393066,18.49300140553199
2015-05-28,6.441897202336122e-06,5.720785042662158e-06,-6.812277616759166e-06,0.0005486298912339356,0.0009362649493767733,71500000.0,1.0099999999999998,5.536790999999999,4.581162605755717,,4.526790999999999,3.3645333972905638,20.466694759519683,18.085208007664235
2015-05-29,0.000790766444872304,0.00016387407401712294,3.8140308106406786e-05,0.005589874640041651,0.00284376806905666,171200000.0,-2.32,1.4180080000000004,0.5398038766560775,,3.738008,3.051166980442092,20.512544805630757,18.958343021671915
2015-06-01,5.771689357825238e-05,0.00017541745273277342,3.816143966183292e-05,0.005497530978879816,0.002843806103198107,75800000.0,-0.019999999999999574,0.9591269999999996,-0.7106781994455673,,0.9791269999999992,3.6391638618680036,20.412656259850927,18.1436088506126
2015-06-02,4.998958756896599e-05,0.00015265673652073986,3.410610064054287e-05,0.0056987630374708146,0.0028601885677413123,32100000.0,-0.1299999999999999,2.0145169999999997,-0.30595170952231765,,2.1445169999999996,3.2546289945740186,20.40306057278907,17.284366588100244
2015-06-03,5.074167016339004e-06,0.00015739553733258306,3.182909529334902e-05,0.005653544111118893,0.0028631641649992066,114500000.0,-1.2199999999999998,2.0823790000000004,1.0174647428987962,,3.302379,3.1875915348284343,20.308810437000115,18.556085380958567
2015-06-04,1.5029517737907838e-05,0.0001556780132254687,3.842828530193592e-05,0.005669528778034519,0.0027893647790215082,63400000.0,-1.2300000000000004,0.9910230000000002,1.450935817818836,,2.2210230000000006,2.7517480563679295,20.335689761673986,17.964974419407454
2015-06-05,0.0,-2.4752757489920894e-06,3.842828530193592e-05,0.0006174345548398582,0.0027893647790215082,70000000.0,-2.39,0.7448629999999996,1.3506903106390742,,3.1348629999999997,3.288401887516811,20.352926530813622,18.064005800013632
2015-06-08,0.0,-1.4018654464642565e-05,3.543504570865016e-05,0.00033374044061784377,0.002790926762011163,76300000.0,-1.54,-0.18489000000000022,0.8331790041694784,,1.3551099999999998,3.09874002362822,20.33096371536453,18.150183496254684
2015-06-09,0.0,-4.020736950849368e-06,3.748670410648932e-05,0.00010373293889035948,0.002779621527962527,45300000.0,-0.3899999999999997,-0.45721599999999984,-0.06701121714258917,,-0.06721600000000016,3.6609942506244004,20.310020541519286,17.628817590453263
2015-06-10,0.0005376344215521911,0.00010452098076285665,6.390788078566989e-05,0.003844888720653939,0.003264314564050081,44300000.0,-0.5499999999999998,0.37160800000000016,2.532698918726129,,0.921608,3.1625170911988163,20.32651266944027,17.606495235015363
2015-06-11,0.0,0.00010752688431043822,6.236918143212986e-05,0.0038168257584520475,0.0032701691416249993,67000000.0,-0.6900000000000004,-0.5125120000000001,4.554836900055716,,0.1774880000000003,3.558485990180341,20.33096371536453,18.02020317735524
2015-06-12,5.374754778131319e-05,0.00011827639386670085,6.552652117983304e-05,0.003739727494642043,0.003259075066732034,90850000.0,-2.14,-1.1132080000000002,5.228802406774616,,1.026792,2.9079933592459843,20.26360849975482,18.324720352806455
2015-06-15,5.374754778131319e-05,0.00010752688431043822,6.120740930994271e-05,0.003864213701497191,0.003284143576377099,84350000.0,-1.58,-1.0505740000000001,2.154513391886641,,0.529426,3.3271919683516598,20.281655282201893,18.25048536695625
2015-06-16,0.0,0.00010752688431043822,6.123917935748782e-05,0.003864213701497191,0.0032839860067213258,58100000.0,-3.14,-1.4989990000000004,1.8210163204501648,,1.6410009999999997,3.2495989975110415,20.289401254316548,17.87767622182214
2015-06-17,0.0,0.0,6.402992442346882e-05,0.0006033147275307829,0.0032632476538165095,77100000.0,-4.37,-3.639743,0.20987863633353987,,0.7302570000000002,3.2718477096343066,20.12905860424137,18.160613838533557
2015-06-18,6.139981128239214e-05,1.2279962256478428e-05,6.66620430378779e-05,0.0007443073803620507,0.0032564999869546768,59700000.0,-5.04,-4.316667,-0.49528485999160893,,0.723333,2.747270914255491,20.14523146348697,17.90484257836283
2015-06-19,5.4791350470040356e-05,-9.427817393792281e-06,6.434461303358081e-05,0.000761993289549566,0.003274519508219983,73200000.0,-5.15,-4.328888,-0.11399930068515518,,0.821112,2.256541154492639,20.0220864846892,18.10870597893154
2015-06-22,6.60846081235178e-06,0.0,6.402992442346882e-05,0.0006552779120095386,0.003276235276331455,79600000.0,-4.98,-3.479872,0.6665480882313697,,1.5001280000000001,2.559550192783766,20.027114147366166,18.19252465081461
2015-06-23,6.1869152157001395e-06,1.2373830431400279e-06,6.432453943374026e-05,0.0006567483149044605,0.003274781519205923,69500000.0,-4.86,-2.741503,0.8339847166654147,,2.118497,2.87751164216656,19.969306516989707,18.05683731053502
2015-06-24,0.000853427385823835,0.00017192286020790705,0.00010192517716386565,0.0060832976850913505,0.004265666036637394,62100000.0,-4.53,,0.656596887355166,,,3.3782698770184507,20.108005195043535,17.944256546903706
2015-06-25,5.370425070427842e-05,0.00014890204781057293,0.0001007377448005931,0.006267151322087886,0.0042761541976807345,92600000.0,-4.13,-4.923805,1.4959210360897846,,-0.7938050000000001,3.120159851929043,20.003774681046863,18.343799699616408
2015-06-26,5.592337256654645e-05,0.0001710449924178903,0.00010370751955149227,0.006087153863564462,0.004261892045228755,121000000.0,-4.33,-2.007149,1.1972604635074369,,2.322851,2.914522218128448,19.97248954354983,18.611301103561015
2015-06-29,,,,,,,-4.46,-3.963403,1.5421869648303201,,0.49659699999999996,2.5771819258971713,20.026110634988928,
2015-06-30,,,,,,98300000.0,-3.38,-2.818729,1.8185525436178382,,0.5612710000000001,3.3174533882291946,20.11335625495652,18.403534585117395
2015-07-01,0.0,,,,,110300000.0,-2.38,-1.4891490000000003,0.4532258091798669,0.8005155746509129,0.8908509999999996,3.1376657694426577,20.045992005542757,18.518714484223732
2015-07-02,0.0,,,,,109000000.0,-3.03,-2.720245,0.15334710227698478,,0.309755,3.108167702883779,19.974605946456208,18.50685844019342
2015-07-03,3.055753755365487e-05,,,,,70300000.0,-4.0,-3.902387,1.0167716506763278,,0.09761299999999995,2.9025198918318122,19.97248954354983,18.068282356780895
2015-07-07,3.055753755365487e-05,,,,,93200000.0,-2.69,-2.101371,1.3656467400294976,,0.5886290000000001,3.3509561652254085,19.948908600960923,18.35025827965582
2015-07-08,0.0008052610823003903,0.00016105221646007807,,0.005727067561013757,,114800000.0,-3.29,-2.941208,0.9080778731376058,,0.348792,3.363495514478144,19.93800336747866,18.55870204184974
2015-07-09,0.0,0.00016105221646007807,,0.005727067561013757,,85900000.0,-3.62,-3.273002,0.8008747281276749,,0.34699800000000014,3.0096351787229825,20.067607100797456,18.268694386954483
2015-07-10,0.0010923286903459228,0.0003795179545292626,,0.008412461440094861,,120000000.0,-4.01,-3.5,0.5595039488948135,,0.51,2.8581928595319295,20.012565497138876,18.60300230074632
2015-07-13,0.0013195711791293974,0.0006373206828444111,,0.009891171891514013,,131200000.0,-4.14,-1.954545,0.8551041035379041,,2.185455,2.7862450486872667,20.047565569990187,18.692233434474264
2015-07-14,0.0,0.0006434321903551421,,0.00976272733967554,,135200000.0,-3.84,-3.368129,1.2511791615110954,,0.47187099999999993,3.051166980442092,20.193087484664606,18.722265721573137
2015-07-15,0.0013762086248929606,0.0007576216988736562,,0.011107752436802142,,182000000.0,-1.1900000000000004,0.07387099999999958,0.5432415282480507,,1.263871,2.8355635214011694,20.413610783684224,19.01951724504107
2015-07-16,1.9892106294605583e-05,0.0007616001201325773,,0.011022849003695956,,209500000.0,-0.09999999999999964,-0.17822199999999988,3.808799380757103,,-0.07822200000000024,3.2538567937634464,20.553663052560232,19.160234297326465
2015-07-17,4.965702799708538e-05,0.0005530657876628098,,0.011525895661089223,,182600000.0,-0.6600000000000001,0.24430700000000005,4.3373517740572645,,0.9043070000000002,3.495294705041271,20.521761460735682,19.022808526125143
2015-07-20,9.22334809745351e-05,0.0002707048556420233,,0.009846396616128603,,105000000.0,-0.5300000000000002,0.04595799999999972,1.863452688198401,,0.575958,3.677059877308594,20.412383371324193,18.469470908121796
2015-07-21,7.612645799959239e-06,0.0002722273848020151,,0.00983335084388273,,101500000.0,-2.01,-0.6005909999999997,2.956511962091964,,1.4094090000000001,2.783157673589016,20.325620077890378,18.435569356446116
2015-07-22,0.00021947880919093166,4.088142166160935e-05,,0.0017967141194982217,,59900000.0,-2.42,-1.5444840000000002,2.947786170411897,,0.8755159999999997,2.428336298299606,20.328592289916447,17.908187063085677
2015-07-23,0.00024318073378815086,-1.1733146354941937e-05,,0.002722492806926972,,99000000.0,-2.89,-1.776795,3.43805542303854,,1.1132050000000002,2.615934912194404,20.35783841586978,18.410630408098864
2015-07-24,3.809766289908367e-05,-1.4045019374542278e-05,,0.002707265763852292,,86300000.0,-2.87,-1.8671470000000001,2.910348801177766,,1.002853,2.5847519847577165,20.421349604466805,18.273340156053656
2015-07-27,0.0010929098800280812,0.000222983652825981,,0.008151295699415211,,62700000.0,-2.44,-1.695938,3.8327540243359706,,0.744062,2.7073833121145063,20.48399290370232,17.95387200560315
2015-07-28,6.234593975396052e-05,0.00020899193571519704,,0.008281831794599917,,125100000.0,-3.12,-2.138542,3.465589513840273,,0.9814579999999999,2.6720775406433925,20.598835758568235,18.64462397543714
2015-07-29,0.0010749172992623457,0.0003800796337294798,,0.010324753201390126,,57700000.0,-3.16,-2.0,3.882589812918937,5.448743664977328,1.1600000000000001,2.6397713603489157,20.387793100658282,17.870767731478328
2015-07-30,1.8468316067554724e-06,0.0004290851468084611,0.0003190486516776606,0.009507063541648774,0.008559772271179211,121200000.0,-2.98,-2.086902,3.2538530923962665,9.893310216057616,0.8930980000000002,2.725890119230541,20.39337191568532,18.612952631599487
2015-07-31,9.243346276832654e-06,0.00041961694497327784,0.0003186084923311448,0.009634803563689722,0.008564172076298553,83000000.0,-3.19,-2.095381,2.2932389727293736,5.641009157997688,1.0946189999999998,3.4483989831464497,20.428894776343835,18.234351165760874
2015-08-03,5.334613641938546e-05,0.00021170419625153868,0.0003211487845415917,0.007687981479882521,0.008541128758359537,45500000.0,-2.61,-2.076941,2.214631492221312,2.4815473551567773,0.5330589999999997,3.393837027255863,20.347844850186622,17.633222883921178
2015-08-04,0.0010130362626901146,0.0004267806367403537,0.00036793348573856594,0.00895861002391969,0.008794285697004453,103500000.0,-2.88,-2.065616,1.9611708841881716,2.203874233946176,0.814384,3.2748780149834857,20.322788270349285,18.455082170669698
2015-08-05,0.0,0.00021179717688788458,0.0003693886065744543,0.007120946235489788,0.008777460229852669,46500000.0,-2.91,-2.149022,1.4546716241564237,1.2353841371347372,0.7609780000000002,3.2924979647388146,20.507594300470902,17.654962870557586
2015-08-06,0.0,0.00021142781056653347,0.00033104284075062616,0.007124387889638166,0.00871666084275661,97900000.0,-3.06,-2.018897,1.4502211564082064,4.756909139355182,1.0411030000000001,3.3541057741283047,20.2675595124015,18.399457107500737
2015-08-07,5.328928087333651e-05,0.0002239343359965673,0.0003335804255541184,0.0070153610643243006,0.008693083407921916,65000000.0,-3.12,-1.9624890000000001,0.7420201689766635,3.733204674355753,1.157511,3.4544221428994533,20.4455340953478,17.98989782785991
2015-08-10,0.0010119571580746722,0.0004156565403276247,0.0003297532097316779,0.008655930087400565,0.008608744029596662,42900000.0,-3.29,-2.472481,1.6760793186052703,1.5877593340915142,0.8175189999999999,3.4487168976301317,20.359422403529067,17.574382383898246
2015-08-11,6.705871822898501e-05,0.00022646103143539876,0.0002701097592126106,0.006987357701825693,0.00785455205331039,38500000.0,-3.47,-2.369693,2.556847720320975,6.130766569071067,1.1003070000000004,3.549042508926137,20.45211306644584,17.466168799258014
2015-08-12,0.00046012886285495824,0.0003184868040063904,0.0002920206574437991,0.006809142768128295,0.007816816572957637,111500000.0,-2.98,-1.932121,3.748766443081714,,1.047879,3.750679855019383,20.46060152746992,18.529535148864447
2015-08-13,0.0005369253152833764,0.0004258718670630657,0.0002520547855576284,0.006272776369323469,0.0068282405646427945,62500000.0,-2.61,-1.999308,7.103010754108267,6.814865727200212,0.6106919999999998,3.7999735016195233,20.387373432190206,17.95067711470663
2015-08-14,0.0002067794114157806,0.0004565698931715545,0.00026095418103958917,0.0057731665143579865,0.006778687741590841,90000000.0,-2.15,-1.6511339999999999,2.3378761114153384,14.118758308960382,0.49886600000000003,3.681351187693145,20.45617039810302,18.31532022829454
2015-08-17,0.0013872698102890269,0.0005316324236144254,0.0003246500278153959,0.008166559990282502,0.0077652258105196355,73800000.0,-1.9700000000000002,-1.457185,1.295212345993733,1.3147040084948238,0.5128150000000002,3.4830845411343394,20.44302269359163,18.1168692895707
2015-08-18,6.209646996602203e-06,0.0005194626093679488,0.0003293377958140215,0.00839292513264095,0.007705896035066569,136800000.0,-2.04,-1.620746,0.36715210423978384,1.3847040084948237,0.419254,3.410817625039146,20.496741577472722,18.734030563152725
2015-08-19,0.04000671293903402,0.008428779424603761,0.0022340568573965955,0.2803515246979423,0.13760169137062403,142600000.0,12.879999999999999,9.701399,-9.914148681543043,,-3.1786009999999987,3.6821065698265074,20.580895495654683,18.77555406594447
2015-08-20,0.25273519840502434,0.05886843404255195,0.014258614933388663,1.7416824346716955,0.8782282909476641,243900000.0,30.33,11.404890000000002,6.315730018113172,,-18.925109999999997,3.8390221125436557,20.429028995523957,19.312268863186148
2015-08-21,0.05333206021477732,0.04816066611731333,0.01173057305334156,1.8904099887238053,0.9080237658743973,65000000.0,0.3899999999999997,-0.5,2.015626315779305,,-0.8899999999999997,3.8832119235740263,20.493475242910407,17.98989782785991
2015-08-24,0.06384228773201883,0.03511475460885176,0.00868864993929785,2.0426756089927744,0.9446152565314859,247200000.0,19.66,22.936131,26.304391306867867,,3.2761309999999995,4.456786180221833,20.57464981261763,19.32570828354781
2015-08-25,0.07092122630834563,0.04929775794112157,0.012013807864455828,2.0278750194221953,0.968216858517441,199300000.0,6.050000000000001,6.920966999999999,13.967766302566144,,0.8709669999999985,4.578107266438402,20.752824639187956,19.11032178518302
2015-08-26,0.008264509849893464,0.042949317323293455,0.012410324806819991,2.0494433859307155,0.9673375328119475,106600000.0,8.15,6.551598,1.015932087172235,,-1.598402,4.475175389371905,20.686290600821515,18.48459406969602
2015-08-27,0.008264509849893464,-0.009250624327690105,0.011965590180669713,0.8570286711228005,0.9692556059876536,88800000.0,8.39,7.9634540000000005,-0.061464371155119935,,-0.4265460000000001,4.5306621338130295,20.695174956779887,18.301897207962398
2015-08-28,0.0038251685134280677,0.0006507540125797462,0.011783351354715674,0.7635777225784481,0.9699412225059343,143250000.0,8.4,7.3928080000000005,-0.16046562980889156,,-1.0071919999999999,4.4179968784631125,20.637163137893,18.780101913559122
2015-09-01,0.002418348126257186,0.012935541933732076,0.011668632079478516,0.5235137171605496,0.9703460941191103,46350000.0,8.16,7.819825,0.28567567493126766,,-0.34017500000000034,3.5703774100329357,20.654344391479988,17.651731849976137
2015-09-02,0.005652335983128864,-0.00011823613131127786,0.011935250643607538,0.10910868424849818,0.9696952475621906,51800000.0,0.5,0.8570360000000008,1.0903998436212596,,0.3570360000000008,3.4388142452334622,20.812923708876948,17.76290070722971
2015-09-03,0.003150249606890476,-0.002401188022668066,0.011736998935532272,0.08009428628387491,0.9703931010242988,46800000.0,-1.6199999999999992,-0.19634199999999957,4.058922547555481,,1.4236579999999996,3.5751506887855933,20.77338844634962,17.661393760887876
2015-09-04,0.003326406393617809,-8.30047739658113e-05,0.011895399239990263,0.06799397841758026,0.969954478909353,80100000.0,-5.23,-1.9912620000000008,,19.516047514960498,3.2387379999999997,4.022311359322269,,18.198786412038586
2015-09-07,0.006619800756712202,0.0020059890800622425,0.012210627847452749,0.07208851686575117,0.9692023390108911,27300000.0,-5.08,-3.9007869999999993,,,1.1792130000000007,3.26918863874179,,17.12239726015519
2015-09-08,0.009235571033081591,0.004336772911929998,0.012647879359462665,0.07446544164969446,0.9682725940554177,82650000.0,-4.7,-2.6776289999999996,5.582428510848309,,2.0223710000000006,4.871679693207072,20.702654883042285,18.230125382231307
2015-09-09,0.023703369909218175,0.00794697969714786,0.013728422823802832,0.15798603007177878,0.9680273363973463,79700000.0,-1.7799999999999994,-3.8690890000000007,-1.6456051064980635,,-2.0890890000000013,4.572543683160998,20.405674234088487,18.193780143760442
2015-09-10,0.01585596893246688,0.011748223405019331,0.014480275691147494,0.12880386392234053,0.9667640918805652,139650000.0,-0.6799999999999997,-1.100498,-1.4387624513459762,,-0.42049800000000026,4.4272389774954295,20.340980001785653,18.75464985035546
2015-09-11,0.047452038147945075,0.020573349755884783,0.016717985657104167,0.2605742989701027,0.9718688596807693,74900000.0,-2.0700000000000003,-0.2584219999999995,-0.44309683993425253,,1.8115780000000008,4.768818477516425,20.423241241296243,18.13166444848745
2015-09-14,0.040372455290387244,0.027323880662619794,0.018614915655918635,0.2568552358481501,0.9733077980362755,114250000.0,0.10999999999999943,1.586449,-1.4073846757779993,,1.4764490000000006,4.89470054929749,20.313190116280563,18.553899587738588
2015-09-15,0.0035906681307285027,0.026194900082149176,0.018776053213981146,0.28363013818228305,0.9725717160297999,51000000.0,3.7300000000000004,1.9741750000000007,13.61168213501649,,-1.7558249999999997,4.1538705415361274,20.25916475335329,17.7473361906886
2015-09-16,0.01843555629444804,0.02514133735919515,0.019587876379893482,0.2889608757787107,0.9705220027730218,289450000.0,1.7100000000000009,2.9743180000000002,24.312596127566493,,1.2643179999999994,5.08475279001415,20.33613168552297,19.483493128489286
2015-09-17,0.04953879403441519,0.012062384765818734,0.017228590490302443,0.6128146145434329,0.9979067216194925,150550000.0,2.880000000000001,3.9161040000000007,19.480612529620593,,1.036104,4.840005125891885,20.253742092537525,18.829805812892015
2015-09-18,0.03289374851375548,0.009150726838980817,0.016889877898622514,0.566839398196421,0.9961636677007975,98000000.0,3.66,5.001044,14.488854839113728,,1.3410440000000001,4.921949789263568,20.254541389199055,18.400478036634848
2015-09-21,0.03264418029901073,-0.005452600278898778,0.0033003836746208427,0.5502436069113416,0.5230132658017088,106800000.0,4.219999999999999,5.388304999999999,5.502606499468143,,1.1683050000000001,4.961164898621959,20.40581160616096,18.48646848449037
2015-09-22,0.03952003980244623,-0.014074741865533725,0.003958098932350895,0.5893348136059124,0.5060834769381457,106200000.0,4.890000000000001,6.695228,16.68112037240941,,1.8052279999999996,4.9927428412546675,20.494984107776077,18.48083466677211
2015-09-23,0.0374576579994752,-0.010270321524528291,0.008781905871945848,0.6659372832997092,0.4540733545942077,88000000.0,4.870000000000001,7.266721,16.73901371332617,,2.3967209999999994,4.960183750600158,20.50585581747996,18.29284737244248
2015-09-25,0.0006316179751122419,-0.00023623912262280556,0.005434781665601402,0.5675370114801606,0.39421174226524514,94150000.0,4.890000000000001,5.204495999999999,4.8919609138262565,,0.31449599999999833,4.636668853047462,20.35798251847108,18.360399813067435
2015-09-28,0.0013962367611748405,-0.006535741473138934,0.005107721042329086,0.490527496666876,0.39430851515641063,17950000.0,4.940000000000001,5.063286999999999,3.0415262558757092,,0.1232869999999977,4.690430029938915,20.31258716178536,16.70310067289856
2015-09-29,0.0030731444354277215,0.0006077234737487558,0.005647609341630095,0.43291559008720076,0.3914091832890628,30300000.0,4.960000000000001,5.314596000000002,5.538181183465969,,0.3545960000000008,4.628886712605407,20.360572820682115,17.226658270479597
2015-09-30,0.0007880123565309205,0.008354128962931816,0.005792235825291864,0.25921331066513686,0.39062364095445556,86600000.0,4.949999999999999,5.021225999999999,19.062320594861784,,0.07122599999999935,4.745366816481375,20.41183737076463,18.276810373532662
2015-10-01,0.0013101095909480165,0.00112461928122638,0.005969781430873064,0.022176271385520818,0.3898489485627235,52300000.0,4.960000000000001,5.17615,12.791596993150566,,0.21614999999999895,4.7318028369214575,20.447907514183463,17.772506929035153
2015-10-02,0.0007685241192252334,0.0008445908623588849,0.005664026187903822,0.026030084959000117,0.39054871207536124,60150000.0,0.5300000000000011,0.9713439999999984,8.999496359850347,,0.4413439999999973,4.679070993827626,20.464106431427833,17.912352000384963
2015-10-05,0.0018083797507033594,0.0009270194602645887,0.00590015139540829,0.026735245288354095,0.3895150100465976,51700000.0,0.7300000000000004,1.0497240000000012,9.769819691852,,0.3197240000000008,4.726236713967535,20.3212946180925,17.76096833947866
2015-10-06,0.004439014623164539,0.0012001934978119523,0.0059531327396724195,0.03432414591986369,0.38944144085568616,61400000.0,0.8200000000000003,1.2542089999999995,7.34868329460765,,0.4342089999999992,4.485485343042112,20.364445736661292,17.93292039311737
2015-10-07,0.0038672201264544626,0.0021312399944090287,0.005822057471564908,0.0332291185930749,0.38949879692883355,55550000.0,0.8099999999999987,1.0016260000000017,7.392175910600304,,0.19162600000000296,4.799502655448181,20.309415672303807,17.832794074049914
2015-10-08,0.0004752810758059667,0.001774161861058232,0.005359635942570263,0.03807297230880261,0.389878939972287,63850000.0,0.9200000000000017,1.1805929999999982,8.145044109086022,,0.2605929999999965,4.8304714078561,20.295555119890928,17.97204714044282
2015-10-09,,,,,,,0.9600000000000009,1.0374990000000004,,29.79883059891285,0.07749899999999954,4.800572482320576,,
2015-10-12,,,,,,64200000.0,0.9800000000000004,1.4137389999999996,,,0.4337389999999992,4.874662829239662,,17.977513768660188
2015-10-13,0.0031770296119955077,,,,,69750000.0,0.5799999999999983,1.1388190000000016,9.116042921149106,,0.5588190000000033,5.3500080819533915,20.229788851515032,18.06042797866575
2015-10-14,0.0019994135496084198,,,,,89050000.0,0.370000000000001,1.1281500000000015,8.97655488768882,,0.7581500000000005,5.396849622612283,20.359422403529067,18.304708567699944
2015-10-15,0.000568678997698413,,,,,117750000.0,0.3299999999999983,1.1761219999999994,8.217123899856219,,0.8461220000000012,5.259108653322756,20.452506431690537,18.5840742908608
2015-10-16,0.0003107687305430318,,,,,53200000.0,0.1999999999999993,1.2431470000000004,5.715918088220199,,1.0431470000000012,5.4167668467475805,20.402922822255068,17.78956895431187
2015-10-19,0.0018094305096445495,0.0014487567876807716,,0.021431617914247504,,35950000.0,0.1700000000000017,1.0453769999999984,8.41003987278523,,0.8753769999999967,5.420269477298783,20.350606680563423,17.39763964213133
2015-10-20,0.001442481317556421,0.0011018471287929544,,0.01527191020063826,,333400000.0,0.379999999999999,1.0372179999999993,8.460379946529876,,0.6572180000000003,4.788074906042627,20.413747069885456,19.62485352828097
2015-10-21,0.0010186640436788963,0.0009056972276070496,,0.013068787353453857,,331350000.0,0.46999999999999886,0.9884510000000013,7.171604698149704,,0.5184510000000024,5.2711516984752675,20.538741856597255,19.61868577649851
2015-10-22,0.0011411640097511722,0.0010201942300176014,,0.012767187607881425,,30550000.0,0.39000000000000057,0.9771649999999994,6.414305272535678,,0.5871649999999988,5.239840436789061,20.61734961135486,17.23487524358188
2015-10-23,0.003241493924170946,0.00043404919129201857,,0.032975457073787726,,32000000.0,0.5399999999999991,0.9823860000000018,5.660791047548379,,0.4423860000000026,5.103579039738994,20.652843372649865,17.281246460764002
2015-10-26,0.006297583442173682,0.0013316797777978451,,0.05366937811334356,,80100000.0,0.8900000000000006,1.0094180000000001,23.237899260961356,,0.11941799999999958,5.055481181888091,20.644330848858267,18.198786412038586
2015-10-27,0.000916859458005348,0.0012265554058876304,,0.053730702319420086,,330750000.0,0.8299999999999983,1.1938609999999983,17.236315710151047,,0.363861,5.489474772004391,20.630272970097245,19.61687336095934
2015-10-28,1.7746139874041944e-05,0.001019273369177043,,0.054481862898833305,,306600000.0,0.46999999999999886,1.465948000000001,7.466099258370448,,0.995948000000002,5.139145769652782,20.609200880658438,19.54105452440199
2015-10-29,0.0005514675975115679,0.0006807470477244948,,0.05555784070423048,,345600000.0,0.28000000000000114,1.0807810000000018,6.631594626515238,,0.8007810000000006,5.393491173417632,20.55117180030789,19.660792594894176
2015-10-30,0.0033693917672232843,0.002002924186003341,,0.04496921549425001,,122200000.0,0.0799999999999983,0.9042880000000011,5.96048332947321,,0.8242880000000028,5.540478923698008,20.465142566736176,18.62116960470177
2015-11-02,0.004490065272864996,0.0016414205521416037,,0.03476774774642555,,66000000.0,0.05999999999999872,0.556515000000001,4.681723785965932,,0.49651500000000226,5.402001477824919,20.49246806669534,18.0051652999907
2015-11-03,0.0056985059630054735,0.002597749853141629,,0.04387037876135435,,62500000.0,0.10999999999999943,0.8420720000000017,6.678966000649197,,0.7320720000000023,5.389802056670215,20.516856484623368,17.95067711470663
2015-11-04,0.014019144135963835,0.005405127908309204,,0.08502497318305355,,104300000.0,0.0799999999999983,0.9461580000000005,6.5090395016628335,,0.8661580000000022,4.819071155935369,20.567780934106015,18.462781919971
2015-11-05,0.04351492782217292,0.014218406992246102,,0.2683750135609699,,185300000.0,0.5899999999999999,1.066782,6.525981255864988,,0.47678200000000004,5.450351522403535,20.52749423242805,19.037486691255587
2015-11-06,0.02658799388487587,0.01886212741577662,,0.25972426448026537,,168500000.0,34.35,25.917566,-6.374956046357774,,-8.432434,4.276527220481212,20.465272008196454,18.94244630775669
2015-11-09,0.0024593912328017,0.01747223611464328,,0.2871852876453353,,175150000.0,21.67,25.471069999999997,114.57072572785846,,3.8010699999999957,4.415944852877343,20.39919636704224,18.98115330760777
2015-11-10,0.0010611676541323334,0.01612030139121572,0.005162347547961198,0.30790621022262055,0.17324460710782233,151600000.0,6.34,11.442032999999999,,114.45093631007305,5.102032999999999,4.065945087700403,,18.836756031172545
2015-11-11,0.00029349899931840895,0.013375172363886634,0.005025036566405146,0.3285347248691919,0.1739475034272981,45000000.0,-3.9000000000000004,2.4173930000000006,,,6.317393000000001,4.006605647914094,,17.622173047734595
2015-11-12,0.0004239706545368094,0.0045873926685446875,0.004909637318588707,0.19589765587530034,0.17467964983268972,115950000.0,-5.779999999999999,0.4798730000000013,7.245365905891012,,6.259873000000001,3.643882088183201,20.35104206261805,18.568669621665816
2015-11-13,0.004329081543237301,0.00013561020021697346,0.005088704106471511,0.04054186705595447,0.1739865198088122,64450000.0,7.440000000000001,0.04062800000000166,-8.177263426633266,,-7.399372,3.871825815676733,20.404437035497793,17.98140028734947
2015-11-16,0.0008123081368793805,0.00046502681940143733,0.005064821277598351,0.03523954052544759,0.17419118920371912,89700000.0,40.59,3.8477780000000017,-30.703632355173607,,-36.742222,3.609565647394211,20.290018347825796,18.311981327029024
2015-11-17,0.0004224825788776698,0.000761756866003438,0.004998776138038024,0.03267200510031275,0.17458359985889838,51500000.0,9.68,8.352713999999999,30.70504390248724,,-1.3272860000000009,4.00277736869661,20.3831670322695,17.757092365633966
2015-11-18,0.0009406987307603032,0.0005149173199876956,0.004885291373832466,0.0348862392506219,0.17538861204516473,32400000.0,-1.6999999999999993,3.0830009999999994,9.094725014942018,,4.783000999999999,4.0547371076273215,20.24748555492322,17.293668980762558
2015-11-19,0.00026222093247518785,0.0005472672644000198,0.004824296851158462,0.03462994844618309,0.17580006084571068,76850000.0,-1.6899999999999995,-1.3086590000000005,1.7003388779812791,,0.38134099999999904,3.8104331496665127,20.33465784590467,18.15736602794888
2015-11-20,0.0003253619680565478,-0.0003836214378587499,0.004754462280786666,0.008556210015180239,0.17625999349389507,41450000.0,-2.9499999999999993,-0.10984200000000044,0.5727833098069297,,2.840157999999999,4.276943858220729,20.509453613061087,17.539998439545577
2015-11-23,0.0002929163093963183,-0.0002797430723621375,0.0048948707386330765,0.007664876262803593,0.17486503895722208,54300000.0,5.609999999999999,4.580387999999999,3.5250662331271485,,-1.0296120000000002,3.85354607566917,20.48246735039348,17.810034784904165
2015-11-24,0.0001331706408187472,-0.000337605459973922,0.004601327271901889,0.006113136124755218,0.1755445236629426,54700000.0,13.32,6.238997000000001,0.11838306961960043,,-7.081002999999999,4.132442850820759,20.348281436091835,17.81737426739221
2015-11-25,0.0005889888423684653,-0.0002672634822955544,0.004529620209979326,0.004108352256188333,0.1760196200061141,77900000.0,10.940000000000001,7.401101000000001,,4.028946899796189,-3.5388990000000007,3.9322177127136655,,18.170936510840978
2015-11-26,0.0005209181299630217,-0.0001106356698079125,0.004555270889495377,0.006948870179264425,0.17585409020641501,28200000.0,-0.14000000000000057,3.6674010000000017,,,3.8074010000000023,4.131158535344817,,17.15483253590834
2015-11-27,9.765148193885409e-05,-6.509357258437376e-05,0.0045768811807131255,0.006688745526595457,0.17569499401376473,43150000.0,7.960000000000001,5.5440770000000015,2.322559931936908,,-2.4159229999999994,4.107589788972121,20.130868559486608,17.580192975493713
2015-11-30,0.0015415312129096748,0.00030179593187682483,0.004489840201936286,0.012715590653616667,0.1759671653836007,53650000.0,13.370000000000001,11.571591999999999,2.1029249518285162,,-1.798408000000002,3.9154172384961616,20.22749301580671,17.79799202704098
2015-12-02,0.0005653417455526721,0.0003882301528236098,0.0043029486053976045,0.012724672896995961,0.17649153659632547,41700000.0,9.469999999999999,8.671918000000002,5.35063544566971,,-0.7980819999999973,4.089499510558901,20.12633751412701,17.54601168676903
2015-12-03,0.0011307869854073616,0.00027987052421583056,0.003977744179282708,0.015602030793162672,0.17739436437411216,19900000.0,-0.3699999999999992,2.028167,12.570131721378262,,2.398166999999999,4.406719247264253,20.262340871633878,16.80623028969472
2015-12-04,0.0014970549871824446,-0.00012372409921326266,0.00323887755437098,0.019681797428471325,0.17444632364176882,41550000.0,-3.9399999999999995,-2.6913940000000007,3.8716357129849204,,1.2486059999999988,4.509870006133767,20.278696008957485,17.54240807926573
2015-12-07,0.00013028467219289297,-0.00013025073726407043,0.0011605341022583222,0.019680437427126937,0.09482818174200706,34750000.0,-3.9399999999999995,-3.1201310000000007,1.572749263576167,,0.8198689999999988,4.932817886382919,20.213273199484313,17.363690129975076
2015-12-08,0.004160713322595377,0.0003935856846730701,9.256836119734639e-05,0.03584390858641716,0.025639927756298177,63500000.0,-4.050000000000001,-3.5750469999999996,2.273744579542715,,0.47495300000000107,4.427477897577799,20.312436366339096,17.96655046386292
2015-12-09,0.00549931835911277,0.0013803810073850897,0.0004715545322408926,0.051171351192228196,0.03009449953456812,138700000.0,-3.8000000000000007,-1.2591699999999992,1.472429393264111,,2.5408300000000015,4.2691378525952635,20.300145793599526,18.74782388528506
2015-12-10,0.0020625208729603273,0.0020190425790586274,0.0006203016049595907,0.0460658369040123,0.030035260034599092,41500000.0,-1.9399999999999995,2.7609530000000007,5.160848242096128,,4.700953,4.866995843894645,20.3030423578627,17.541203985200926
2015-12-11,0.014002338683767768,0.00511892131324867,0.0012731034946952744,0.08580818197435368,0.055176137424954544,67100000.0,-2.5299999999999994,1.637549,13.001652784746375,,4.167548999999999,5.061201657666944,20.395455973403852,18.02169460194191
2015-12-14,0.0554196897309982,0.01622891619388689,0.003932325417815989,0.35517122102136633,0.19513675724152973,345450000.0,22.21,8.313185,-5.553969789091077,,-13.896815,4.237000862623624,20.28320928406863,19.660358472899077
2015-12-15,0.00361065534431404,0.014674642460505006,0.003554242708884973,0.37550972772910246,0.1968640230715204,187900000.0,107.84,12.857142,-61.368762893292065,,-94.98285800000001,4.445939960417534,20.24135155667484,19.051420464383693
2015-12-18,0.036259984161080894,0.02082677562089863,0.005319589961168795,0.39132447815804844,0.22620427717563016,104750000.0,212.82,99.031627,-66.91063553703995,,-113.78837299999999,4.101485670373467,20.313792707440708,18.46708711676652
2015-12-21,0.007263288093262155,0.018961613827654135,0.004953600881543089,0.4237536370183931,0.22983843581684452,81100000.0,301.95,166.751359,15.493234783626178,,-135.19864099999998,4.119687369893896,20.142196559791817,18.21119351908564
2015-12-22,0.014780220195353522,0.013205102051829875,0.004294576049895794,0.4891887398318086,0.23912291157152224,95950000.0,145.1,65.581071,228.71697663136817,,-79.518929,3.7436043538031827,20.215601876518,18.379337780417984
2015-12-23,0.02099144658908525,-0.0020771252121868145,0.0033074700662476956,0.35656757314857235,0.2543944574708163,167150000.0,18.200000000000003,19.818266,5.862143156154701,,1.6182659999999984,4.09817056705563,20.11611284955333,18.93440217083038
2015-12-24,0.012244240847072874,-0.003803842312738581,0.002739904405342156,0.3640953343223478,0.2598314801150563,218100000.0,43.05,,,93.00932164463065,,4.592692664476979,,19.200464231171857
2015-12-25,0.00917437627604123,-0.009220963889746515,0.003190727861791563,0.18113829630270584,0.2605079577646469,99100000.0,54.05,50.53549099999999,,,-3.514509000000004,4.616011209165967,,18.411639999300217
2015-12-28,0.01360565205577835,-0.005047175859938413,0.0038322745958372585,0.24476233900943892,0.2626869400579119,136200000.0,54.36,64.0,9.513038668059934,,9.64,5.187218194029317,20.35524101181209,18.729634951679685
2015-12-29,0.018889533169323514,0.001686774812996994,0.004759823263060686,0.2752332076822548,0.26718376905915153,115200000.0,55.94,50.851072,7.137156867247327,,-5.088927999999996,4.784236450061373,20.290789179591396,18.562180306226065
2015-12-30,0.0025079307974378295,0.005383477971326478,0.004615592361755884,0.20039002311637275,0.26799402314389553,123800000.0,63.19,61.85172,0.6041415331332445,,-1.3382799999999975,4.811371016571989,20.200198926758066,18.63417791821477
2015-12-31,0.007358384931187345,0.009304003126978521,0.004970641714761893,0.12642692323694663,0.26758610730411503,124600000.0,59.92,59.602895000000004,3.695526222233255,,-0.31710499999999797,4.753848778359454,20.375125795457517,18.640619164317627
2016-01-05,0.007159063376374064,0.00890094054704509,0.005238143246355435,0.1273631889108542,0.26738656238178293,42700000.0,63.040000000000006,61.228347,0.7504473873986655,,-1.8116530000000068,4.87336358185601,20.20474400654595,17.569709478198853
2016-01-06,0.00595110254783382,0.007370030645456183,0.0054946080464640615,0.12098287815472021,0.2668509933992212,39500000.0,56.510000000000005,55.318653,5.831260357706242,,-1.1913470000000075,4.67609452432479,20.272280213536437,17.49181122987135
2016-01-08,0.018354401119814234,0.007263004235554327,0.006422474146712709,0.1177903575819522,0.2692810376144647,67100000.0,53.900000000000006,49.866224,0.7699618953990921,,-4.033776000000003,4.840242308167575,20.411291071925586,18.02169460194191
2016-01-11,0.017465232676848075,0.011257636930411508,0.007325440225952258,0.09690606472221848,0.2702642285657302,87200000.0,43.91,43.700092,0.13604213629955808,,-0.20990799999999865,4.842216642471293,20.42243097791633,18.283714888879206
2016-01-12,0.018536981195789615,0.013493356183331962,0.00821435764823714,0.10097876937793678,0.27150887545248464,79800000.0,43.94,44.625313,0.44727471758669424,,0.6853130000000007,4.9796948711896185,20.46345830126061,18.19503406242004
2016-01-13,0.002195390563436206,0.011622465395369907,0.007911686034616587,0.14856981440517386,0.2735893963898333,41500000.0,43.91,44.252524,0.16181513144423576,,0.3425240000000045,4.968910114048942,20.476341756966796,17.541203985200926
2016-01-14,0.004129393342011234,0.009606366217400897,0.007453175953610682,0.18546669529804094,0.2766749867722415,25350000.0,33.86,29.693976,0.8468338043618715,,-4.166024,5.070349697868335,20.486657034678633,17.048289288001467
2016-01-15,0.003731089797873288,0.0051892680338633925,0.007177289731190034,0.1861119629784088,0.278816910520135,44050000.0,33.93,33.929339,,50.01291695830049,-0.0006610000000009109,4.94021282979971,,17.60083591034646
2016-01-18,0.03896508670733301,0.00948923883996038,0.008365992018026474,0.30197700054138327,0.29918206645016643,54600000.0,23.840000000000003,23.330666,,,-0.5093340000000026,4.857250987196899,,17.815544440715133
2016-01-19,0.005312097484890366,0.006844262097780529,0.005979916196783243,0.2914247285847982,0.2454056265191439,87250000.0,23.880000000000003,23.676906000000002,0.4023062748793791,,-0.2030940000000001,5.031352535684977,20.51857596429045,18.28428811904681
2016-01-20,0.003981425299184771,0.006487055150630816,0.005962260484646542,0.29516678546675207,0.24559148956175003,76350000.0,23.5,22.642792999999998,0.6560306067441033,,-0.8572070000000025,5.0174122783752795,20.549507510812944,18.150838589628915
2016-01-21,0.03141619623337899,0.013596173065708862,0.005731603916660737,0.32133302927313856,0.23853402748636643,69050000.0,13.95,13.785091000000001,0.42726414919469846,,-0.16490899999999797,5.0363030408448335,20.555083843706175,18.050341437819576
2016-01-22,0.01873103670606291,0.010596183684070937,0.0051855206493845105,0.38385315724563435,0.24946332730342274,64300000.0,13.940000000000001,13.325396999999999,-0.23306975984018408,,-0.6146030000000025,5.316893752120972,20.547244392700936,17.97907018920785
2016-01-25,0.012685159527316081,0.00026613443714111894,0.0052852854431005795,0.3117288535899774,0.24744801711320363,57850000.0,13.96,13.742999999999999,0.3879679080520546,,-0.2170000000000023,5.368775830196598,20.56906515586911,17.87336401160396
2016-01-26,0.009792323847862328,0.0011621797097355114,0.006751179273431417,0.317860059909722,0.2285125946110855,56500000.0,13.98,13.761683999999999,0.7022006116030504,,-0.2183160000000015,5.296014717485361,20.486530332112736,17.84975119611667
2016-01-27,0.009792323847862328,0.0,0.006867937225774776,0.3263477611793666,0.2260894818060476,29400000.0,13.98,13.867536000000001,0.1740347510926341,,-0.11246399999999923,5.172640758460035,20.441433289283523,17.19650523230891
2016-01-28,0.015005640617870242,-0.009284367370249846,0.005716507849874229,0.17707657466055762,0.23817458945101536,81150000.0,8.649999999999999,8.421351999999999,0.6736602181280986,,-0.22864799999999974,5.194622130209272,20.463587960904228,18.211809851924873
2016-01-29,0.013864568970787694,-0.008311073823194803,0.004408402086704418,0.16357643734697888,0.2456038169409529,100500000.0,8.649999999999999,8.203441000000002,0.5110402251117137,,-0.44655899999999704,5.264088174997377,20.32234040888028,18.425668285463406
2016-02-01,0.014476023106360536,-0.008669246539003694,0.002819566073576606,0.1670505928998199,0.2480009072410089,56300000.0,7.41,8.610502,1.6663065769703884,,1.2005020000000002,5.038250461129229,20.20960285836026,17.84620509310992
2016-02-02,0.025907829693379902,-0.005446145369900179,0.004172697525520307,0.28014723194036445,0.2595746838022596,36600000.0,1.620000000000001,1.4725380000000001,1.7599843171941387,,-0.14746200000000087,4.815998211579652,20.1315916253171,17.415558798371595
2016-02-03,0.001352265250013751,-0.0032172275503249636,0.003886691826416803,0.2804269291360754,0.259479731260347,64350000.0,1.4600000000000009,1.4356210000000011,-1.9142912034830886,,-0.024378999999999706,4.49345619635809,20.087065936828218,17.97984749200641
2016-02-04,0.014976454189556954,-0.003211390264662306,0.0028326195613724687,0.2803496990314419,0.26717808015280375,49850000.0,1.1099999999999994,1.2965149999999994,0.36178936132862205,,0.186515,4.633660456387719,19.948908600960923,17.72452905437212
2016-02-05,0.0013708021337786036,-0.0001643160437490465,0.00261451001784603,0.2642804958465035,0.2669755230280452,25450000.0,1.6400000000000006,1.319813,-0.2981458434027253,,-0.32018700000000067,4.471295877431763,19.89292341720862,17.052226300960807
2016-02-08,0.018526729271583164,-0.0009744572767935722,0.0008582657134937729,0.27924127975480834,0.2701292613662905,43300000.0,-0.4800000000000004,1.3575109999999988,1.32496984943419,,1.8375109999999992,4.62996035479531,19.926312487660876,17.58366319297272
2016-02-09,0.004733407139247525,-0.0052093417876200475,0.0002519883069413658,0.16985733268786354,0.2637930967087011,36250000.0,-1.8399999999999999,-0.7932300000000012,0.5709760490949591,,1.0467699999999986,4.678978113132811,19.98929666186621,17.405949939264957
2016-02-10,0.0,-0.005479794837622798,-0.0006307250833343302,0.166810292850417,0.25528166793933815,21750000.0,-1.9900000000000002,-1.5849759999999993,-0.20913150195687535,,0.40502400000000094,4.990092392864926,19.883936146208384,16.89512431549897
2016-02-11,0.0,-0.0024845039997114073,-0.0005261826755516537,0.14563512188506172,0.2552253975537859,45700000.0,-2.0,-2.4045690000000004,0.006090508568846076,,-0.4045690000000004,4.7104306966455844,19.8353195780814,17.637608855864432
2016-02-12,0.02034714133086979,0.00131076383970683,0.0006393665945855379,0.22040147681327657,0.26477673794945894,70650000.0,-2.0,-1.5489049999999995,,13.310830648117605,0.45109500000000047,5.303702838824375,,18.07324866709481
2016-02-15,0.01067187580745177,0.002881734532533109,0.0003088529750818007,0.1790336025183598,0.267299910268314,27000000.0,-2.0,-1.5637950000000007,,,0.4362049999999993,5.4648482374356675,,17.111347423968603
2016-02-16,0.011065119812472268,-0.00027797085781084975,-0.0020735378115755935,0.20235260007472172,0.22967198568497824,42400000.0,-2.0,-1.8302680000000002,-1.6360529906837762,,0.16973199999999977,5.500196422557522,19.657604648417987,17.562658920202185
2016-02-17,0.008941104549311518,-0.0020661917676731536,-0.0027522617179661594,0.21133519216197996,0.22920359647270228,36000000.0,-1.9900000000000002,-4.494717,-0.8221240997077359,,-2.5047169999999994,5.443239883267646,19.639739185696342,17.399029496420383
2016-02-18,0.019269510937925283,-0.00592009395525821,-0.0034802657960014216,0.2415784842301797,0.23624678336424373,89100000.0,-2.0,-2.3074320000000004,-0.061929342759208694,,-0.30743200000000037,5.402362016834638,19.515285011222936,18.30526989244104
2016-02-19,0.010530907055939842,-0.007883340810244199,-0.004474803375879476,0.1752943750990375,0.20659272552361563,38050000.0,-2.0,-1.9598659999999999,-0.6087419195818917,,0.040134000000000114,5.413920249620124,19.306924554474225,17.454411642271968
2016-02-22,0.004824757479084951,-0.006713917144570836,-0.0038125996031662403,0.17434682801884305,0.20001310005820924,79400000.0,-2.0,-1.6484559999999995,0.3246810976296217,,0.3515440000000005,5.386557155397445,19.39410766719733,18.190008926217363
2016-02-23,0.008973283426180423,-0.006295549867312467,-0.0036358435983502566,0.17166975043145755,0.19834475954279987,114000000.0,-2.0,-1.9918410000000009,0.4932575015730283,,0.00815899999999914,5.227626625925267,19.288621214885474,18.55170900635877
2016-02-24,0.0046967266589197365,-0.0035679836256662157,-0.003878491083537999,0.18519824037655855,0.19475093517846587,58400000.0,-2.0,-2.0,0.46987416729057685,,0.0,5.1737173983147065,19.294481424205568,17.882826447798454
2016-02-25,0.0014868190535652914,-1.1445248794217378e-05,-0.0034829908552381403,0.1226985786908748,0.19369549824105253,70900000.0,-2.0,-2.0,0.39027158842035625,,0.0,5.436382217503932,19.362639222575098,18.076780991502357
2016-02-26,0.0006583372928226083,-0.0022492941185467074,-0.0027997859349977766,0.08063435926275776,0.18926713877398485,70350000.0,-2.0,-1.6867780000000003,0.48557017706711214,,0.31322199999999967,5.325592008682918,19.444569486424538,18.06899334152467
2016-02-29,0.001001645644309157,-0.0010840134938678858,-0.002091870953326498,0.07951170160486709,0.18528064549118986,58000000.0,-2.0,-1.7805890000000009,0.50024339512286,,0.21941099999999913,5.278573737511425,19.45350929207447,17.875953568510692
2016-03-01,0.00631278997437601,-0.0005519148035070031,-0.0017031455660891396,0.06351531332930795,0.18050205295847596,75000000.0,-2.0,-2.0,0.3033718702269752,,0.0,5.448072686632873,19.293646351088146,18.132998671500584
2016-03-02,0.002594035177046372,-0.0020100671707002247,-0.003060377226585629,0.043492833490558686,0.1499925555936693,71400000.0,-2.0,-2.0,0.40605799047939684,,0.0,5.537491734934774,19.264400782991686,18.083808427309812
2016-03-03,0.0026007817000568423,-0.002232859699998535,-0.0032486175575413717,0.043367336014715534,0.14914996629942606,46400000.0,-2.0,-1.9816310000000001,0.3409106296088673,,0.018368999999999858,5.59556603286903,19.219088435169805,17.652810017196483
2016-03-04,0.0005788712173231403,-0.0022169664848986415,-0.0025630183683873803,0.043552374935138555,0.14310176158025859,61900000.0,-2.0,-2.0,,22.285529672233245,0.0,5.558910833309085,,17.941030737654824
2016-03-05,0.0015936258352775567,-0.0027360207808159844,-0.0027041816050091022,0.03440603920300772,0.14244190981599056,31900000.0,-2.0,-2.0,,,0.0,5.628160536521302,,17.278116567755074
2016-03-09,0.00037704656971726536,-0.0015488720998842354,-0.0018399110001583452,0.016865421395848706,0.1304064381928451,122150000.0,-2.0,-2.0,-0.8014939800433805,,0.0,5.732531887942187,19.199087768463134,18.620760355668022
2016-03-10,0.0012191229631053346,-0.0012738896570960278,-0.0021233648145561005,0.014094496428607455,0.1282380913392312,136700000.0,-2.0,-2.663252,-2.4947262903865326,,-0.663252,5.776103136235827,19.332159918829298,18.733299301694178
2016-03-11,0.0014532773957292022,-0.0010443887962304998,-0.002192568500067015,0.008553971988778207,0.12803354690385504,70900000.0,-2.0,-2.5,-3.777314889771093,,-0.5,5.5826688989033615,19.224026716810386,18.076780991502357
2016-03-14,0.0016010483006683174,-0.0012488242128995352,-0.0022688088953369346,0.008116320479980977,0.12780800881526172,42900000.0,-2.0,-3.9999190000000002,-3.6722973749382017,,-1.9999190000000002,5.630064170161918,19.317584762026332,17.574382383898246
2016-03-15,0.003635045805633119,-0.00020308988471740008,-0.0030646229679672523,0.03487980726523814,0.10080588653934677,64050000.0,-2.0,-2.0054549999999995,-1.4984214465342074,,-0.0054549999999995435,5.500604935982869,19.312678783257475,17.975174586307016
2016-03-16,0.01240460158111123,0.002353239745448299,-0.001965743092321395,0.09576179062358023,0.11012850580956743,113800000.0,-2.0,-2.534573999999999,-1.3411714308121105,,-0.5345739999999992,5.533112770602694,19.36302901014581,18.549953079656504
2016-03-17,0.008059916977099846,0.0009850809426493966,-0.0018226381953988988,0.12086366179344471,0.10745955894333835,104600000.0,-2.0,-2.0232580000000002,-1.7740374652581803,,-0.023258000000000223,5.588184549905154,19.1083127438242,18.465654109595096
2016-03-18,0.0,0.0012757364217952372,-0.0013968713120983505,0.11944863044256766,0.10441730616679398,101100000.0,-2.0,-2.0208879999999994,-2.380236035913404,,-0.02088799999999935,5.450179715857283,19.22671008156898,18.4316206839907
2016-03-24,0.003750184692303371,0.002345983020389575,-0.00030069532970650973,0.1173521487203816,0.08303010187750501,81650000.0,-2.0,-2.016076,-2.4503616734562623,,-0.01607599999999998,5.572154032177765,19.280189461727534,18.217952377380747
2016-03-25,0.012312750613127754,-0.0008435762633625998,-0.0013884885520430619,0.15491803850623784,0.08319055271001273,68400000.0,-2.0,-2.0,-3.3266539429758115,,0.0,5.560296941647445,19.444928617331612,18.040883382592778
2016-03-28,0.008783543515252568,-0.00508120528263536,-0.0015770021728129485,0.10610044610921374,0.08632229682747387,124250000.0,-2.0,-2.2378789999999995,-2.312164213123994,,-0.2378789999999995,5.773463997857009,19.255761420400976,18.637806222941013
2016-03-29,0.011548991751750393,-0.0011594235368653117,-0.000599750973863862,0.1525680289509314,0.09316884451417028,33050000.0,-2.0,-2.0057089999999995,-2.395084709300532,,-0.00570899999999952,5.6334673007411755,19.34016636672304,17.313532124261968
2016-03-30,0.0005815644246496277,-0.0012757364217952372,-0.000851098168319546,0.15234529985889037,0.0911606155778988,46450000.0,-2.0,-2.0,-3.4646860089755585,,0.0,5.635682061952269,19.45528770264456,17.653887023224122
2016-03-31,0.0034843240826116784,-0.0013289085437335757,-0.0006143770665968331,0.1518034658830993,0.09234265786581178,57450000.0,-2.0199999999999996,-2.011952000000001,-4.261245943154128,,0.008047999999998723,5.81910322210828,19.561713748504427,17.86642556225904
2016-04-01,0.009464941427300921,-0.0007593467065682092,-0.0010337391682386575,0.1396845425950074,0.09730158125185899,66050000.0,-2.0,-2.0000160000000005,-5.614972780595506,,-1.600000000046009e-05,5.68293329992024,19.66771303773875,18.00592258893261
2016-04-04,0.007433894740418445,0.0024841409445659933,-0.0007274415922334534,0.1279477130976246,0.10145937427743029,28450000.0,-2.0,-3.162891,-4.901226621709778,,-1.1628910000000001,5.708570991387998,19.402759216364522,17.163658718536613
2016-04-05,0.00232085975947971,0.0006385145461118569,-0.00031631541443080007,0.10061061102672483,0.09986636367592222,36650000.0,-2.0,-2.0476469999999996,-2.8614800563993192,-2.4442112879884217,-0.04764699999999955,5.687517582190166,19.504855984822704,17.416923986296936
2016-04-06,0.0011584131037674084,0.0009865100517952642,-0.0001376274010587153,0.10003797024563263,0.09963370898319104,61200000.0,-2.0,-1.9999040000000008,-2.5970928540225984,,9.599999999920783e-05,5.632894952308452,19.414672983490373,17.929657747482555
2016-04-07,0.01340346406386761,-0.0023910475775005937,-0.0006520408469544661,0.13808164991547003,0.10953442332489445,63150000.0,-2.0,-1.6043540000000007,-1.9228747491595097,,0.3956459999999993,5.449707095598856,19.509915870807877,17.961023406760773
2016-04-08,0.003231969906025256,-0.0011444532732454605,-0.0007783788797498049,0.12437469587308433,0.10989706594573269,73400000.0,-2.0,-1.3516899999999996,-0.9689626842263959,,0.6483100000000004,5.375602429257579,19.682828112329375,18.111434493584746
2016-04-11,0.008274278885470387,-0.004286087998423227,-0.0010965052154732731,0.10453026791928158,0.1129167278728888,68850000.0,-1.9600000000000009,-0.42336600000000146,-0.05358735949224247,,1.5366339999999994,5.1922343677398795,19.47847103810022,18.04744078313894
2016-04-12,0.004729266261621845,-0.005696113202643538,-0.001303753772230634,0.08696330182840636,0.11357192403020595,152700000.0,-2.0,-1.3098519999999994,-0.44127506908327163,-1.335696695265332,0.6901480000000006,5.19844178112078,19.571252771551187,18.843985770188862
2016-04-13,0.004332438764939717,-0.006794283576384963,-0.001452006905651319,0.06587763351767707,0.11405373730805547,61150000.0,-2.0,-1.999905,-1.2713439730426437,-1.5742266428326523,9.499999999995623e-05,5.212432627390867,19.499090325302955,17.928840420097455
2016-04-14,0.004034251739829742,-0.0033067404156454927,-0.0011906959944342262,0.07172038345443568,0.11562627303275405,64450000.0,-2.0,-1.3532919999999997,-0.5425105246116857,12.27055377902633,0.6467080000000003,5.336527954311789,19.348900046691796,17.98140028734947
2016-04-15,0.005412611709951776,-0.0037428687764307967,-0.0013721990139239147,0.07323203811244347,0.11654692666720921,48000000.0,-2.0,-1.1441199999999991,-0.5954136975057356,12.086389846122351,0.8558800000000009,5.435946601536075,19.552405384070678,17.686711568872166
2016-04-18,0.0245829053258122,0.002828568065825721,-0.0003746818939153872,0.2025202100523318,0.1466021646364439,111400000.0,-2.0,-1.0762839999999994,-0.20608976785916866,-0.6498848081884656,0.9237160000000006,5.6686387725206195,19.607914224274005,18.528637885457456
2016-04-19,0.0111798751984713,0.0015384462784558295,-0.0014977522167526505,0.22193338920800004,0.14342882839026477,71100000.0,-2.0,-1.0364050000000002,-0.6240146329643803,-0.9880699267658883,0.9635949999999998,5.648234528023389,19.200922631363245,18.07959789477347
2016-04-20,0.000887968091497271,0.0022273404131443186,-0.001156230841247766,0.21749577098508802,0.14143221190791558,26200000.0,-2.0,-1.1197289999999995,-0.11334114367319792,-0.9198813056379844,0.8802710000000005,5.595194534239302,18.97168815735119,17.081269968731327
2016-04-21,0.014015437411077691,-0.001382597417037168,-0.001823632622727656,0.24416163329029453,0.1481617101485646,79350000.0,-2.0,-4.400418,-0.11182163840366854,14.329899293241741,-2.400418,5.621740547652585,18.152801298796764,18.189379004936693
2016-04-22,0.007479466431292714,0.00119581821121173,-0.0016460477780138778,0.24788163854247847,0.15047457760988553,57700000.0,-2.0,-1.0735580000000002,-0.170731538607102,14.870157965906607,0.9264419999999998,5.863545944693319,18.611301103561015,17.870767731478328
2016-04-25,0.005379570654408639,-0.0047966769848324375,-0.0013158963514082057,0.13564398449904977,0.146136173573959,83050000.0,-1.9800000000000004,-1.0183009999999992,0.17523284147380913,,0.9616990000000012,5.772593107316444,19.006242713832375,18.234953394023577
2016-04-26,0.001499475464640021,-0.0028605970380661816,-0.0009690359680457035,0.12384062677648698,0.14360265586757334,74200000.0,-2.0,-1.9636890000000005,0.23814689258482424,-0.23374288282888855,0.03631099999999954,5.792464677261214,19.255327486786012,18.12227470813761
2016-04-27,0.006624534915625091,-0.004007910402891746,-0.0018344419998254885,0.1247767735885851,0.13730306086808172,83350000.0,-2.0,-1.1489879999999992,0.07494658009935229,,0.8510120000000008,5.8064894728484635,19.083368717027604,18.23855916716108
2016-04-28,0.0003020691761381755,-0.0011444090854485721,-0.0017923642093117835,0.08858415378798679,0.13743870909918918,57750000.0,-1.9900000000000002,-2.062423000000001,0.1964474884334848,23.082906457005755,-0.07242300000000057,5.721687878525035,18.51599092375669,17.871633907366178
2016-04-29,0.01139050966610089,-0.004918404304927293,-0.002500689625917144,0.07272626529643136,0.13988060054240145,114400000.0,-2.0,-2.010318,-0.31709268847099636,21.714725515896,-0.010317999999999827,5.437165848366845,18.481775843312175,18.55521163690997
2016-05-03,0.002288505079955705,-0.003384789158054424,-0.0019410016970001617,0.08835739992390046,0.13842537573805724,67550000.0,-2.0,-2.016228,-0.34480616130626807,-0.032350171622976376,-0.01622799999999991,5.631856735084612,18.085208007664235,18.028378622370482
2016-05-04,0.014824050013388046,-0.00012008406244881086,-0.0015890895411444664,0.15847439239886854,0.1468429851382318,32600000.0,-2.0,-2.0,-0.8730164034265169,-0.7297524886469606,0.0,5.6798312538336875,17.853284768697982,17.299822846336937
2016-05-05,0.0030075210639557426,0.0006033187078850588,-0.0018428219613080593,0.15102696060312096,0.14621406491536834,72900000.0,-2.0,-3.8702760000000005,-1.3445398564198072,25.21020663371643,-1.8702760000000005,5.694338015828201,18.26752956445819,18.104599196978885
2016-05-06,0.008099639300792383,0.0021628327328159004,-0.0015122873804973463,0.1599299623380511,0.14993896414613,59100000.0,-1.0,-1.2482019999999991,-0.8045259710691379,27.48347540002991,-0.24820199999999915,5.699975236313247,18.304146927696415,17.894741482376325
2016-05-11,0.00509211823683664,0.00342251101866875,-0.0011165090077815858,0.1296959955861958,0.1442916360143786,50550000.0,-1.0,-0.9503330000000005,-0.8917628945342564,-0.5787234042553209,0.04966699999999946,5.743419767694698,18.68227548164083,17.738473503430754
2016-05-12,0.009049835519918226,0.001154842898693964,-0.0013935502274907748,0.1578621195174984,0.14675283684208937,90550000.0,-1.4100000000000001,-1.0643209999999996,-0.04426770126091206,-0.34999999999999964,0.3456790000000005,5.773495087067501,18.451209948987188,18.321412742293695
2016-05-13,0.0036429912785012064,-0.0025385653596838864,-0.0011730127223970044,0.10150017630026524,0.14488182032020064,84700000.0,-1.0,-1.0143920000000008,-0.26762261014131283,-0.17999999999999972,-0.014392000000000849,5.775141433638012,18.605499180944907,18.254626159622283
2016-05-16,0.0018264845260338447,-0.002302358052099507,-0.0010347850207023377,0.10150271184359513,0.14433196201765136,68650000.0,-1.0,-1.0962969999999999,-0.1359088366890404,-0.1850000000000005,-0.09629699999999985,5.69390047480175,19.001778420703687,18.044531690178253
2016-05-17,0.00258653624613725,-0.0034049786630305336,-0.0007053100201748631,0.06788899610621144,0.14433020809675384,68100000.0,-1.0,-1.035005,-0.10934343434343674,-0.03857142857142826,-0.03500499999999995,5.568077292490826,18.8806340373446,18.03648777111974
2016-05-18,0.003185923957019554,-0.0017493702242592946,-0.0007457065812610626,0.07939069547848375,0.14400876084880923,35500000.0,-0.9900000000000002,-1.0028199999999998,-0.15866740699611093,-0.10615384615384826,-0.01281999999999961,5.479346421754899,19.009022810146185,17.385043254445645
2016-05-19,0.01771552110405672,0.0036037011005356943,0.0003556330765488658,0.1333728151198792,0.15632479691098525,57600000.0,-1.0,-1.0033569999999994,-0.3294871794871792,-0.09999999999999964,-0.0033569999999993883,5.625748858517101,18.960676745018137,17.86903312566612
2016-05-20,0.0002975747678561902,0.004391814309807174,-0.0008008112357347537,0.12236362720801496,0.12918170595203884,59250000.0,-1.0,-1.0019849999999995,-0.6769968525179859,,-0.0019849999999994594,5.637927531860177,19.2199881203407,17.897276337979516
2016-05-23,0.0008921933677328298,0.004935549888560509,-0.00022595082782027122,0.11495770840830778,0.12360927382944638,77450000.0,-1.0,-1.0087989999999998,-0.947557840616966,-1.0982658959537552,-0.00879899999999978,5.610753025341008,19.085942721022775,18.16514312482715
2016-05-24,0.0010101911308604272,0.004620280865505144,-0.0001355622934222856,0.11750349672661393,0.12365606333960749,51050000.0,-0.9900000000000002,-1.0281079999999996,-0.26718936516549263,-0.5099999999999998,-0.038107999999999365,5.538789899984021,19.03207542264005,17.74831610257495
2016-05-25,0.002199959266449447,0.003543104220811344,0.0004270795229885832,0.12744585859535476,0.11328439780610584,77750000.0,-0.9800000000000004,-0.9003599999999992,-0.019110922946655506,0.040000000000000924,0.07964000000000127,5.640025869964496,19.294898699404612,18.169009109023616
2016-05-26,0.008758481863620382,-0.0017516963727240765,-0.00034615611010251665,0.06550695557029344,0.11450587651346818,53000000.0,-1.0,-1.0078589999999998,-0.07000974658869374,,-0.007858999999999838,5.818092820833612,19.13949567126089,17.785802471516394
2016-05-27,0.008133286469702128,-0.00018455403235488886,0.0002973132767599008,0.09699940310578949,0.11657085826264525,57900000.0,-1.0,-1.0083420000000007,,-0.3518788343558281,-0.008342000000000738,5.763873620866492,,17.874227942543225
2016-05-30,0.0021121845154965513,5.944419719785543e-05,0.00046929708533783286,0.09823143531287652,0.11654081440459092,21600000.0,-1.0,-1.001804,,,-0.0018039999999999168,5.730781368822976,,16.888203872654394
2016-05-31,0.0008919281102670595,-0.00032097965102764194,0.0007422783617834534,0.09799950152175735,0.11380390073043511,62600000.0,-1.0,-0.9999110000000009,-0.1938336594911938,-0.05000000000000071,8.899999999911756e-05,5.824878534700086,19.358732967608034,17.952275836070328
2016-06-01,0.0028513741547664395,0.0006892870332155354,0.0008636738369562279,0.09845809633639004,0.11402208189531814,106550000.0,-1.0,-0.9925890000000006,-0.2710125142207058,-0.31883116883116713,0.00741099999999939,5.676000093643749,18.98485754321535,18.4841249165089
2016-06-02,0.0004151469383231188,0.0025240127936042357,0.0014258479609764187,0.054908753919620634,0.10501365005314028,39950000.0,-1.0,-0.9849209999999999,-0.09232130219391443,-0.16597222222222463,0.015079000000000065,5.385870263555899,18.766395847654756,17.503139230176558
2016-06-03,0.001037113953246127,0.0011047782903130354,0.0013662579073235818,0.023185030861003757,0.10497358960049234,49300000.0,-1.0,-0.9999979999999997,-0.19302596239928427,-0.17741935483870996,2.000000000279556e-06,5.668189838730813,18.53132726403943,17.71343463901292
2016-06-06,0.008715494584347283,-0.0010607575296557314,0.00024532721219332795,0.07121784226475579,0.09841575552649287,52100000.0,-1.0,-0.9999459999999996,-0.27400265957446734,-0.7771241830065367,5.400000000044258e-05,5.675383000134503,18.828808969480015,17.768675506723596
2016-06-07,0.003261766937643351,-0.0015347252951309898,0.00023322026582725134,0.07283283532850852,0.09852551757474211,75000000.0,-1.0,-0.9999190000000002,-0.8095936794582403,-0.3536585365853657,8.09999999997757e-05,5.675862994658067,18.705107523683473,18.132998671500584
2016-06-08,0.007612149945659397,-0.003627430115216157,-0.0005149601744799762,0.07099318028325105,0.09774965174172376,55300000.0,-1.0,-1.034186,-0.8317796610169488,-0.3625000000000007,-0.03418600000000005,5.668604246306589,18.58619518242994,17.828283466492564
2016-06-09,0.00030197795790343207,-0.0036500639113000942,-0.0002580984509209252,0.07059060026500234,0.09634298626457541,57900000.0,-1.0,-1.0,-2.0545895765472313,-1.439473684210526,0.0,5.702515005089236,18.849211124991527,17.874227942543225
2016-06-10,0.012750491497792282,-0.0013073884023908633,0.0007800123594462418,0.13717074390484016,0.10077262014926126,61850000.0,-1.0,-0.990831,-2.009536977299881,-2.602439024390245,0.009168999999999983,5.663272931317991,18.93589671601965,17.94022265680277
2016-06-13,0.0020889294376145173,1.7924626955689858e-05,0.0008540153042503699,0.1218341833602123,0.10005442027506734,36700000.0,-1.0700000000000003,-1.0980620000000005,-1.7920430699481855,-1.2698230088495581,-0.028062000000000253,5.693058511293225,18.85505719555495,17.4182873130248
2016-06-14,0.012616122809167685,0.003193502576317897,0.001541758510688538,0.1448736798539385,0.10741683318815402,59100000.0,-1.0,-1.0005070000000007,-0.6448015122873354,-0.6981366459627321,-0.0005070000000007013,5.491661286623727,18.884414760184505,17.894741482376325
2016-06-15,0.0036941305401416713,0.003977106457421442,0.0012426791399133513,0.1281703396963509,0.1088410651124776,50800000.0,-1.0,-1.0309150000000002,-0.44038798370672083,-0.3704427083333339,-0.030915000000000248,5.17150619968165,18.80798188143286,17.74340691254871
2016-06-16,0.0019226508917595808,0.004301241044192672,0.0011825232796628764,0.12573598055397253,0.1086446757562642,59100000.0,-1.0,-0.9999710000000004,-0.3658515283842796,-0.4388888888888882,2.899999999961267e-05,5.298317366548036,18.738406937752522,17.894741482376325
2016-06-17,0.0010337444618429004,0.0019578916370027954,0.00038815296336698016,0.1012662022557282,0.09051459139148302,56850000.0,-0.9900000000000002,-1.0001689999999996,-0.6484795713328886,-0.5005707196029778,-0.010168999999999428,5.267394133894527,18.82146826250942,17.855926778160818
2016-06-20,0.011729033578590453,2.9870808807608284e-05,-0.00018454267217809806,0.14090450882204145,0.09977983030824816,51500000.0,-1.0,-0.999943,-0.6729759107806697,-0.7916666666666661,5.699999999997374e-05,5.261238358306616,18.717074757006166,17.757092365633966
2016-06-21,0.007439403452284665,-0.0010054730625689956,0.00012722923661008458,0.11399617910801776,0.10318942002415897,129100000.0,-1.0,-0.9999950000000002,-0.9978991596638647,-0.7767567567567557,4.999999999810711e-06,5.325689313343887,18.594634051075804,18.67609785581687
2016-06-22,0.0005931198275899163,-0.0003852709200586446,5.088109573149678e-05,0.1114865764093992,0.10316602630108572,49750000.0,-1.0,-0.9999889999999994,-0.9081314996725602,-1.0039999999999996,1.100000000064938e-05,5.367190230834412,18.843985770188862,17.722521021568877
2016-06-23,0.00992748922735931,-0.0027552989438824225,-0.00031709652145468716,0.12673089318061856,0.10861915213250417,97900000.0,-1.0,-1.001963,-0.6062637362637364,-0.8734939759036138,-0.001962999999999937,4.9977526682652424,18.73183517258929,18.399457107500737
2016-06-24,0.012741680524031018,-0.00041371173144479914,0.0007067207351001414,0.16899388910319554,0.11301162276672881,77350000.0,-0.9900000000000002,-0.6828950000000003,-0.1589782465392222,-0.179875424688559,0.30710499999999996,5.0428443031182715,18.83741544431876,18.16385113498335
2016-06-27,0.0028062938437631857,0.0024933537530259287,0.00045305441957923945,0.13595503526957065,0.1100690933496927,37650000.0,-1.0,-1.0055700000000005,-0.7926171571349236,-0.6238095238095234,-0.005570000000000519,5.207407491188194,19.124273182373848,17.443843512210176
2016-06-28,0.0007371913345286529,0.001152911329474726,0.0003875785538188633,0.12872796154963656,0.10991089123957005,57000000.0,-1.0,-1.079511,-4.5107238605898115,-6.594771241830065,-0.07951100000000011,5.614222397943558,19.832399157412414,17.858561825798823
2016-06-29,0.0008846948380041297,0.0010945963273918835,0.0003879229953551933,0.12899348577004843,0.1099098331106627,46200000.0,-1.0,,-5.607522424017791,-4.88175655058043,,5.074110750380562,19.41319150173793,17.64849035605197
2016-06-30,0.0001475035034754768,0.003109594873558841,0.00025916725005562365,0.08810913163032247,0.10954473474098148,44200000.0,-0.8800000000000008,-0.9998780000000007,-4.570722898109928,,-0.11987799999999993,5.376573864513804,19.94738900878747,17.604235347047926
2016-07-01,0.0035461030067498456,-0.00014796183259733198,7.05363002902444e-05,0.03696456914043202,0.11033030628437597,51000000.0,-1.0,-1.0004000000000008,,-2.4955078745281796,-0.0004000000000008441,5.352331954854275,,17.7473361906886
2016-07-04,0.003261678206671448,-0.0013615562426842586,-0.00013416808827725917,0.03103873025398005,0.11085947374498485,39600000.0,-1.0,-0.9999059999999993,,,9.400000000070463e-05,5.351478914662269,,17.49433967622471
2016-07-05,0.00014227076646733394,-0.001537448662883456,0.00027408066495511935,0.027745593314982137,0.10638547915210862,71400000.0,-1.0,-1.0074159999999992,-0.10568171730515274,-0.8491379310344822,-0.007415999999999201,5.388386563636904,19.751726630841777,18.083808427309812
2016-07-07,0.00367034332715388,-0.0006264410298518541,0.0006041811537549876,0.046799295651314625,0.1061924935835532,48600000.0,-1.0,-1.045413,-0.005230204890944279,-0.008183486238532822,-0.045412999999999926,5.704115752446321,18.834775178758584,17.69913408887072
2016-07-08,0.0006213109861255006,-0.0005316795333218493,0.0009962507219352208,0.04740983903151357,0.10190963371788195,44250000.0,-1.0,-0.9999000000000002,-0.030341713483146293,-0.10178571428571637,9.999999999976694e-05,5.789042318607025,18.081003376382203,17.605365929418213
2016-07-11,0.00011831519180915961,0.00015387802966628782,0.0009762367624250973,0.03921665313953087,0.10195610090759366,47200000.0,-1.0,-1.0016599999999993,-0.0003945583596216551,-0.15249266862170074,-0.0016599999999993287,5.675657310930353,18.658121599967398,17.669904450555784
2016-07-12,0.0013006978302980698,0.0010663532370601913,0.00043100849254442054,0.024971407770064194,0.09257935824169576,36700000.0,-0.9399999999999995,-0.9999760000000002,0.36329687228496965,-0.015833333333333144,-0.059976000000000695,5.569488886872828,18.561311873692112,17.4182873130248
2016-07-13,0.0004430333085831961,0.0011834140520702973,0.0005515781471252641,0.023488365194568813,0.0921253591297322,39350000.0,-0.9499999999999993,-0.9529789999999991,-0.010496613995485404,-0.05000000000000071,-0.002978999999999843,5.6598305871270185,18.29964241557531,17.488006532827686
2016-07-14,0.0010329817195371405,0.0006559417305469495,0.0,0.008708844746479958,0.08108963895063537,53900000.0,-0.9800000000000004,-0.9957940000000001,0.07769151670951224,0.12862068965517182,-0.01579399999999964,5.703815807433991,18.243943565452312,17.802641035879226
2016-07-15,0.0002949417511430852,0.0005906678835504664,0.00018995582339451222,0.009090463742377793,0.07996956197753143,39800000.0,-0.9800000000000004,-0.9998930000000001,-0.007721763085399402,-0.019999999999999574,-0.019892999999999716,5.62708139972593,18.100475479795026,17.499377470254665
2016-07-18,2.9490260843978433e-05,0.0006084328697435026,9.699672088958082e-05,0.008665984274946283,0.07972216114148065,63350000.0,-0.9399999999999995,-0.9794330000000002,-0.2152126772310261,-0.020526315789474836,-0.03943300000000072,5.505168921085269,18.60216861999774,17.964185464731422
2016-07-19,0.0008555960928493533,0.000177174085114018,7.028123047092549e-06,0.011016157738196548,0.07971109342704866,25450000.0,-0.9100000000000001,-0.8510159999999996,0.04853995519044041,0.4978676470588237,0.05898400000000059,5.571811768288968,18.712603810661403,17.052226300960807
2016-07-20,0.006032535030894515,0.0012950744295762817,0.0008528171044511387,0.04339605756658104,0.06990405172789071,43450000.0,-0.9399999999999995,-0.9754290000000001,0.23861837191934399,0.21856071964017865,-0.0354290000000006,5.654662256024787,18.714841782501857,17.587121409675674
2016-07-21,0.0036605941747644977,0.0018205969206217532,0.0006728738055216068,0.046307920221238,0.06656361627771502,70200000.0,-0.9100000000000001,-0.767182,0.019830993239729366,,0.1428180000000001,5.4053764388414445,19.074567210559007,18.06685886899604
2016-07-22,0.0025107303061631114,0.0022637546316257584,0.0008206761928431796,0.044338771088286474,0.06668807529245682,79150000.0,-0.8200000000000003,-0.8662229999999997,0.47740548938373983,0.34836134453781575,-0.04622299999999946,5.700075612724874,19.094135291166573,18.186855344291295
2016-07-25,0.004770501804107319,0.0032237530446160177,0.0015205805276749238,0.04171554343630477,0.055305193327423625,71550000.0,-0.8599999999999994,-0.8966259999999995,0.4528105211885034,1.209999999999999,-0.03662600000000005,5.5964199563277015,19.139982881989162,18.085907063966733
2016-07-26,0.02804189463709683,0.009003251190605254,0.0022491621521066292,0.17021812150105636,0.10096678112907499,89750000.0,-0.8599999999999994,-0.6944680000000005,0.9732421720174393,0.9581375358166202,0.1655319999999989,5.731430066585013,19.346129413611287,18.312538585332664
2016-07-27,0.005659324668901178,0.006664879250646116,0.0018460374610273739,0.20059972743646384,0.10457263672321528,94900000.0,-0.9100000000000001,-0.695589,0.5278525226390673,0.6236363636363649,0.21441100000000013,5.68612753941748,19.551114644943432,18.368334263580156
2016-07-28,0.002833665823571252,0.006499493580407467,0.0019458695795532119,0.20146399203884205,0.10454471383436265,93800000.0,-0.9100000000000001,-0.5950140000000008,0.4899558490566047,0.4800000000000004,0.3149859999999993,5.60609614069894,19.395240383950497,18.356675413976454
2016-07-29,0.003969384287499267,0.005203470661674992,0.0017989796057677292,0.21438501377370398,0.10613110988781553,94350000.0,-0.9299999999999997,-0.7097999999999995,0.44103703703703623,0.4756403269754763,0.22020000000000017,5.441898095025561,19.41393251696265,18.362521829778835
2016-08-01,0.0009938241749347654,0.004448135135840481,0.0018392805901229334,0.21653137717814308,0.1060055946419778,81250000.0,-0.9399999999999995,-0.8602600000000002,0.5451763636363633,0.5060199999999995,0.07973999999999926,5.402452131280044,19.432281655630845,18.213041379174122
2016-08-02,0.0049543593448264645,-0.00016937192261359257,0.002244064511626567,0.07152498975963907,0.10464544187270158,107250000.0,-0.9600000000000009,-0.9953900000000004,0.6351343988376321,0.7600000000000016,-0.03538999999999959,5.64992449075352,19.433371970112837,18.4906731157724
2016-08-03,0.0003954467187083921,0.0008834036674249645,0.0023805517253390938,0.05358287493188329,0.10320647956800033,88400000.0,-0.8900000000000006,-0.8416920000000001,0.690623910770304,0.8081146025877999,0.04830800000000046,5.29224899114643,19.474644280951594,18.297382527607873
2016-08-04,0.004558912626118072,-0.0005951120225129003,0.002170235446308106,0.06171624311983912,0.10567140907003165,105350000.0,-0.9299999999999997,-0.8715489999999999,0.6979297900262456,0.6852920962199303,0.05845099999999981,5.070851989584804,19.536805457705107,18.472798698214472
2016-08-05,0.012997397852848813,-0.0024007147355828095,0.001376533485355597,0.10842086086945978,0.11777149025926505,90400000.0,-0.9199999999999999,-0.8504190000000005,0.4852117926126738,0.32922619047618973,0.06958099999999945,5.601602082227226,19.509579340432836,18.319754825362406
2016-08-08,0.002274003944762626,-0.0030542803595222877,0.0012386613457894956,0.10438199365820824,0.11843065733299873,35050000.0,-0.9700000000000006,-0.9252140000000004,0.07216110019646393,-0.010487804878048124,0.044786000000000215,5.667291366073786,19.35481139395485,17.372286171444873
2016-08-09,0.0019615202296954237,-0.004437456274426666,0.001150889677318721,0.07954537456078176,0.11886807536518962,45550000.0,-0.9900000000000002,-0.9450939999999992,-0.013516890328551412,-0.0012416851441230392,0.044906000000001,5.774955190776784,19.191251821477113,17.63432118167024
2016-08-10,0.001529162576715315,-0.004052534415341924,0.0011617689509576376,0.08656988358515116,0.118874337798059,59300000.0,-0.9700000000000006,-0.9439860000000007,-0.035059203444562925,-0.042195121951220216,0.02601399999999998,5.637357731274959,19.040181384344013,17.898119863967953
2016-08-11,0.0006916825453009423,-0.0030024153810581213,0.0011736093908013398,0.0924597348361689,0.11885851477662993,44700000.0,-0.9600000000000009,-0.9024450000000002,-0.04212308998302383,-0.03999999999999915,0.05755500000000069,5.5754186594556305,19.277646009741705,17.615484059583796
2016-08-12,0.006329409433982747,-0.0016688176972849077,0.0008230193358718214,0.04891054102185478,0.12167125850475717,101700000.0,-0.9900000000000002,-0.9256729999999997,-0.004140264026402107,0.08904912836767309,0.06432700000000047,5.575873342700809,19.530562624878705,18.43753786101879
2016-08-15,0.003368864452976794,-0.0018877897989277414,0.0006485523737708747,0.050360136986688744,0.12253053970342861,49950000.0,-0.9700000000000006,-0.8839500000000005,-0.007510040160642717,0.011666666666666714,0.08605000000000018,5.4537814691721085,19.33296345442898,17.726533063058838
2016-08-16,0.000581648991241579,-0.001379155954740341,0.000677654242917806,0.05327747963515753,0.12250621501307613,47750000.0,-0.9800000000000004,-0.8835470000000001,-0.09820304568527938,-0.020004545454545664,0.09645300000000034,5.3519055257179655,19.09871428670226,17.681489624891015
2016-08-17,0.005656321570809197,-0.0028162527842452434,0.00044904826777686103,0.052986735758066235,0.12437775641075147,55800000.0,-0.9900000000000002,-0.9721569999999993,-0.024826302729527683,-0.009999999999999787,0.01784300000000094,5.566013544911305,18.898156388036803,17.837284427351538
2016-08-18,0.0100205067021788,-0.0049586906337411914,-0.00031538229094091585,0.06209877963781015,0.12768517156100437,62150000.0,-0.9900000000000002,-0.9653729999999996,0.01127496159754493,-0.009999999999999787,0.02462700000000062,5.600678669968875,18.684582287738742,17.945061375920993
2016-08-19,0.0002953773467053722,-0.003751884216285717,-0.0005037618872013858,0.06818473654108588,0.1268658052946675,97650000.0,-0.9900000000000002,-0.9796250000000004,-0.0057792207792193295,-0.009989430894309592,0.010374999999999801,5.816962339366159,18.629319609063693,18.396900215286962
2016-08-22,0.0016234967775217157,-0.0027534119701860147,-0.0005460111028509761,0.07839799167295657,0.1266371978437732,77750000.0,-0.9800000000000004,-0.9733359999999998,-0.05067155225726694,-0.024545454545453538,0.006664000000000669,5.570860420157014,18.901253324547334,18.169009109023616
2016-08-23,0.0027980284803561517,-0.0023101360723631003,-0.0006399384039819841,0.0855873167297525,0.12577520962730354,84350000.0,-0.9800000000000004,-0.9389819999999993,-0.05878575197889191,-0.028563535911601434,0.04101800000000111,5.625460507880731,19.059899582486754,18.25048536695625
2016-08-24,0.001913594460440038,-0.0015615906502892685,-0.002066390265769454,0.08033172500184164,0.07025727855736257,51350000.0,-0.7699999999999996,-0.9020209999999995,-0.16604651162790773,-0.16974358974358772,-0.13202099999999994,5.005287687769661,18.963005034777726,17.754175494338842
2016-08-25,0.001031915769317493,0.00023612753628299288,-0.0018460374610273739,0.030740714770702095,0.06909461293495214,34700000.0,-0.21000000000000085,-0.8251190000000008,-0.5710076169749705,-0.6160869565217375,-0.615119,5.2821371703189985,19.02935876788586,17.36225024491709
2016-08-26,0.00044257579832773786,0.00020668784595851976,-0.0020020489668320877,0.030918302095148023,0.06720497237479754,35400000.0,-0.0600000000000005,-0.7346419999999991,-0.03557692307692406,0.004827586206896939,-0.6746419999999986,5.065943849855136,18.86536656521381,17.382222378104004
2016-08-29,0.00029507229485226105,-5.899705057537119e-05,-0.0017989796057677292,0.02842068413551935,0.06725560992624378,56600000.0,-0.39000000000000057,-0.007424999999999571,0.7857600360848007,0.6400000000000006,0.382575000000001,5.21422898616575,19.21683567458654,17.85151954317341
2016-08-31,0.0042687928222449045,0.00023515581780237939,-0.0016430287178005795,0.03802908563085663,0.06987495969016841,55500000.0,-0.9700000000000006,-0.7779740000000004,0.49298913043478265,0.07000000000000028,0.19202600000000025,5.854556029840523,18.80730276425905,17.831893578716663
2016-09-01,0.0019956571746293505,0.001017006144816257,-0.0017839192973337756,0.03402992760368042,0.06704968615397781,59800000.0,-1.0,-0.9752589999999994,0.010624575695860727,,0.024741000000000568,5.754253764624003,18.80798188143286,17.90651621892086
2016-09-02,0.0018161052473972816,0.001586610348159212,-0.0016786072989477911,0.028837210180134184,0.068056837098951,60300000.0,-0.9900000000000002,-0.9910029999999992,,0.14525272547076362,-0.001002999999998977,5.440988117712199,,17.914842661697413
2016-09-05,0.006017483483935493,0.00047162881103766094,-0.001748063054081954,0.06183344176331942,0.06901543801540695,32900000.0,-0.9800000000000004,-0.8850280000000001,,,0.09497200000000028,5.344676005526054,,17.3089832157356
2016-09-06,0.000147199529227926,0.000442054257912794,-0.001122129845411633,0.061868943582567434,0.05576937290756173,43450000.0,-0.8300000000000001,-0.7739440000000002,0.296888193901486,-0.04635714285714343,0.056055999999999884,5.2677035079302,18.66675926654907,17.587121409675674
2016-09-07,0.005016979683519551,-0.0014151002432400972,-0.0012527477377333913,0.06079656871649593,0.05727242727177599,131550000.0,-0.3800000000000008,-0.5622939999999996,-0.03038272072754644,0.0600000000000005,-0.18229399999999885,5.004550150440307,19.391080801473553,18.694897565450574
2016-09-08,0.000887968091497271,-0.0019918252964654217,-0.0012016262073430031,0.05362891001806341,0.05722574865802223,61650000.0,-0.08000000000000007,-0.3199419999999993,0.28621149897330866,0.2338461538461516,-0.2399419999999992,5.220247711126114,19.087483949172707,17.936983787574626
2016-09-09,0.0,-0.0023550463459448777,-0.0012744434729008752,0.046593189046983834,0.05654746416386287,79200000.0,-0.8200000000000003,-0.4616769999999999,0.6313689095127621,0.8200000000000003,0.3583230000000004,5.347678796085761,19.188471467508077,18.187486856784655
2016-09-13,0.000887968091497271,-0.000973956030858325,-0.0012650965421296216,0.037250823787166376,0.056637472374385815,33000000.0,-0.9800000000000004,-0.8987040000000004,-0.17120919881305596,-0.24499999999999922,0.08129600000000003,5.360023755984015,19.412449937002425,17.312018119430753
2016-09-14,0.0017735742160160939,-0.0006486810935006915,-0.0008792401778439625,0.041841216983315666,0.054420539159436496,57050000.0,-0.9900000000000002,-0.8441010000000002,0.07227007930785945,0.16500000000000092,0.145899,5.247708048721495,18.74782388528506,17.859438634272358
2016-09-15,0.0032139672950233233,0.0009975083022078835,-0.0005657719993677665,0.02519626456238201,0.055394963397012095,78450000.0,-0.9800000000000004,-0.7509010000000007,0.10551159618008477,0.20422680412371186,0.22909899999999972,5.209322204976474,18.803218347416824,18.177972037143316
2016-09-16,0.00011776135674779198,0.0011515496491577792,-0.000599077254033927,0.02194930345771637,0.05526525681921354,53550000.0,-0.9499999999999993,-0.8208339999999996,0.3927083333333332,0.4499999999999993,0.12916599999999967,5.119250507474578,18.849862378677845,17.796126354858032
2016-09-19,0.00060051754916568,0.0010314461393246433,-0.00035832468157471185,0.024229723163036107,0.05212156820209977,69150000.0,-0.8499999999999996,-0.766273,0.3612160566706013,0.3722222222222218,0.08372699999999966,4.96298448062025,18.947773340182227,18.05178861607504
2016-09-20,0.0002982630617642812,0.0007941999086723328,0.00010463930130217001,0.026066156681476018,0.03851859704856858,46750000.0,-0.8800000000000008,-0.7774029999999996,0.45083884297520704,0.3800000000000008,0.10259700000000116,4.990636647589566,18.999538778110182,17.66032481369897
2016-09-21,0.0016135837497248673,0.00011676831552414058,4.186756782505119e-05,0.028977515123187986,0.03895924036234314,53250000.0,-0.9199999999999999,-0.5378399999999992,0.3619254859611232,0.37248447204969004,0.3821600000000007,5.0932592827802114,19.03694688017635,17.79050836255381
2016-09-22,0.002682912548940486,-0.0010626076532686212,-0.00016319954295886317,0.017059459680053585,0.03960711485337346,81050000.0,-0.5800000000000001,-0.7366109999999999,-0.10648148148147918,0.06478260869565133,-0.15661099999999983,4.495801648932726,18.903106893196657,18.21057680614596
2016-09-23,0.00041442188740692387,-0.0011219397594004477,-0.0003161733699952001,0.016128952756386167,0.03811612630460613,40950000.0,-0.8699999999999992,-0.6371249999999993,0.343299099836333,,0.23287499999999994,5.274536837882633,19.314316785261713,17.527862368263353
2016-09-26,0.0013332347727033067,-0.001268483204107973,-0.00028853719438868907,0.01546165123805041,0.03786183443763091,59000000.0,-0.7699999999999996,-0.6709589999999999,0.2976366435719804,0.3699999999999992,0.09904099999999971,5.165528555284573,19.375422662200773,17.893048001869992
2016-09-27,0.0024043111064226963,-0.001689692813039656,-0.00035388935329846066,0.014323028423890752,0.03849453738681195,61300000.0,-0.9700000000000006,-0.44652199999999986,0.3560752688172055,0.43717791411043017,0.5234780000000008,5.45979825747014,19.1365674114818,17.93129040090644
2016-09-28,0.0016628563382656836,-0.0010344047954415458,-0.00025363068012734536,0.02788577351715992,0.03911928061022923,46850000.0,-1.0,-0.8110710000000001,0.1765603328710128,0.1533240027991596,0.1889289999999999,5.305640486927818,18.78671178281512,17.662461566648705
2016-09-29,0.004907437910339318,-0.0014793098677213124,-0.0005013692613269444,0.03858862506789167,0.04222765346836332,77050000.0,-1.0,-0.9373959999999997,-0.2159662863070544,-0.27457142857142713,0.06260400000000033,5.7011122461003225,19.077163940140718,18.159965119730398
2016-09-30,0.0007451009956520593,-0.0012474052911095157,-0.000669164110212318,0.041381450643838205,0.03884064007770123,73350000.0,-0.8599999999999994,-0.7139120000000005,0.5745057128663689,-0.08999999999999986,0.14608799999999889,5.332187251055652,19.12030689061002,18.110753062553265
2016-10-03,0.0034320708164772284,-0.0016671724998643,-0.0009276273478840599,0.044239575411888006,0.03869918840750066,88400000.0,-0.7200000000000006,-0.6979389999999999,0.38300745650372825,,0.022061000000000774,4.898734921598028,19.306099812159434,18.297382527607873
2016-10-04,0.0016755434474724495,-0.0015214189680742506,-0.001093896333354047,0.043774650640827056,0.03745005637176186,68550000.0,-0.8100000000000005,-0.4775860000000005,0.462001023541454,,0.332414,4.887186236813245,19.090559297572955,18.0430739639726
2016-10-05,0.004291401289181707,-0.0027122704935637286,-0.0010117019431276763,0.03625053199776253,0.03498708951982542,31400000.0,-0.9199999999999999,-0.9025149999999993,0.5434972497249717,0.6400000000000006,0.01748500000000064,5.4107527958778245,19.01841773970765,17.26231845087848
2016-10-06,0.0011722097493498396,-0.001496340961625897,-0.0009628919326456804,0.03867059993372428,0.03558987086218713,53200000.0,-0.9199999999999999,-0.6321720000000006,0.46299732381801917,,0.2878279999999993,5.318952980148108,18.534901888042388,17.78956895431187
2016-10-07,0.005270699649990718,-0.0026995010907544525,-0.000974973835810974,0.0402540873441319,0.03596292799051555,72850000.0,-0.9700000000000006,-0.9391750000000005,,0.45929191716767015,0.030825000000000102,5.581953766291067,,18.103913090605488
2016-10-10,0.003617185556602287,-0.0012896498161385495,-0.0007604427097109951,0.05894231143215071,0.0393289569322162,30100000.0,-0.9900000000000002,-0.9002389999999991,,,0.08976100000000109,5.578483766958155,,17.220035729719104
2016-10-11,0.005279445100667246,-0.0020104301467775087,-0.0010118448573618163,0.06560508925225339,0.042190834415391204,84650000.0,-0.9800000000000004,-0.8362409999999993,0.17999962602842245,0.23722891566265325,0.14375900000000108,5.27658287440203,18.71110904207217,18.25403566654342
2016-10-12,0.0007559150711449192,-0.0010009668747121836,-0.001018133096426214,0.06432244837774734,0.04211832960257962,48200000.0,-0.9700000000000006,-0.8103130000000007,0.14722018927444935,0.22000000000000064,0.1596869999999999,5.011235114168223,18.88126515128161,17.690869579020827
2016-10-13,0.0015101180761671884,-0.0009333852093487138,-0.0010306786268952095,0.0650819351593118,0.041907662651041504,59900000.0,-0.6999999999999993,-0.7716379999999994,-0.09353142076502863,-0.09312786885246105,-0.07163800000000009,4.735320870453137,18.801853159491486,17.908187063085677
2016-10-14,0.0013590036066695177,-0.00015104600068447383,-0.00124843914602344,0.05356397020827744,0.0389621451874175,48400000.0,-0.6600000000000001,-0.8292420000000007,0.13051537645811173,,-0.16924200000000056,5.062911438661627,19.055138928163633,17.69501037168686
2016-10-17,0.0036199134551351264,-0.00015050042097790594,-0.0010704546311718726,0.0535760625470156,0.042334255421702556,63900000.0,-0.9000000000000004,-0.7701429999999991,0.476872002950941,0.40000000000000036,0.12985700000000122,5.195010296682108,19.417998314468893,17.972829919347763
2016-10-18,0.0004515692106537017,0.0009957024412862836,-0.001020355261656664,0.0286724181813154,0.042637202865300115,40800000.0,-0.9199999999999999,-0.7086679999999994,0.3094798534798535,0.16600000000000037,0.21133200000000052,5.097852205517793,19.424982353149232,17.52419263937439
2016-10-19,0.00120463800142101,0.0006035918267730978,-0.001063515973068889,0.03278823094112715,0.042559325657770784,47000000.0,-0.9900000000000002,-0.8224730000000005,0.2061709401709404,0.10111111111111093,0.16752699999999976,5.499910363831802,19.493975224636184,17.665658159674333
2016-10-20,0.002866844664367818,-0.0002718007213339035,-0.001123195064242363,0.03925142758234166,0.042982746448981264,62700000.0,-0.9800000000000004,-0.8499160000000003,0.000918508287291786,0.057419354838710746,0.1300840000000001,5.323302619241945,19.196329146024055,17.95387200560315
2016-10-21,0.0003022517780300049,-6.0450355606000984e-05,-0.001009830265627578,0.03810768452825022,0.04268437012991093,40650000.0,-0.9299999999999997,-0.8278630000000007,0.35136270491803323,0.4299999999999997,0.10213699999999903,4.952087680470843,19.089535231943266,17.520509393958093
2016-10-24,0.0024213086890103597,-0.0012686947844350982,-0.0011053963037991703,0.022139141842023015,0.04289725719859128,68900000.0,-0.8699999999999992,-0.8148850000000003,0.5846253902185214,0.4949999999999992,0.055114999999998915,4.814458191011861,19.074047054500465,18.048166735983887
2016-10-25,0.00030298439862175286,-0.001298411746841488,-0.0010274811051646435,0.02142540692498707,0.04316140443472174,32650000.0,-0.7799999999999994,-0.734985,0.3273125933300136,0.7799999999999994,0.04501499999999936,5.046195469494807,19.122787665883784,17.301355413686714
2016-10-26,0.004744859832088721,-0.00010851218013954166,-0.000687044393806957,0.04809708035665087,0.047203666273513356,77700000.0,-0.9100000000000001,-0.8243760000000009,0.18304734925131605,0.41000000000000014,0.08562399999999926,4.979144627004885,19.32530367095884,18.168365815337875
2016-10-27,0.00415213016795235,0.001295282786324492,-0.0005685075447742586,0.048547831823036916,0.049496994749154914,74600000.0,-0.9499999999999993,-0.7911719999999995,0.3225018702513136,0.3979999999999997,0.15882799999999975,5.208337952928512,18.95775873886242,18.12765106517399
2016-10-28,0.0030579229968390464,0.0019673177412983024,-0.0001892046444324317,0.04742973325797285,0.04837742546574321,137700000.0,-0.9700000000000006,-0.7450910000000004,0.534951278928137,0.5775000000000006,0.22490900000000025,5.18329925496377,18.916595754982602,18.740587963698882
2016-10-31,0.004301210370825537,0.0033118215532654816,-1.9866102757504223e-05,0.028459425496025044,0.050752862836599126,54450000.0,-0.9199999999999999,-0.7913510000000006,0.7010758412857836,0.6813360323886641,0.12864899999999935,4.884240281591309,19.138032613209127,17.812793407343243
2016-11-01,0.001608196189121891,0.003572863911365509,0.0002201466117948348,0.02002438102968809,0.04947023679469963,63500000.0,-0.9399999999999995,-0.7465740000000007,0.5376119402985076,0.5749999999999993,0.19342599999999877,4.8147826030179495,18.936493909229394,17.96655046386292
2016-11-02,0.005667586868669083,0.0037574093186815817,0.0005698194839920507,0.024086264500167497,0.0523791136252563,86050000.0,-0.9000000000000004,-0.9115880000000001,0.6606049822064062,0.7211864406779664,-0.01158799999999971,4.846467947882343,18.760718046738074,18.270439080621824
2016-11-03,0.0018623906055612593,0.0032994614062033635,0.0008628571932655252,0.027027964455860264,0.04943829373432946,47700000.0,-0.8900000000000006,-0.7191910000000004,0.629965095986039,0.5300000000000011,0.1708090000000002,4.619960271460727,18.556958362244913,17.68044195585857
2016-11-04,0.0006200268876943582,0.002811882184374426,0.0008365627712819309,0.033230251408169646,0.049431762207981206,36950000.0,-0.9499999999999993,-0.7742419999999992,0.5535237752161368,0.4624999999999986,0.17575800000000008,5.026967855383815,18.74854460603698,17.425076205358486
2016-11-07,0.0038297292352504897,0.0027175859572594165,0.0012699165277219883,0.03204648641077864,0.04513013805156469,61100000.0,-0.9600000000000009,-0.7138650000000002,0.5727388535031857,0.3865437500000013,0.24613500000000066,5.06600692740901,18.648612811998373,17.928022424141822
2016-11-08,0.00041172838272451884,0.0023136010428901344,0.0010780634829921404,0.03892255687115709,0.04464526984118473,33550000.0,-0.9600000000000009,-0.6950719999999997,0.32669750231267436,0.4742105263157903,0.26492800000000116,4.883559211528279,18.498567282609436,17.328547421381966
2016-11-09,0.0023504535442144814,0.0016501743779992139,0.0014413919898912703,0.02584003812281042,0.03833280940341565,45750000.0,-0.9100000000000001,-0.7249890000000008,0.37032561576354617,,0.18501099999999937,4.766097850094374,19.023356021348235,17.638702349685804
2016-11-10,0.007688833153690844,-0.00026007037385120666,0.0010392611220419483,0.07078205405503318,0.04970959951102271,51050000.0,-0.9700000000000006,-0.9268049999999999,,0.08696271470465078,0.04319500000000076,4.832305758571839,,17.74831610257495
2016-11-11,0.01073618666054088,0.0017631615807180978,0.0014785977212978384,0.10625286842175531,0.060016340919321585,138900000.0,-0.9700000000000006,-0.8643680000000007,,,0.10563199999999995,4.92260521658922,,18.749264807724572
2016-11-14,0.007723171357715053,0.0025418500052110105,0.0019110822434113893,0.11431309609342356,0.06278811902347745,71800000.0,-0.9499999999999993,-1.0112950000000005,0.33988842398884245,0.29858233369683695,-0.06129500000000121,5.143649886535898,18.781148486129794,18.08939503401845
2016-11-15,0.002179758183417313,0.0021882440450724516,0.0016349074034803209,0.11782616271312248,0.06400182461509436,21750000.0,-0.9299999999999997,-0.7955810000000003,0.3442753095411497,0.372563829787234,0.1344189999999994,5.201531097860345,18.7376788707382,16.89512431549897
2016-11-16,0.0063629414060812906,0.00044556505501329723,0.0013104068979215117,0.13240637701427055,0.06968998317189631,70650000.0,-0.9499999999999993,-0.7186950000000003,0.3260906735751288,0.27112815884476404,0.23130499999999898,5.241588272301947,19.07820074686916,18.07324866709481
2016-11-17,0.001142606144965086,0.0017548104567584489,0.0013133607958479843,0.11393766952946843,0.06966210163875718,39500000.0,-0.9399999999999995,-0.7126599999999996,0.3385443037974678,0.33999999999999986,0.22733999999999988,5.105399870540679,18.87810559099124,17.49181122987135
2016-11-18,0.0014374351595725088,-0.0006799139072642291,0.0013814279151239514,0.08169825109875622,0.06875137280529907,170650000.0,-0.9600000000000009,-0.7208229999999993,0.30873831775701,0.32333333333333236,0.23917700000000153,5.444579873526289,18.824811629047392,18.95512523331699
2016-11-21,0.0064498301905526745,-0.0035145142169177744,0.0010886860859562052,0.042337193657496455,0.07376379762890833,66800000.0,-0.8699999999999992,-0.7294579999999993,0.17537499999999895,0.1576404494382011,0.14054199999999994,5.04336059870896,18.890684373198102,18.017213638506874
2016-11-22,0.01009659653543693,-0.005097881887321698,0.0007231961885073209,0.06016541328585084,0.08262512882244169,169950000.0,-0.6300000000000008,-0.6126360000000002,-0.049500604107933555,,0.0173640000000006,4.900746020558973,19.330148250478395,18.9510148341064
2016-11-23,0.0011931395897173402,-0.003586665688161972,0.0007655845309404441,0.07275309123945718,0.08262562722728052,70050000.0,0.1899999999999995,-0.6005850000000006,,-0.12130742605412159,-0.7905850000000001,5.073797869053896,,18.06471983074729
2016-11-24,0.001340582609349994,-0.003090027937298956,0.0006034760917624094,0.07980283079359315,0.08139220047148758,48000000.0,-0.02999999999999936,-0.4110739999999993,,,-0.3810739999999999,5.035783087628908,,17.686711568872166
2016-11-25,0.007562874336369596,-0.001289966038110535,0.0007658924807346592,0.11101926516364005,0.08407911689070671,84350000.0,0.5199999999999996,0.12799799999999983,0.9346182283189961,-0.15858695652173793,-0.39200199999999974,5.523339152874019,19.879528297753964,18.25048536695625
2016-11-28,0.005598128939344527,0.0011196257878689053,0.0008868546684730154,0.10866512614199894,0.08540169691656012,37650000.0,0.2599999999999998,0.29038500000000056,0.6856074999999997,-0.043333333333331225,0.030385000000000773,5.366630006730124,19.485391480944795,17.443843512210176
2016-11-29,0.0002937720350146833,0.003197699501959228,0.0006960242715296415,0.05064736244113105,0.08450655310733378,45650000.0,-0.5800000000000001,0.2658749999999994,0.8131843575418998,0.5189000000000004,0.8458749999999995,5.237930216532941,19.03044631557326,17.636514165005252
2016-11-30,0.0023525962916650656,0.002488552325682747,0.0005074151057778817,0.0639871784606491,0.08507976472962793,70350000.0,-0.8200000000000003,0.08125199999999921,0.5126881720430116,0.3118622848200321,0.9012519999999995,5.302309387817574,18.818113680363265,18.06899334152467
2016-12-02,0.0054616712636104126,0.0011281015510906656,-2.254956718780864e-05,0.086083137841483,0.08530933793983883,77800000.0,-0.5800000000000001,-0.15634499999999996,0.02977103606182041,0.04795512820512826,0.4236550000000001,4.819151895509915,18.978580775104284,18.16965198914862
2016-12-05,0.008293622247889765,-0.0020431977657612067,-0.0005061692268759526,0.08500676544584577,0.08962701988687366,35400000.0,-0.7799999999999994,-0.49293600000000026,-0.06804134929270944,-0.025423476968796876,0.2870639999999991,4.974178757085641,19.02935876788586,17.382222378104004
2016-12-06,0.0014615742859263037,-0.0028705086964448514,-0.00046609554124586,0.06407686296381926,0.08980748494874251,30450000.0,-0.6999999999999993,-0.21269599999999933,-0.13831765356945347,-0.10872286079182913,0.48730399999999996,4.749010755963765,19.012348755562456,17.23159655212018
2016-12-07,0.0019652806849537185,-0.0025362069664570442,-0.0005548788055457063,0.07009342659186435,0.08891154535718064,35850000.0,-0.7799999999999994,-0.12060999999999922,-0.04835396039604056,-0.04169014084507339,0.6593900000000001,5.221436322212079,18.90063470405127,17.394854125009903
2016-12-08,0.00495035752840689,-0.003055759213805409,-0.0007710040029591525,0.0720632146488435,0.09020022252577523,37600000.0,0.08000000000000007,0.1903050000000004,-0.8543232662192395,-0.8359679767103341,0.11030500000000032,5.034872518460301,19.001778420703687,17.442514608360124
2016-12-09,0.0020948683405483948,-0.0023823986291930054,-0.0009826859974716704,0.06887510398881601,0.08957420676863177,37150000.0,-0.2699999999999996,0.5011449999999993,-0.17454182590233636,0.09499999999999886,0.7711449999999989,5.058472623510416,19.277221471420745,17.430474329128042
2016-12-12,0.011449356767209373,-0.003013545533056927,-0.0011617585504963622,0.08715579290544226,0.09396140865146824,82150000.0,-0.5199999999999996,0.07437600000000089,-0.09121404193076366,-0.17999999999999972,0.5943760000000005,5.408695274017646,19.13900822304261,18.224057402447553
2016-12-13,0.003931654845324317,-0.0025195294211773243,-0.0014857838750304843,0.09641799556803106,0.08569816507376188,49850000.0,-0.7699999999999996,-0.8923419999999993,0.017825192802055412,-0.025200421940928308,-0.12234199999999973,5.60624314547686,19.085942721022775,17.72452905437212
2016-12-14,0.002080538675079957,-0.002496477823152077,-0.0017544806694416795,0.09675861764410552,0.08010484252227988,89400000.0,-0.8599999999999994,-0.017236999999999725,-0.13311410905002852,-0.1604301075268797,0.8427629999999997,5.333201768401539,18.996732152636064,18.308631240143743
2016-12-15,0.009324146762335062,0.00035842303499631354,-0.0012066756720248996,0.12336243695198557,0.08877824322829511,54950000.0,-0.9800000000000004,-0.10726200000000041,-6.326063500127,-4.027653061224489,0.872738,5.469451577701415,19.791099755913965,17.821934238813906
2016-12-20,0.0002983738646626932,0.0008370714760385312,-0.0008894701829418528,0.12152026961996108,0.08688208463282486,65500000.0,-0.9700000000000006,-0.2473919999999996,-9.851048085228909,-9.986845238095237,0.722608000000001,5.56306340771676,19.6656995177143,17.99756070060548
2016-12-21,0.008538738120337008,0.0014191952054130041,-0.0012416669436738491,0.10338399370099205,0.09084112487457566,64950000.0,-0.9800000000000004,-0.18181200000000075,-3.3288390501319256,-3.0606091370558373,0.7981879999999997,5.652313726281008,19.77908990158272,17.989128301080882
2016-12-22,0.003454234868087269,0.0013237112099655946,-0.0010087302756900502,0.10270638254654797,0.09227740152300289,91000000.0,-0.9900000000000002,-0.025700999999999752,-3.103697302158273,,0.9642990000000005,5.321350065658609,20.23158903201918,18.326370064481125
2016-12-23,0.007826650428111925,-0.000657726610672782,-0.0010742931441452526,0.12062640521772615,0.09341654101210191,140500000.0,-0.9900000000000002,-0.375159,,-2.8264294245385457,0.6148410000000002,5.343003884170443,,18.760718046738074
2016-12-26,0.004823645168342772,-0.00155782692947124,-0.00036380544396526676,0.09955503054169997,0.08947467134401248,36500000.0,-0.8000000000000007,0.1488189999999996,,,0.9488190000000003,5.13373749123024,,17.41282281855272
2016-12-27,0.004051930207968901,-0.0008071156608099983,-0.00022767255738185912,0.10723425608820475,0.0906418982042179,73150000.0,-0.3100000000000005,0.01607699999999923,-6.3332060390763765,-3.008803418803419,0.32607699999999973,5.541106670109081,20.244100365908288,18.108022685430406
2016-12-28,0.00585807157794882,-0.0002709823523323607,-0.0005704656139198979,0.0961763750422094,0.09248410752378133,84050000.0,-0.3200000000000003,0.7467179999999995,-8.113551198257081,-6.750124879923151,1.0667179999999998,5.78453262434131,19.944560768024818,18.246922417818897
2016-12-29,0.004509251590764762,-5.997900779686205e-05,-0.0007158762208534614,0.09900098145466532,0.08966233579278174,60700000.0,-0.3699999999999992,0.7340479999999996,-5.6144827586206905,-3.9268036529680375,1.1040479999999988,5.951449518569746,20.17853866150474,17.921454256029726
2016-12-30,0.0005997001678981206,0.001625291111405147,-0.0009538966385413854,0.07165007439478234,0.08685523182060019,50450000.0,0.16000000000000014,-0.6387830000000001,-5.772737520128825,-5.004797687861272,-0.7987830000000002,5.586649227841314,19.55369445933781,17.736493304763894
2017-01-04,0.0011983224921090496,0.0009002265761584027,-0.0009108228072511775,0.06584193436007967,0.08707519756245939,54950000.0,-0.019999999999999574,-0.17422999999999966,-3.9800000000000004,-5.736594800253647,-0.1542300000000001,5.520019880065842,15.201804919084164,17.821934238813906
2017-01-05,0.0037543059655611444,-0.0006610206585476064,-0.0009775708869605147,0.06562339982157837,0.08750197367056894,47250000.0,-0.08999999999999986,-0.2977810000000005,-2.5868707482993205,-4.712780638516993,-0.20778100000000066,5.4813053678851515,16.503358051748965,17.670963211904027
2017-01-06,0.004664264500035209,-0.00042225924296488413,-0.0009395991363140764,0.05997099835410522,0.08702941604531217,46000000.0,-0.3699999999999992,0.3002640000000003,-3.130000000000001,-4.834397933501127,0.6702639999999995,5.379251984044036,16.523560759066484,17.64415195445337
2017-01-09,0.001960637080829386,-0.0009319821449519594,-0.0004513010730417359,0.04837620371172942,0.08328015222938265,32150000.0,0.009999999999999787,-0.06879200000000019,-7.01,-4.702061479955633,-0.07879199999999997,5.33286371030062,16.300417207752275,17.285923008647902
2017-01-10,0.003159084989045269,-0.00042010518072252976,-0.00037046723003607084,0.05625247124538695,0.08397612667636097,32700000.0,-0.09999999999999964,-0.2506679999999992,,-5.537246313330414,-0.15066799999999958,5.294058309627653,,17.302885635867483
2017-01-11,0.0031491365906655133,-2.994236101123704e-05,-0.0003140931392878902,0.061269570469823315,0.08448958983867857,31800000.0,-0.4299999999999997,-0.48473700000000086,-4.558372093023256,-2.778640426532853,-0.054737000000001146,5.556557754899676,16.3727378693319,17.274976847750406
2017-01-12,0.005705721184922297,-0.0004202254048834675,-0.00035006283721719525,0.06972535263003148,0.08505051284862358,26750000.0,-0.6099999999999994,-0.30233100000000057,-4.716083740198255,,0.30766899999999886,5.477300022076476,20.33745628649669,17.10204503130629
2017-01-13,0.001053502994571076,0.0007233280940377896,-0.00020014039268769661,0.05875180997002382,0.08493589106291835,44050000.0,-0.7899999999999991,-0.3048719999999996,,-4.343373456336373,0.48512799999999956,5.353846676340517,,17.60083591034646
2017-01-16,0.0033038023743845457,0.0009919611527488214,0.0005023909950072519,0.061254405423552434,0.07512486117039698,31900000.0,-0.8000000000000007,-0.6648750000000003,,,0.13512500000000038,5.307921102690732,,17.278116567755074
2017-01-17,0.004507896439189807,-0.0005414351328981937,0.00010050760050657932,0.06797954002951548,0.07595480619111696,36400000.0,-0.5,-0.3006499999999992,-4.645600584154801,-4.43292267329467,0.1993500000000008,5.451639131491686,20.40195803684497,17.41007933260697
2017-01-18,0.00573933005734073,-0.0023191284624994426,-0.00027186710103726294,0.0668566958703705,0.07818408056367887,52550000.0,-0.33000000000000007,-0.17675000000000018,-8.67,-5.116509211802189,0.1532499999999999,5.5460754786261655,15.201804919084164,17.777275655287234
2017-01-19,0.0054380798667814645,-9.036825215869015e-05,-0.0004569179055874342,0.07728859967150749,0.07317268410503047,68200000.0,-0.33999999999999986,0.0060280000000005884,-3.66,-4.654413324269205,0.34602800000000045,5.354650439888197,16.84080163375981,18.037955122813692
2017-01-20,0.001204456634619433,-6.017752414901878e-05,-0.00041377110701806564,0.07743663678543138,0.07335761258261773,44900000.0,-0.7599999999999998,-0.16711899999999957,-3.097142857142858,-4.802300671508839,0.5928810000000002,5.54091054168356,15.761420707019587,17.619948352712484
2017-01-23,0.004070868795616356,-0.001535111758149199,-0.00020101542488851077,0.07491085920960174,0.06860094073115025,22950000.0,-0.7899999999999991,-0.4500309999999992,-4.709900000000001,-4.643543429844099,0.33996899999999997,5.488317699268992,15.424948470398375,16.948828494470828
2017-01-24,0.007734928986659284,-0.0021805182676430945,-0.0007338327513050133,0.08570438532818223,0.07195691781942953,45950000.0,-0.7899999999999991,-0.38987900000000053,-4.396046511627908,-4.960244076505853,0.4001209999999986,5.457242345535596,16.660419941783683,17.64306440676597
2017-01-25,0.0010663417873857384,-0.0012459206136520961,-0.00041191329222281395,0.07968940554747087,0.06721523974569166,52200000.0,-0.34999999999999964,-0.1921009999999992,-4.727170418006431,-4.853977266103177,0.15789900000000046,5.385961876400083,17.252718377149463,17.770593052852867
2017-01-26,0.0014621221648907223,-0.0020411121540302446,-0.000571985816196721,0.06163317639743315,0.06488436138111944,66250000.0,-0.6400000000000006,-0.4974790000000002,-2.9991752577319577,-4.943468013468013,0.14252100000000034,5.49129032851713,17.697074355907713,18.008946022830607
2017-01-27,0.001614549571633539,-0.002604913395280839,-0.0008418181866539801,0.055193820781560626,0.06272969661395522,27100000.0,-0.4900000000000002,-0.5077829999999999,-3.8828457335014708,-4.937469953519256,-0.01778299999999966,5.445184442357589,19.287360975273184,17.11504428584993
2017-01-30,0.006423022540628764,-0.003075344144283321,-0.0008687206134482631,0.06131614370189847,0.06332661438415618,37700000.0,-0.2599999999999998,-0.5571110000000008,-5.24,-5.5750728639411635,-0.297111000000001,5.609105427714293,16.166885815127753,17.445170652418238
2017-01-31,0.007700638700509188,-0.0030684860870533017,-0.0014501439606517846,0.061152241572094194,0.0643777367205801,53400000.0,-0.6699999999999999,-0.4246970000000001,-5.102727272727273,-4.383175944333996,0.24530299999999983,5.607565216914378,15.520258650202699,17.793321303930423
2017-02-01,0.004935235186731113,-0.0018681706922299313,-0.0012436899121359278,0.08407716362170234,0.06777914178654877,62850000.0,-0.7200000000000006,-0.2980590000000003,-4.011002747252746,-4.750894818854693,0.42194100000000034,5.635003865927631,19.01951724504107,17.95626149300053
2017-02-02,0.0006151953439186286,-0.00203755605642435,-0.001271457871573567,0.08215677574947691,0.067544116062011,83100000.0,-0.6799999999999997,-0.392436,,-4.084421363506975,0.2875639999999997,5.496102083395356,,18.235555259825677
2017-02-03,0.0053958351836618235,-0.002793813178830007,-0.0013496259295783612,0.08525739289769442,0.06853648560061044,52400000.0,-0.7100000000000009,-0.4758899999999997,-6.289999999999999,-4.0813117840684665,0.23411000000000115,5.465440679584095,15.424948470398375,17.77441714929127
2017-02-06,0.0043377294970943225,-0.0023767545701231184,-0.0013340766437240333,0.08083576672436923,0.06834657455054757,61150000.0,-0.7599999999999998,-0.7215290000000003,-3.4538728323699424,-4.159979897407459,0.03847099999999948,5.48608241396043,16.666217059468007,17.928840420097455
2017-02-07,0.0043686456987321876,3.71023097251566e-05,-0.0012194095666810427,0.0760255226638476,0.07029057927421653,63400000.0,-0.5700000000000003,-0.4632889999999996,-4.45020202020202,-4.720831029331885,0.10671100000000067,5.393582090773818,16.801192495664765,17.964974419407454
2017-02-08,0.004349643616765597,-8.001600426794653e-05,-0.0011627162986943603,0.07372758416737332,0.07133819892242164,64150000.0,-0.4800000000000004,-0.04692700000000016,-4.748358208955223,-4.663549883609475,0.43307300000000026,5.518336040514722,15.717618084361195,17.976734649025918
2017-02-09,0.002681586516068535,-0.0007393723762653792,-0.0014403697799674103,0.07546360531190299,0.06973914150560034,38600000.0,-0.7400000000000002,-0.4428560000000008,-4.65090909090909,-4.539762181422877,0.2971439999999994,5.398026945697014,19.53876880912113,17.468762834435058
2017-02-10,0.004330350101220404,-0.0005262753597770953,-0.0013748759188387488,0.07160193715371148,0.06883613362581349,80850000.0,-0.7899999999999991,-0.8079680000000007,,-4.96452574504903,-0.01796800000000154,5.273819734947637,,18.20810614398739
2017-02-13,0.0001859715468892631,0.0003784648490196219,-0.0014161869401569302,0.06313271535278145,0.06851536985546995,36000000.0,-0.7400000000000002,-0.5066140000000008,-5.26,-4.939994547021172,0.23338599999999943,5.317433483740267,15.761420707019587,17.399029496420383
2017-02-14,0.002513538739372656,-0.000997972038601347,-0.001693203183669178,0.053970384802106044,0.06639666515013343,48200000.0,-0.6799999999999997,-0.4262990000000002,-4.32,-5.012192929050816,0.2537009999999995,5.430879539631008,14.22097566607244,17.690869579020827
2017-02-15,0.0038913583231723337,-0.002646172426588933,-0.001663844225763584,0.027980174139021353,0.06610103901590687,81700000.0,-0.7599999999999998,-0.3871830000000003,,-5.124183166253102,0.3728169999999995,5.4515533424468945,,18.21856455983023
2017-02-16,0.00487775340197949,-0.003085405803771124,-0.0016228167659844775,0.032183482340506483,0.065496330248307,92500000.0,-0.75,-0.42268299999999925,-5.0748573530835515,,0.32731700000000075,5.225316473663546,20.75563621697686,18.342719202482655
2017-02-17,0.0018510099560984372,-0.0025895377747467306,-0.0019699162813597106,0.03093016451752252,0.06025245218854284,66900000.0,-0.8900000000000006,-0.33837600000000023,,-4.942047393669633,0.5516240000000003,5.561719553725808,,18.01870952509846
2017-02-20,0.0014120971986368858,-0.002344312644397206,-0.0019600286354541177,0.03822615801498333,0.06039441538968626,66900000.0,-0.9100000000000001,-0.8292350000000006,,,0.08076499999999953,5.594562669660306,,18.01870952509846
2017-02-21,0.006606914075740988,-0.0031629877116708728,-0.0020807926964124335,0.048918385846401395,0.06212538942407573,91750000.0,-0.8399999999999999,-0.8188119999999994,-4.242612603792292,-4.151284698299811,0.02118800000000043,5.741238811700154,20.73321616779958,18.334578044898954
2017-02-22,0.009196196092362996,-0.004223955265509005,-0.0021503768443030865,0.06556050687993885,0.06397964640978102,218500000.0,-0.9199999999999999,-0.706258,,-4.838722307104661,0.21374199999999988,5.803145038510391,,19.202296572499918
2017-02-23,0.005270314842221069,-0.0043024675535573206,-0.002350566037390483,0.0658656631073018,0.06473509884901384,105950000.0,-0.8399999999999999,-0.8264990000000001,-4.16,-5.005052063221655,0.013500999999999763,5.807511660418678,13.122363377404328,18.478477842678583
2017-02-24,0.0024048107781791117,-0.0044132277179734555,-0.00253470570134619,0.06467366542034557,0.06323398726497795,126350000.0,-0.8900000000000006,-0.6167569999999998,,-4.9968793508538205,0.2732430000000008,5.749679569043205,,18.65456639179848
2017-02-27,0.00272501571207151,-0.004150644015286531,-0.002328059735455473,0.07234107094321625,0.06576583172945738,101100000.0,-0.9299999999999997,-0.7048089999999991,-5.07,-4.86895631744819,0.22519100000000059,5.790479913483513,15.424948470398375,18.4316206839907
2017-02-28,0.0012797954074414974,-0.0025733021186500338,-0.0019612588807854606,0.07698871350819453,0.06513269608846978,53400000.0,-0.8300000000000001,-0.962173,,-4.972053317697645,-0.13217299999999987,5.649537459803805,,17.793321303930423
2017-03-01,0.00446642950193521,0.00015922300020960735,-0.0013818746806690606,0.06272196297539746,0.06526075969270599,110650000.0,-0.8300000000000001,-0.8606639999999999,,-5.088748994974874,-0.030663999999999803,5.510763908313911,,18.521882624461334
2017-03-02,0.004826785275350964,0.002178643023724014,-0.0013870389621633535,0.04652688218042615,0.06512943746214106,134700000.0,-0.8300000000000001,-0.7041839999999997,,-4.96625702470345,0.12581600000000037,5.417033300253021,,18.71856064138059
2017-03-03,0.004519817419994965,0.0035635686633588293,-0.0012011045775882898,0.024132485288492492,0.06798389005711916,38200000.0,-0.8800000000000008,-0.6999999999999993,,-4.987128218936649,0.1800000000000015,5.311924369954253,,17.458346073576802
2017-03-06,0.006612797190816977,0.001696006082781132,-0.0012590551493575828,0.0772243731486026,0.06905232020448264,53000000.0,-0.8599999999999994,-0.5245529999999992,,-5.040814054423096,0.3354470000000003,5.276174001862347,,17.785802471516394
2017-03-07,0.0002856644097439798,0.0014971798832416282,-0.001038893534746235,0.07788163267725515,0.06830839838467997,45750000.0,-0.6799999999999997,-0.5281819999999993,,-5.1713147493989275,0.15181800000000045,5.356539103748161,,17.638702349685804
2017-03-09,0.0040223659471463336,0.0014083671722838532,-0.001055383046726514,0.07687230794865894,0.06797270531652,86750000.0,-0.8300000000000001,-0.6252739999999992,-4.67,-5.053463826086957,0.20472600000000085,5.774986233662533,13.592367006650065,18.27854097679124
2017-03-10,0.0023047668339266636,0.0009039634839989929,-0.001152758131623606,0.07171916975645036,0.06627172141761085,51600000.0,-0.9100000000000001,-0.8010190000000001,,-4.953368505580256,0.108981,5.858789930203441,,17.75903223045179
2017-03-13,0.002834201235875078,0.0005668402471750156,-0.0008901015720072435,0.06722260219729655,0.06741308606960625,48550000.0,-0.8599999999999994,,-4.74,-4.98164419931533,,5.731592175295468,14.845129975145433,17.698104752701607
2017-03-14,0.000942951507870049,0.002077989986912421,-0.0006389919715743648,0.0236852556783194,0.06649098958139475,50250000.0,-0.8200000000000003,,,-5.044125509551229,,5.758744032730175,,17.73252110490346
2017-03-15,0.0007851142744499384,0.0021778799598536126,-0.0006104613655000469,0.021465585301519072,0.06661692717397201,78950000.0,-0.15000000000000036,,,-5.656183498869112,,5.559565623895792,,18.184325298665925
2017-03-16,0.004562267018195065,0.00046095336678533274,-0.0007080198549677807,0.046689744511395764,0.06772321924812917,130300000.0,-0.15000000000000036,-0.4728139999999996,-3.4604866719451035,,-0.32281399999999927,5.583383520466449,20.85139516465694,18.685350042095074
2017-03-17,0.004266420313701502,-0.0008532840627403004,-0.0007258799497548839,0.053194059876202286,0.06795741316960097,153700000.0,-0.40000000000000036,,,-3.7478114588348577,,5.690697235107546,,18.850513208508826
2017-03-18,0.00047494657743918367,-0.0013251349944274793,-0.0004709894745444709,0.04487732435033544,0.06634748449937372,26600000.0,-0.8499999999999996,-0.18977600000000017,,,0.6602239999999995,5.447297559559355,,17.096421773751928
2017-03-24,0.0030343281388569565,-0.0009068596682300978,-0.00023835432716564262,0.05321736469955431,0.06721972924621147,71200000.0,-0.8900000000000006,-0.2567730000000008,-4.790701139351445,-4.666071004853496,0.6332269999999998,5.771690313263376,20.78511324027249,18.081003376382203
2017-03-27,0.0039844469751768585,-0.0018607719181554573,-0.0004953326211567733,0.05442248133508354,0.06814333831796485,75100000.0,-0.9299999999999997,-0.6061680000000003,-4.07,-4.004913684579645,0.32383199999999945,5.701947458710471,13.122363377404328,18.134331116734362
2017-03-28,0.0015855402084907766,-0.0012654265562145994,-0.0002562195798591442,0.04894029767416437,0.06459670124024777,101650000.0,-0.9499999999999993,-1.2217450000000003,,-3.614217531211536,-0.271745000000001,5.516568971781819,,18.43704609803863
2017-03-29,0.0013954080660791846,-0.00013306088025846207,0.0002481425229238168,0.04324245855865467,0.05597109706156261,44800000.0,-0.7300000000000004,-0.977957,-2.7699999999999996,-2.7594013940836444,-0.24795699999999954,5.351858133476067,14.73180128983843,17.617718697385214
2017-03-30,0.002189121894556223,-0.0006658745746575434,0.0003948659966221428,0.04498356040658374,0.05308674242947862,88100000.0,-0.8499999999999996,-0.881043,,-2.2659452032380303,-0.031043000000000376,5.5137512747921935,,18.29398309090641
2017-03-31,0.004265077443870169,-0.0021257556912029686,0.0003062818696844734,0.03613488626354245,0.05468980334697831,102050000.0,-0.7799999999999994,-0.16766800000000082,,-2.672665277202288,0.6123319999999985,5.308465697599852,,18.440973447220127
2017-04-03,0.0015002795887246734,-0.0016289222139125314,0.00010507733155132182,0.03217099604621929,0.054292462122083156,63400000.0,-0.8000000000000007,-0.7406579999999998,,-2.064927635066258,0.059342000000000894,5.199932464626635,,17.964974419407454
2017-04-04,0.00044732722732021557,-0.0014012796176784193,2.2833396562668828e-05,0.033263933333628336,0.054151076106850375,43050000.0,-0.8599999999999994,-0.9440089999999994,,-2.0593282568512414,-0.084009,5.205104984825858,,17.577872788838015
2017-04-05,0.0017592967352575428,-0.0020322205779457645,-0.000273629757589367,0.022280372818220213,0.051964476381522094,258450000.0,-0.8699999999999992,-0.9000000000000004,,-1.975797682709448,-0.030000000000001137,5.26413991474645,,19.370212809606322
2017-04-06,0.00048011523687740976,-0.001498373151659038,-0.00048061404513572673,0.02833260714268841,0.048665694244078066,63400000.0,-0.7100000000000009,-0.7802279999999993,-1.2899999999999991,-1.2870588971712529,-0.0702279999999984,4.983469626023486,17.111347423968603,17.964974419407454
2017-04-07,0.0017584530148626598,-0.00029366705991247245,-0.0006121075882372651,0.023055682166473013,0.045955298471979954,92650000.0,-0.7599999999999998,0.026400000000000645,-0.7400000000000002,-1.1939856418628647,0.7864000000000004,5.129957884770136,15.424948470398375,18.344339510695644
2017-04-10,0.0031033569929181937,-0.0006142825407511765,-0.000444991388337323,0.030079997250145464,0.04158118755830397,40550000.0,-0.7400000000000002,-0.36820499999999967,,-0.756754872239064,0.37179500000000054,5.271305817301187,,17.518046338525696
2017-04-11,0.002502487750838611,-0.0010253146454548556,-0.0005777605388412559,0.032778755791097784,0.04208258242961822,27050000.0,-0.39000000000000057,-0.5632979999999996,,-1.0856508252750903,-0.17329799999999906,5.291645156779972,,17.113197563256765
2017-04-12,0.0019255461661948914,-0.0002883460651643688,-0.0006776090998389437,0.0376563503694432,0.039757182366982544,55700000.0,-0.16000000000000014,-0.858231,-1.2650000000000006,-1.3388076764341719,-0.6982309999999998,5.4507809096745055,15.201804919084164,17.835490704897513
2017-04-13,0.0009623096171642587,-0.0005768310359727024,-0.0008331841689385113,0.037191370289991005,0.038251523206727756,56350000.0,0.4800000000000004,-0.20833299999999966,,-1.9530485361150092,-0.6883330000000001,5.554431369532155,,17.84709279845006
2017-04-14,0.002635047638005261,-0.0014555311665462867,-0.0010936245915042417,0.0326081660068508,0.036285996892534284,69550000.0,0.6099999999999994,0.9554449999999992,-2.1099999999999994,-2.104607737839924,0.3454449999999998,5.4869522853985835,13.997832114758229,18.057556476333726
2017-04-17,0.0005468611913101995,-0.0007254875297006081,-0.001112486035149949,0.0312561412972244,0.03603093373116513,29650000.0,-0.0600000000000005,-0.6361729999999994,-1.4399999999999995,-1.4348169503299761,-0.5761729999999989,5.587435906785779,17.41282281855272,17.20497268340801
2017-04-18,0.001124949897664429,0.0,-0.0010963033864254494,0.02877384645108469,0.036274851117291534,87800000.0,-0.4299999999999997,-0.8904999999999994,,-1.063492089470813,-0.4604999999999997,5.699272319178315,,18.290572058605346
2017-04-19,0.00032118195233543645,-0.000320872842771891,-0.0008637581973525684,0.023841436878472337,0.03428571313554005,50450000.0,-0.7200000000000006,-0.2382080000000002,,-0.7710094267416441,0.48179200000000044,5.57980529483649,,17.736493304763894
2017-04-20,0.0041660050638974155,0.0007047900934404438,-0.00046221413175261984,0.0384634740683128,0.03613480039780483,59600000.0,-0.7599999999999998,-0.8974679999999999,-0.7400000000000002,-0.7348833736547924,-0.13746800000000015,5.623186836366925,17.01825700090259,17.90316613203558
2017-04-21,0.0011186577275239529,0.0014555311665462867,-0.0004315612198438213,0.02469731846120718,0.03641288701042403,118250000.0,-0.7200000000000006,-0.5126299999999997,-0.7799999999999994,-0.7656096839325919,0.20737000000000094,5.501707089375386,17.182806387950748,18.588311585336317
2017-04-24,0.004000965567643178,0.0005459658147556112,-0.0007665752058676372,0.046616077903676584,0.036130003890654065,105700000.0,-0.7100000000000009,-0.785717,-0.7899999999999991,-0.7899166038052119,-0.07571699999999915,5.506022354173055,17.909855120186375,18.476115450840467
2017-04-25,0.0008335203893601317,0.0004876799130947518,-0.0005371481885087329,0.04643359651835219,0.03454330826685716,79050000.0,-0.7799999999999994,-0.9394869999999997,,-0.7186717616782374,-0.15948700000000038,5.71042701737487,,18.185591121619755
2017-04-26,0.003327151319323818,0.001088873786492428,-0.000303210496708038,0.050481921111855364,0.03678401626263675,66700000.0,-0.9199999999999999,-1.031924,-0.5800000000000001,-0.5799174259585538,-0.11192400000000013,5.741303025403381,16.58182966719046,18.01571551088585
2017-04-27,0.003857131700622851,0.0010270991138375152,-0.00018598556172976814,0.04933028206106633,0.03913003186670042,93350000.0,-0.8499999999999996,-0.8989069999999995,-0.6500000000000004,-0.6493144181585677,-0.04890699999999981,5.601675918384825,15.907374619642667,18.351866427952007
2017-04-28,0.0007632859830559724,0.0009560247649439191,-4.5394710414901696e-05,0.04935323689805726,0.03855807618225312,68450000.0,-0.8599999999999994,-0.6871779999999994,-0.6400000000000006,-0.6399247823742407,0.17282200000000003,5.766412926586964,17.33003662493343,18.04161410969873
2017-05-02,0.002635214961402177,0.00228326087075299,0.0002831906422171148,0.022593612507190556,0.03639153933696509,53500000.0,-0.9000000000000004,-1.0551999999999992,-0.5999999999999996,-0.5995199778112372,-0.1551999999999989,5.6937321388027,17.96655046386292,17.795192211866237
2017-05-03,0.0002853293195226314,0.0021736226567854898,0.0003682196378479388,0.025015071195738047,0.03580996371161163,90900000.0,-0.9600000000000009,-0.8765389999999993,-0.5399999999999991,-0.5399303819844743,0.08346100000000156,5.716929012326088,16.11809565095832,18.325270559147707
2017-05-04,0.0008871709336366607,0.0016856265796480585,0.0004317671693220758,0.023899213409475577,0.035725310511935865,75200000.0,-0.9600000000000009,-0.5389060000000008,-0.12333333333333307,-0.5336288123458743,0.4210940000000001,5.660805381801061,16.300417207752275,18.135661788920068
2017-05-05,0.007886476206915738,0.002491495480906636,0.0008910896903779463,0.04991908479629175,0.04313003031390708,132500000.0,-0.9800000000000004,-0.7536000000000005,-0.5199999999999996,-0.5199562068436396,0.22639999999999993,5.4869522853985835,17.47135015800001,18.70209320339055
2017-05-10,0.00047121653271187114,0.0024330815908378154,0.0008906659425605397,0.050594602319603374,0.04313110971273313,61900000.0,-0.9800000000000004,-0.8367900000000006,-0.5199999999999996,-0.5197640515982478,0.14320999999999984,5.720836229222028,16.811242831518264,17.941030737654824
2017-05-11,0.0081993521486865,0.0002661681688200801,0.00041648474429629393,0.09055505326140126,0.053220556305816916,110850000.0,-0.9900000000000002,-0.9999249999999993,-0.5099833333333326,-0.5099673046130402,-0.009924999999999073,5.706877679563504,17.72753356339242,18.523688494026594
2017-05-12,0.0,0.00020910230491555382,0.0005642636487209698,0.09057390355578653,0.05169844975609988,72500000.0,-0.9900000000000002,-0.6608140000000002,-0.5099999999999998,-0.5098681984546563,0.329186,5.579465640148821,18.155412266337486,18.099097119824904
2017-05-15,0.009704952474520745,-0.0019093223767159273,0.00022128913806943965,0.11381215945763795,0.06206333488767504,99550000.0,-0.9199999999999999,-0.9999350000000007,-0.5800000000000001,-0.5799685189455079,-0.07993500000000076,5.0106352940962555,17.73152558466196,18.41617058847448
2017-05-16,0.002080500070286817,-0.0039027176321564383,3.052503157031068e-05,0.075219868969958,0.062228527517023596,74100000.0,-0.9600000000000009,-0.5572689999999998,-0.5399572769953025,-0.5398618669971071,0.40273100000000106,5.4991744082830065,18.260511991799543,18.120926090266316
2017-05-17,0.0034225248115831164,-0.0033124559763821892,0.0002393266710344714,0.08788365118746967,0.06319339238157516,119550000.0,-0.9600000000000009,-0.5878300000000003,-0.5399999999999991,-0.5399576030534359,0.37217000000000056,5.748309596706279,18.79706027116543,18.59924525186861
2017-05-18,0.0012764465466075237,-0.0014172962373233844,0.0004255882988731754,0.08008918594307693,0.06239932853991911,105550000.0,-0.9700000000000006,-1.1090800000000005,-0.5299999999999994,-0.5299203082003299,-0.13907999999999987,5.611484420509835,18.1436088506126,18.474695332258605
2017-05-19,0.004122399382834097,-0.0022417761138902037,0.00020324255724725657,0.08083692786335045,0.06435083926890599,66850000.0,-0.9600000000000009,-0.6083759999999998,-0.5399999999999991,-0.5399695851573885,0.35162400000000105,5.5506312951620265,18.792244300384848,18.017961861512227
2017-05-22,0.004589740536744102,-0.0012187337263348751,-6.88855586769592e-05,0.0551652326339077,0.06633390911352609,124100000.0,-0.9399999999999995,-0.9901940000000007,-0.5600000000000005,-0.5599300228800228,-0.05019400000000118,5.376435145811989,17.72753356339242,18.636598250174835
2017-05-23,0.0027307060579451203,-0.0002564925006884877,4.585368444731146e-05,0.060724246548042815,0.06703388753046342,103550000.0,-0.6300000000000008,-0.7220410000000008,-0.8699999999999992,-0.8699636257052816,-0.09204100000000004,5.3610104358864605,18.064005800013632,18.455565145805867
2017-05-24,0.0025698697085836386,-0.0014549714047218387,-0.0002749022570994054,0.05214811328360135,0.06586831580293538,88150000.0,-0.3699999999999992,-0.5213090000000005,-1.1300000000000008,-1.1299330069722604,-0.15130900000000125,5.227197234044911,18.064005800013632,18.294550466808154
2017-05-25,0.001126398059395406,-0.0019355403259224246,-0.0003818096755241368,0.04672749201136221,0.0657288149206477,81800000.0,-0.9199999999999999,-0.9440790000000003,-0.579959123658286,,-0.024079000000000406,5.498724390888376,21.030897584705812,18.219787801572977
2017-05-26,0.0009655617100339242,-0.0009179481073488205,-0.00014530837658713192,0.045675184450537684,0.06452373974337071,109150000.0,-0.9800000000000004,-0.9999520000000004,,-0.5219423087930153,-0.01995199999999997,5.714821321771417,,18.508233640960228
2017-05-29,0.00048266431634491624,-9.653286326898325e-05,-0.00020798383876356277,0.03219086369813225,0.06443318590953945,47800000.0,-0.9700000000000006,-1.018179,,,-0.048178999999999306,5.574736246721107,,17.682536197461683
2017-05-30,0.0027320225912292884,-9.626955661214964e-05,-0.00023632330200615943,0.032198148773026194,0.06405363612266199,117300000.0,-0.9800000000000004,,-0.5199642142915213,-0.5199298951290192,,5.898416806057909,21.055299666968693,18.580245313623703
2017-05-31,0.002756588706261276,0.0009690221263568332,-0.00028873011126147254,0.028399130954368343,0.06327618867972004,83750000.0,-0.9900000000000002,-0.8683820000000004,-0.5099999999999998,-0.5099253606462781,0.12161799999999978,5.990814335766395,15.80338490611862,18.24334672866945
2017-06-01,0.0006079902908844304,0.0013158997964128004,-0.00029612514422202213,0.022365167345107677,0.06324593616157122,55900000.0,-1.0,-1.6512460000000004,,-0.4999550316157677,-0.6512460000000004,5.724989344300599,,17.83907493812533
2017-06-02,0.0044048716247955255,0.002003761779365121,-0.00021185577929852935,0.030733610395384213,0.06456278176553361,49500000.0,-1.0,-1.8566380000000002,-0.5,-0.4999052161383286,-0.8566380000000002,5.635432253767968,16.70588231586044,17.717483227538917
2017-06-05,0.003030257019647209,0.0014942432387046623,-0.00036974084306852175,0.045495020076752726,0.06525893768295038,75800000.0,-1.0,-1.1797579999999996,-0.5,-0.4999562555578354,-0.17975799999999964,5.543809321526008,17.665658159674333,18.1436088506126
2017-06-06,0.0010547681287293997,0.0007368850947129246,-0.00046221413175261984,0.04692476245174305,0.06513427019800559,41200000.0,-1.0,-1.5,-0.5,-0.4999141290670508,-0.5,5.614113022658617,16.41076526492114,17.533948814319753
2017-06-07,0.0009589260763576135,0.00037735256873219216,-0.0007920974713030068,0.04367300716828759,0.057973253304033565,48950000.0,-1.0,-1.4059919999999995,-0.5,-0.4999398006580229,-0.40599199999999946,5.701580051101001,16.12804598181149,17.706309926940794
2017-06-08,0.0035082160044481725,0.0009573977114449405,-0.0006474784488393734,0.049148175157051624,0.05973493888850043,65650000.0,-1.0,-1.0073729999999994,-0.5,-0.49991537355030147,-0.007372999999999408,5.688093375191561,17.622173047734595,17.99984815871308
2017-06-09,0.005080989019345061,0.0010926211903548478,-1.5081250361679923e-05,0.05227117507585244,0.056190103139698126,113350000.0,-1.0,-1.1543130000000001,-0.5,-0.49996292885102456,-0.15431300000000014,5.657703631531674,16.70031127081098,18.54599093491781
2017-06-12,0.0026888114261893747,0.0022364348795221646,0.00011295738898067125,0.03754715939309883,0.056965832299389715,50750000.0,-1.0,-0.5822330000000004,-0.5,-0.49994258761791777,0.41776699999999956,5.734731895300136,15.123843377614453,17.74242217588617
2017-06-13,0.001580778071827993,0.002131232890902446,0.0004998228367279452,0.04051994656932473,0.045023546993116156,55800000.0,-1.0,-0.9315519999999999,-0.5,-0.49995402376909936,0.06844800000000006,5.680889075842892,16.569171270318538,17.837284427351538
2017-06-14,0.0012648223030069516,0.0021924121362323135,0.0006591239021228865,0.0400174710713186,0.04408953689989557,65250000.0,-1.0,-0.7106180000000002,-0.5,-0.4999422437064478,0.2893819999999998,5.6798312538336875,16.530205301785152,17.993736604167076
2017-06-15,0.004099658848248922,0.0023107007049924634,0.0006913683800593535,0.041437714888340235,0.04468269742273689,92100000.0,-1.0,-0.9041709999999998,-0.5,-0.49996663577386435,0.09582900000000016,5.679660532535792,17.182806387950748,18.338385501225535
2017-06-16,0.007368536906254164,0.002768210282374284,0.0009814679209949077,0.052719106561846814,0.050316277929079396,153500000.0,-1.0099999999999998,-1.0842720000000003,-0.4900000000000002,-0.48994035030390215,-0.07427200000000056,5.763653871693592,12.206072645530174,18.849211124991527
2017-06-19,0.0007813110796712763,0.0020741857812021534,0.001140567364002661,0.05848866899260748,0.047285938705051,61850000.0,-1.0,-1.1983940000000004,-0.5,-0.4999660724445292,-0.1983940000000004,5.19833127167211,17.096421773751928,17.94022265680277
2017-06-20,0.008219992106992535,0.004034339816966259,0.0017505546327520247,0.061225788612339384,0.04853099481011666,185550000.0,-1.0,-0.9690469999999998,-0.5,-0.4992596233317528,0.03095300000000023,5.112951179567857,17.18967926723851,19.03883494547088
2017-06-21,0.012051495086812913,0.006191674373727451,0.002194401729364777,0.07647643312904565,0.060232918972119014,243550000.0,-0.9900000000000002,-1.2618200000000002,-0.5099999999999998,-0.5099073276136004,-0.27181999999999995,4.815269023781492,17.327055996795295,19.310832818216827
2017-06-22,0.004432563619676699,0.006258255328013007,0.002527850935472412,0.07593733434863356,0.05810080698177106,149300000.0,-0.8800000000000008,-0.8613400000000002,-0.619929411764705,-0.6199372080241812,0.018660000000000565,4.75763372911456,16.64872390202049,18.82146826250942
2017-06-23,0.005658805342920736,0.003652786878178027,0.002312022017209301,0.11179212596629283,0.06355778858089652,107900000.0,-0.9600000000000009,-0.8705250000000007,-0.539985215053763,-0.5399681370668699,0.0894750000000002,4.457481913088487,17.431819319243374,18.496715430228363
2017-06-26,0.003687773079184886,0.003071494478275305,0.0020904346462941197,0.12061121089529368,0.06676320959990284,73900000.0,-0.9900000000000002,-0.7321749999999998,-0.5099999999999998,-0.5099351319849159,0.2578250000000004,4.747884288187267,17.521738650412825,18.11822338591843
2017-06-27,0.006331578560771156,0.00016118034472256682,0.0018119149203690605,0.125616138733926,0.07243686614253692,110750000.0,-0.8900000000000006,-0.8399999999999999,-0.6099999999999994,-0.6099680531595428,0.05000000000000071,5.520340290193543,18.184958410431296,18.52278596688952
2017-06-28,0.0035567964505318628,-0.0015377593825336433,0.0018511898660501355,0.08179051794036514,0.0726249708750189,117450000.0,-0.9100000000000001,-0.8529060000000008,-0.5899999999999999,-0.5899373293459895,0.05709399999999931,5.333346615467431,18.356675413976454,18.581523269069194
2017-06-29,0.006349227678658309,-0.003694117642200645,0.0014175795620063457,0.06661697203909508,0.07785639556296528,118350000.0,-0.9600000000000009,-0.8389539999999993,-0.5400316161557619,,0.12104600000000154,5.499297105160525,21.268898602217806,18.589156893924265
2017-06-30,0.0013971903227671945,-0.0022829185090630587,0.001455160515905525,0.07211361327663433,0.07780097292322607,85450000.0,-0.8599999999999994,-0.9680540000000004,,-0.6386721555897896,-0.10805400000000098,5.46730035890281,,18.263441967525875
2017-07-01,0.007161793027620433,-0.0029777224987501683,0.0009043669610285745,0.080147261766808,0.08245400243580306,117700000.0,-0.5,-0.25996600000000036,,,0.24003399999999964,4.840874519347159,,18.583649572230506
2017-07-03,0.005143002063237034,-0.0006828063739485301,0.0012935697744992528,0.09061210972520127,0.08240078407504654,58650000.0,0.3800000000000008,-0.7346059999999994,,-0.9481787932564334,-1.1146060000000002,5.783271182746457,,17.88709813306376
2017-07-04,0.0030111621926325327,-0.0007919332255283962,0.0014871855040879162,0.08907349219920936,0.0821441208847283,60500000.0,-0.8399999999999999,-0.6453640000000007,,,0.19463599999999914,5.629346243503184,,17.91815392300107
2017-07-05,0.005656281017535569,0.0016091685137103796,0.001710869072715438,0.08241277421294711,0.08336609911716111,188700000.0,-0.9900000000000002,-0.36431400000000025,0.40046742913973254,0.5237894275700938,0.625686,5.658157296629925,19.11931285474288,19.05566901033878
2017-07-10,0.006941486192915569,0.0027180276877400546,0.0018743581293091235,0.09051540133620978,0.08512848059704022,86600000.0,-1.0299999999999994,-0.7302009999999992,-0.34027027027027046,-0.23228604651162854,0.29979900000000015,5.744156368794474,17.831893578716663,18.276810373532662
2017-07-11,0.004184553823710857,0.004987297058006312,0.001831670739040828,0.02359934536152906,0.08475885224796031,215250000.0,-1.0099999999999998,-1.25943,0.26588443396226324,0.011382504288164341,-0.24943000000000026,5.732499498753695,18.255806100762133,19.187310701272114
2017-07-12,0.0021921820982209184,0.004397133065003089,0.0018080217234232826,0.030624946089371767,0.08471301881256407,57950000.0,-1.0,-1.3595900000000007,-0.0417233560090704,-0.01760869565217149,-0.35959000000000074,5.679592235854983,17.601970340417076,17.875091127750036
2017-07-13,0.0028019753971948447,0.003234505547037614,0.0017498694698343848,0.06046647454412163,0.08543113566511322,56700000.0,-0.9800000000000004,-1.4517679999999995,-0.13302083333333314,-0.0026069160197597085,-0.4717679999999991,5.536782933960031,16.77042083699801,17.853284768697982
2017-07-14,0.0011596327095233505,0.0018713228016258299,0.0016344192311424656,0.06259215618333007,0.08601540151161637,87850000.0,-1.0,-0.5962569999999996,-0.0552668463611834,-0.0028918973124767433,0.4037430000000004,5.453053589197347,17.429127527577663,18.29114137259738
2017-07-17,0.005050902296916959,-0.0005271548963406758,0.0011986782242298048,0.05920261435868992,0.088515381244987,50900000.0,-1.0,-0.8945889999999999,-0.12880597014925144,-0.0360544096728308,0.10541100000000014,5.564367138872703,17.327055996795295,17.74537348152075
2017-07-18,0.0,-0.0013640656610828471,0.0008477955144081779,0.04362581846834734,0.08567878033217237,44050000.0,-1.0,-1.1208679999999998,-0.05111524163568859,-0.05935999999999986,-0.12086799999999975,5.667671587643842,17.872499333642605,17.60083591034646
2017-07-19,0.0016558325873301527,-0.0014713355632610004,0.0009638499747415792,0.040955821139479535,0.0855106787858827,56150000.0,-1.0,-1.3742610000000006,-0.18030888030888015,-0.01569344163658215,-0.3742610000000006,5.6610489320693,17.069753526669768,17.843537239148727
2017-07-20,0.0015023995222041009,-0.0012114203882628515,0.0005008789447798346,0.039301552401872546,0.08166143015551017,80050000.0,-1.0,-1.1278950000000005,-0.08323529411764774,-0.012300773694390088,-0.12789500000000054,5.6513306146537765,17.341871082580436,18.198161997407
2017-07-21,0.0027654035137780753,-0.0015325745491137966,-0.00020468765524830768,0.040793263696071856,0.07064161959726076,55550000.0,-0.9900000000000002,-0.5099999999999998,-0.06103448275862,-0.01904011461317978,0.4800000000000004,5.550009501266662,18.56910074907064,17.832794074049914
2017-07-24,0.007662872745568983,0.0010101804593833918,-5.0863411158198956e-05,0.06461126464040184,0.07411441838632754,135600000.0,-0.9900000000000002,-0.9192490000000006,-0.02684931506849253,0.005189978331527456,0.07075099999999956,5.521740878669562,18.105969999112666,18.72521993347057
2017-07-25,0.0018337413451412488,0.0006434321903551421,0.0001312824934979671,0.0676571839968379,0.07160978858236755,43100000.0,-1.0,-0.9980650000000004,0.17777777777777537,0.07491613597246172,0.001934999999999576,5.6638975409572865,17.14771506813948,17.579033555073977
2017-07-26,0.0006116208141735413,0.00043458983572381983,0.0003360155360388446,0.06707642951820271,0.07025670604990747,92600000.0,-1.0,-1.0664890000000007,0.004444444444443363,0.09136927083333113,-0.06648900000000069,5.724271141083516,16.929025867174648,18.343799699616408
2017-07-27,0.0022342274432372022,0.00028822425151719955,0.000531127494016652,0.06859191377857399,0.06670092526514859,83700000.0,-0.9900000000000002,-1.3009260000000005,0.06916666666666771,0.07832852498984089,-0.31092600000000026,5.72652196162569,17.686711568872166,18.242749535459705
2017-07-28,0.0020202027072757645,0.0012453454957279675,0.00045795636338540914,0.0633862510950926,0.0660317077676893,61200000.0,-1.0,-1.1331380000000006,0.06559999999999988,0.08362871564778551,-0.13313800000000064,5.69127120071913,17.43985149094064,17.929657747482555
2017-07-31,0.006461664105508191,0.0010051037677158091,0.0010679988292980997,0.055850082022272686,0.06428079135965373,82550000.0,-1.0,-1.1503069999999997,6.666666666887977e-05,0.06233776951672887,-0.15030699999999975,5.730456862070388,17.216707939626428,18.228914728330412
2017-08-01,0.006903052026695278,0.0027524624420831147,0.0013301827199613417,0.061977733158740965,0.06739042114835687,100400000.0,-1.0,-1.3545429999999996,-0.18181818181818166,-0.04520602409638563,-0.3545429999999996,5.630028286067539,17.739462134257693,18.424672765221903
2017-08-02,0.01491402823244048,0.005612943925736502,0.002381412303773766,0.10145436418341144,0.07526881517446275,281300000.0,-1.0,-0.6999999999999993,0.0,0.011359329664832885,0.3000000000000007,5.708106446136256,17.635418274484614,19.454932273460084
2017-08-03,0.0034541320112335683,0.005368963012137229,0.0019720249668942137,0.10758329081009622,0.07716236661933451,273000000.0,-0.9900000000000002,-0.5,0.015000000000000568,0.013547951373256595,0.4900000000000002,5.6558869102130815,17.50439001207821,19.424982353149232
2017-08-04,0.00989216699661899,0.002986489071358278,0.0013575807197869984,0.15411847521106609,0.08725876325011082,49850000.0,-1.0,-1.2586960000000005,-0.06346358792184859,0.06117608120035278,-0.2586960000000005,5.786437152778389,17.84620509310992,17.72452905437212
2017-08-07,0.0004517732175326472,0.0017845108937631694,0.0011097470150249543,0.1514639497431407,0.08587982636590973,97500000.0,-0.9900000000000002,-0.13618699999999961,0.0344444444444445,0.06734899328859001,0.8538130000000006,5.782131441067177,17.69913408887072,18.395362935968077
2017-08-08,0.0013540963477289836,0.0006747197579699104,0.0008436808319208312,0.1446183515255299,0.08323971307863452,62350000.0,-0.9900000000000002,0.3278850000000002,-0.019762232415901693,0.05372015209125536,1.3178850000000004,5.500318994108818,18.689179996987374,17.94827423009032
2017-08-09,0.00042107796579848866,-0.0023923014816778832,0.0006243650324203862,0.0724795359604201,0.08243569509633672,50900000.0,-1.0,0.25083000000000055,0.025650759219088215,0.022646529562981854,1.2508300000000006,5.6470710197387595,18.339470688526823,17.74537348152075
2017-08-10,0.0008720362597989251,-0.0015270678274713844,0.0005615009448764818,0.0749516855744259,0.08224597022120339,106650000.0,-0.9900000000000002,-0.7995040000000007,-0.28439387938793814,0.01902543859649164,0.19049599999999955,5.613638924803235,18.537574495423865,18.485063002881635
2017-08-11,0.0003908187702874599,0.00037320181779492144,0.0006763179271101668,0.012377462753250822,0.08142355342611689,98450000.0,-1.0,-0.1428560000000001,-0.003225806451613522,0.02623351245725658,0.8571439999999999,5.433023069400328,17.942644943009366,18.405059363049407
2017-08-14,0.00012026819822708035,0.0003069008139338081,0.0007372655893839968,0.012468296709804774,0.08118027450927996,61750000.0,-0.9900000000000002,-1.0077879999999997,-0.06429864253393625,0.006956717763753062,-0.01778799999999947,5.48968125132622,17.604235347047926,17.93860453347236
2017-08-15,0.0016222065561759536,0.00036052285562320207,0.0010550326776265165,0.013944804433555977,0.07842990294893999,114650000.0,-1.0,-1.0060330000000004,-0.045669291338581885,0.002708528584815184,-0.006033000000000399,5.403982835702818,17.96655046386292,18.557394567268187
2017-08-16,0.0009910357133477987,0.00024653130611334005,0.0010078405008004307,0.016338926311862664,0.07867263812515182,90800000.0,-1.0,-1.0060389999999995,0.0,0.019606384778011687,-0.0060389999999994615,5.39829843891135,17.216707939626428,18.32416984357152
2017-08-17,0.001112330446734866,-0.00015034203519341814,0.0008760232134640013,0.017579136127858958,0.0789691982073615,49450000.0,-1.0,-1.3058250000000005,-0.04021686746987996,-0.002547106041404845,-0.30582500000000046,5.412806093032734,17.541203985200926,17.716472616032995
2017-08-18,0.0024034862103547994,0.0004085189609350337,0.0010620177721572823,0.024857366447594648,0.07864541582677524,43850000.0,-1.0,-0.5,0.0,0.03190347349177358,0.5,5.547089677496061,17.576710673657836,17.596285276782467
2017-08-21,0.0003001200502721346,0.0003244413112351907,0.0011794122228004223,0.025338981877470725,0.07759029453126612,72050000.0,-1.0,-0.9000000000000004,-0.010890233362143675,-0.018890054972514392,0.09999999999999964,5.671224847096026,18.566511192163905,18.092870880409805
2017-08-22,0.0012013817333249577,-0.00024027634666499154,0.0007573048666626157,0.024128342381594062,0.07426226219830703,103600000.0,-1.0,-1.2105460000000008,-0.02564102564102555,0.023051390058972387,-0.2105460000000008,5.878323844131193,18.172219384653864,18.45604788778966
2017-08-23,0.0028509284821067737,0.000528116492425923,0.000980384382245855,0.031027123766342743,0.0739753649808913,56550000.0,-1.0,0.05000000000000071,-0.01217948717948758,-0.0024967682363801202,1.0500000000000007,5.799456224724484,18.172219384653864,17.850635760526405
2017-08-24,0.007218076451477984,-0.0006930327085227006,0.0006075416553100679,0.06405963137643773,0.07925127553706883,80600000.0,-0.9700000000000006,-1.3501200000000004,0.0014779270633411556,0.0646448496994001,-0.3801199999999998,5.499624223253072,17.768675506723596,18.205009207476856
2017-08-25,0.006618556049827973,0.00014998125937193407,0.0010291027740274572,0.08150853493015138,0.08116190795978158,86650000.0,-0.9600000000000009,-0.75,0.1005456570155907,0.059163613655288216,0.21000000000000085,5.521140866651321,18.313095533272428,18.27738757412589
2017-08-28,0.0011986815939311057,0.00044974158821258213,0.0009899827210110449,0.0816814480894436,0.08108536234752264,90950000.0,-0.9900000000000002,-1.3424619999999994,0.2481896551724141,0.2118578497525867,-0.35246199999999916,5.837759601259906,18.058275125304647,18.325820462928405
2017-08-29,0.0042437528200478525,0.001538768498887144,0.0008843678978938859,0.08386524371531377,0.07954901517029925,144400000.0,-0.9800000000000004,-1.2327030000000008,0.21261636107193205,,-0.25270300000000034,5.719918256565605,19.463075352622248,18.788097784423
2017-08-31,0.007427909482542461,0.0024541646989742817,0.0009093611100770851,0.0940527432071045,0.08006845252647662,176450000.0,-0.9900000000000002,-1.25,,0.9073788819875759,-0.2599999999999998,5.928684478985274,,18.988548108085553
2017-09-04,0.003309891313026725,0.0045597582518752235,0.000356783161533573,0.04002123918686279,0.06270187181249842,78700000.0,-1.1199999999999992,-1.0446500000000007,,,0.07534999999999847,5.9420904624901825,,18.18115371338763
2017-09-05,0.0053259700114161035,0.00430124104419285,0.000774883257850224,0.03675049654590704,0.06335147497818294,107850000.0,-1.0999999999999996,-1.2354310000000002,0.6186221966647469,0.5692199519230758,-0.13543100000000052,5.909115014090957,18.973990979324512,18.49625193079944
2017-09-06,0.0019057397836981238,0.004442652682146253,0.0013366883426272295,0.03315705934538176,0.050122901439279124,81950000.0,-0.9499999999999993,-0.9936819999999997,0.24757317073170704,0.4000365472910907,-0.04368200000000044,5.632286472951131,18.222229805228526,18.221619863154114
2017-09-07,0.01728383375609166,0.0001371353669183506,0.0004921356295975005,0.1581016307688635,0.08174611842975302,164950000.0,-0.9900000000000002,-1.2079020000000007,0.08947555555555553,0.22361116504854373,-0.21790200000000048,5.927006022770581,18.31532022829454,18.921152955638863
2017-09-08,0.00011921437739559337,-0.0013722894050692603,0.0004219779760201397,0.1446851475621915,0.08170968868979858,125200000.0,-0.9800000000000004,-0.9277999999999995,0.0329311258278171,0.04489285714285707,0.05220000000000091,5.677849092629697,18.13964321421925,18.64542301663027
2017-09-11,0.005327829170030718,-0.0009687018336684616,0.0006957354586786733,0.14943064103248502,0.08337227858707524,118600000.0,-1.0199999999999996,-0.9519269999999995,0.06801818181818398,0.02328073022312438,0.06807300000000005,5.849785768776044,18.7391344750709,18.5912670445279
2017-09-12,0.006494355601867063,-0.0007350247155782696,0.0009634649511581085,0.1527252397695464,0.08576270321763448,105150000.0,-1.0099999999999998,-0.7226350000000004,-0.019788767812240593,0.009936456733230514,0.2873649999999994,5.827002554614793,18.597151887068144,18.470898460112984
2017-09-13,0.0017688683857448595,-0.0014699463494668662,0.0008978435408982323,0.1509399271086423,0.08616878506848792,69750000.0,-1.0199999999999996,-0.3085640000000005,0.03961920529801333,0.03709752925877474,0.7114359999999991,5.7888892612867595,18.60964684346499,18.06042797866575
2017-09-14,0.0007079228659749859,0.002128404974946463,0.0009258270965052754,0.05699155146529846,0.08612600387011166,59100000.0,-0.9800000000000004,-1.2428139999999992,-0.15924050632911602,-0.041675646551723844,-0.26281399999999877,5.73956780645899,18.184958410431296,17.894741482376325
2017-09-15,0.0013554529582116004,0.0024233384420679015,0.0009131245442212586,0.05422188799178272,0.08610378178055328,100750000.0,-1.0899999999999999,-0.875,0.0223529411764698,0.0676661101836391,0.21499999999999986,5.785085925720236,18.03501826314038,18.428152758791068
2017-09-18,0.0016182423538770863,0.0016814210788371753,0.001037375880755777,0.0477073080768303,0.08585077422286377,40050000.0,-1.0199999999999996,-1.0062859999999993,-0.1015953307393005,-0.021586465016804723,0.013714000000000226,5.800788185931274,17.06200154986545,17.505639231478643
2017-09-19,0.003668113569270659,0.0011161726723178944,0.0012650160719941354,0.031058770965699225,0.08593961889409131,131650000.0,-1.0,-0.560784,-0.46378830083565425,-0.1430628778718237,0.43921600000000005,5.721000064273266,18.08939503401845,18.695657443906594
2017-09-20,0.0010724366295677967,0.0012554590235533069,0.001099495936759726,0.027128004161333957,0.0862025537031651,96400000.0,-0.9900000000000002,-0.28159199999999984,0.07153594771241778,-0.02599355814958848,0.7084080000000004,5.757228450361827,17.929657747482555,18.384016759580774
2017-09-21,0.0012736055021846937,0.000859153349921371,0.0010531394866686518,0.032718904128517474,0.08646726258098732,77200000.0,-1.0099999999999998,-0.28840600000000016,-0.21175266903914647,-0.06179955171309537,0.7215939999999996,5.818390103670691,18.537574495423865,18.161910014995005
2017-09-22,0.0016606922040045546,0.0009202011990799619,0.001189428721779581,0.033080360646642784,0.08609459578286445,88500000.0,-1.0,-0.7558919999999993,-0.1226239669421485,-0.05436323480571126,0.24410800000000066,5.662578462732144,17.7667542765457,18.298513109978156
2017-09-25,0.0006853499277479358,0.0007336227138541318,0.001086305933476779,0.0324980296194843,0.08589460903246648,63050000.0,-1.0,-0.8798130000000004,0.009978991596637954,0.0016210526315791896,0.1201869999999996,5.755868787854532,17.678343319201648,17.959438620375202
2017-09-26,0.005286355923147745,-0.001057271184629549,0.0011782926253020285,0.04226633671518172,0.0837759535537883,114050000.0,-0.9900000000000002,-0.694858,-0.09118556701030833,-0.02449725776965117,0.29514200000000024,5.769289276858321,17.4739308045935,18.55214750669467
2017-09-27,0.0015300420803994186,-0.000536775442636106,0.0009359824362816212,0.04607411651993049,0.0814341335358701,106050000.0,-1.0,-0.8412070000000007,-0.016094249201275446,-0.0007756613756608743,0.1587929999999993,5.514677965565414,17.952275836070328,18.479421238974965
2017-09-28,0.002451347242782731,0.00020821510635737894,0.000995633181465032,0.04976254785097828,0.08160049527780502,233300000.0,-0.9900000000000002,-0.9517380000000006,0.3890283400809711,0.03685101088646903,0.038261999999999574,5.41880784488266,18.408608162718096,19.267835736991657
2017-09-29,0.0013148747355113954,-0.0003868982815458111,0.0007309366312003058,0.048764617314093574,0.08108287558150182,59200000.0,-0.9199999999999999,-1.0053239999999999,-0.05551891367604256,-0.04804684232538747,-0.08532399999999996,5.592105757431579,18.451209948987188,17.896432099854234
2017-10-02,0.0021803774743061055,-8.789277223417714e-05,0.0004810541546176222,0.05189046569264182,0.07758401135493734,34900000.0,-1.0,-0.899267,0.04959785522788174,0.018533614627285644,0.10073299999999996,5.614659779493029,18.12765106517399,17.367997387172654
2017-10-03,0.003948239390850539,0.0017590262905654796,0.0005114516821330419,0.030690396308612575,0.07790811512776295,80800000.0,-1.0,-0.9186270000000007,-0.008069620253163379,-0.0005867709815081668,0.08137299999999925,5.522260598032811,17.961814859117087,18.207487523491324
2017-10-04,0.004223409758468577,0.0022976998261793114,0.0004589488129450645,0.03506856879523539,0.07713943867512947,103300000.0,-1.0,-0.8648349999999994,-0.18621973929236368,-0.02157787016309598,0.13516500000000065,5.620835553835275,17.798923559479093,18.453147934089866
2017-10-05,0.003047234455468839,0.002416877268716533,0.0005133057020770033,0.03548572602285659,0.07750965762784728,101100000.0,-0.9900000000000002,-0.9744930000000007,0.12492942188575462,,0.015506999999999493,5.64130405227947,19.55401646867886,18.4316206839907
2017-10-06,0.004647118441553744,0.0017504285275080633,0.0011150540503883327,0.05818671836976455,0.04750338742947553,113500000.0,-1.0,-0.9993599999999994,,0.0380113545816716,0.0006400000000006401,5.7122135001340535,,18.54731339488573
2017-10-09,0.006425255749742398,2.9301882698362648e-05,0.0008147663659908657,0.08155958112120831,0.0541286068041711,88600000.0,-1.0,-1.0071969999999997,,,-0.007196999999999676,5.698635920503322,,18.29964241557531
2017-10-10,0.011729821206220237,-0.0031063102367157925,2.497300455106015e-06,0.10629560811588326,0.06694411606287506,162400000.0,-1.0,-0.981935,-0.10203094777562782,-0.008753331314354185,0.018064999999999998,5.737281723196605,19.552727808706713,18.90557298569185
2017-10-11,0.006155512544653519,-0.0051820946973402116,-0.0005998773731887312,0.08451359440153015,0.06582014605085057,151400000.0,-0.9900000000000002,-0.9470519999999993,-0.5088285714285714,-0.05367806064073122,0.042948000000000874,5.626973421969243,17.37085861945369,18.835435898967624
2017-10-12,0.0028078159315567675,-0.006353104774745333,-0.0006493510658464411,0.05290808817591168,0.0661502115102339,201050000.0,-0.9900000000000002,-0.75,0.2377333333333329,0.007847584856397916,0.2400000000000002,5.342764781283332,17.622173047734595,19.119064191307558
2017-10-13,0.00017949024817820458,-0.005459579136070225,-0.0006916088331870693,0.06903311199280847,0.06599203018220079,132500000.0,-1.0,-1.1512080000000005,0.02119122257053263,-0.003446750076289362,-0.15120800000000045,5.889514874572237,17.278116567755074,18.70209320339055
2017-10-16,0.003236345757255954,-0.004821797137572937,-0.0009102659148760004,0.06992913645997385,0.06611422767561012,92600000.0,-1.0,-1.0148989999999998,-0.2684079601990046,-0.01019634925463997,-0.014898999999999774,5.7584915951282545,17.73152558466196,18.343799699616408
2017-10-17,0.0017693015876112383,-0.0021219725788066413,-0.000903072618031517,0.04821312115828821,0.06618904880560746,98250000.0,-1.0,-1.0171270000000003,-0.4038461538461533,-0.0158201229375603,-0.017127000000000336,5.819608040161792,17.815544440715133,18.403025808713643
2017-10-18,0.0001797860550798447,-0.0009268272808919065,-0.001086305933476779,0.03297323678926372,0.06415147407950583,94100000.0,-1.0,-1.0486380000000004,-0.033716814159291175,-0.01196216051266319,-0.0486380000000004,5.829563074003591,17.84975119611667,18.359868604555608
2017-10-19,0.0026934027953959827,0.00017341646449864356,-0.0009069802465737419,0.036175905001454116,0.0654744711369979,138200000.0,-0.9900000000000002,-0.9740479999999998,0.030317919075145028,-0.020738224637680602,0.01595200000000041,5.870285125256265,17.359364240027954,18.744212469297842
2017-10-20,0.003579956090716152,0.0009253057322775148,-0.0006758582659594159,0.043056391525168256,0.06726625638579953,130850000.0,-0.9800000000000004,-0.8416300000000003,0.21754901960784423,-0.0021230954015099,0.1383700000000001,5.7302296446710494,17.7473361906886,18.689562186940428
2017-10-23,0.0022061243780537865,0.0011313500081179483,-0.0008599923889145751,0.036974720872676795,0.0669066079616898,73350000.0,-0.9900000000000002,-0.9675820000000002,-0.01071428571428612,0.10048197203826348,0.02241800000000005,5.628052675230817,17.14771506813948,18.110753062553265
2017-10-24,0.0027196263083073546,0.00023356442893422978,-0.0010221341144410175,0.04496537898196281,0.06695537192461369,102500000.0,-0.9800000000000004,-0.9778029999999998,-0.04491694352159392,-0.019226451364859898,0.0021970000000006706,5.53247998434468,17.98989782785991,18.44537335654274
2017-10-25,0.002247023640385315,-0.00017988308812686427,-0.0008774040057380446,0.04842452331106506,0.06532434895015403,92350000.0,-0.9600000000000009,-0.9677330000000008,0.0008163265306126988,-0.03877014925373068,-0.00773299999999999,5.317972924206478,17.80449460452855,18.341096264609522
2017-10-26,0.001468627097879427,-0.0004248382276301754,-0.0008803285287151871,0.0444649051789977,0.06529617083128317,63800000.0,-0.9800000000000004,-0.9561430000000009,0.3335776614310646,0.13345093784479722,0.023856999999999573,5.196672162785836,17.86381118168497,17.971263748315017
2017-10-27,0.0022736121320781066,-0.0006861070193577845,-0.0008887921054154072,0.037469329277727254,0.06518471199030221,65450000.0,-0.9900000000000002,-0.9708649999999999,0.16596566523605105,0.26829429584273257,0.019135000000000346,5.633681846976712,16.963963918535928,17.996797050320183
2017-10-30,0.003142539062059413,-0.0008733899561589098,-0.0009758237400129319,0.04034215161504044,0.06564110836761841,93900000.0,-0.9199999999999999,-0.9632819999999995,0.0163155737704912,0.011491358024692033,-0.0432819999999996,5.203292146138927,17.01009369026343,18.35774094417849
2017-10-31,0.0034413140866904612,0.00035879812284065336,-0.0009157791394232007,0.0459057494425614,0.06654415704649018,106650000.0,-0.9900000000000002,-0.978605,0.010033333333334227,0.09483383735186024,0.011395000000000266,5.727564103321,17.822843743196746,18.485063002881635
2017-11-01,0.0018504153790619426,0.0011782859267301048,-0.0010156755209369433,0.04010208340384166,0.0649907538147008,54200000.0,-0.9900000000000002,-0.9985160000000004,-0.05959999999999965,0.025601803676723378,-0.00851600000000019,5.268888555857225,17.034386382832476,17.808191466409873
2017-11-02,0.0018504153790619426,0.000514477431341831,-0.0013049052893907777,0.04518810871280394,0.06216588975275823,46750000.0,-0.9800000000000004,-0.9785260000000005,-0.13666666666666671,0.007190250507786544,0.0014739999999999753,5.612288337822736,16.523560759066484,17.66032481369897
2017-11-03,0.0022429915945814116,-0.00038884331399007265,-0.0015568208155836466,0.045486271626042914,0.06016839628722396,65850000.0,-0.9499999999999993,-0.966386,-0.4033707865168541,-0.06798813435560547,-0.016386000000000678,5.415433513216716,18.090786822691275,18.002889986153566
2017-11-06,0.0008986072193728489,5.9943054547240136e-05,-0.0013783202811940803,0.03929642734232405,0.059134886167416925,47000000.0,-0.9299999999999997,-0.9535809999999998,0.05260273972602825,-0.02438037809648108,-0.023581000000000074,5.4515533424468945,16.90199719478673,17.665658159674333
2017-11-07,0.0007794466323804983,-0.0007842090892669518,-0.0011094722279863707,0.02537340085618883,0.05622621297203204,63400000.0,-0.3800000000000008,-0.8643640000000001,-0.4885526315789477,-0.5648993797381117,-0.48436399999999935,4.941070830710347,17.45309671769066,17.964974419407454
2017-11-08,0.00041995381125303766,-0.001238282927329948,-0.0005709071139403136,0.012244274853604825,0.040858938037451255,40750000.0,-0.6899999999999995,-0.7151060000000005,0.2053444444444441,0.12434793414103495,-0.02510600000000096,5.107156861086878,18.140966841149762,17.522966397651146
2017-11-09,0.0009004953332505394,-0.0010482989181676671,-0.0003206681991116004,0.011051448904516103,0.03551458724651338,51150000.0,-0.8699999999999992,0.09269500000000086,0.5267196531791907,0.4081124849939961,0.9626950000000001,5.587510796323746,18.248705479212553,17.75027305036191
2017-11-10,0.0006308295617660775,-0.0007258665116046004,-0.0002170021815025199,0.00323212941593006,0.03437603930020012,50500000.0,-0.9299999999999997,-0.9446370000000002,0.5849694856146481,0.6527895703268456,-0.014637000000000455,5.698233775725784,18.557830582099598,17.73748389424559
2017-11-13,0.0002404207374464562,-0.0005942292152193218,-0.00021990363337243664,0.004237307063299149,0.03437584952590716,41200000.0,-0.9700000000000006,-0.5017929999999993,0.5730831099195726,0.715528179551125,0.46820700000000137,5.5549343779197855,18.12765106517399,17.533948814319753
2017-11-14,0.0009321766999379477,-0.0006247752287308117,-0.00011018129730967443,0.004763900425388912,0.032714820456746334,64850000.0,-0.9600000000000009,-0.7030460000000005,0.2912801932367177,0.4575400074850311,0.25695400000000035,5.604882526001319,18.637403727463653,17.987587468726726
2017-11-15,0.000962232453362688,-0.00034833797580766654,-0.0001486131608453197,0.012435901109599006,0.032246714784958684,110650000.0,-0.9900000000000002,-0.6225970000000007,0.08440145985401415,0.2340746324915184,0.3674029999999995,5.508010870137842,18.735491483792398,18.521882624461334
2017-11-16,0.0011126649470654115,-0.000390771898570641,-0.00019303596522558477,0.013102727491330173,0.03241954040745586,75500000.0,-0.9399999999999995,-0.5267320000000009,0.08998976323119479,0.15497255453905723,0.41326799999999864,5.2631046107922925,18.7825422145784,18.13964321421925
2017-11-17,0.0010536615711025377,-0.000475338300437933,-0.0003714676017255143,0.013909774978627837,0.03077267564927572,87800000.0,-0.9900000000000002,-0.8199769999999997,0.0337856645789838,0.09604292267365544,0.17002300000000048,5.632751814000819,18.783238351049253,18.290572058605346
2017-11-20,0.003288533835098306,-0.001084960919968303,-0.0006985385505738218,0.023906587842347147,0.02879471313590164,113950000.0,-0.9900000000000002,0.08006400000000014,-0.07143777777777771,-0.0004302137492775415,1.0700640000000003,5.734634938138965,18.720785336402702,18.551270313655966
2017-11-21,0.0009372496944664022,-0.001085975518873994,-0.0006381159465934702,0.02390457236720835,0.028288690238098293,34750000.0,-0.9900000000000002,-0.2985030000000002,-0.05354150598741647,,0.691497,5.462305216653487,20.01541102751419,17.363690129975076
2017-11-22,0.0012106539008955863,-0.0015205527897256487,-0.0005662601176691003,0.015767783362937625,0.027357306834254108,101600000.0,-0.9900000000000002,-0.7989060000000006,,0.24687371580284,0.19109399999999965,5.5579856925446185,,18.436554093108654
2017-11-23,0.00042407537060640266,-0.001382834874433847,-0.0004794530572034378,0.017547356398677258,0.026666242875080872,69000000.0,-0.9800000000000004,-0.6741130000000002,,,0.30588700000000024,5.503622759732367,,18.049617062561534
2017-11-24,0.0007268762813223972,-0.00102672730394886,-0.0005147745246585345,0.02327107412961206,0.026101285240505416,125400000.0,-0.07000000000000028,0.007682000000000855,-0.010736443286763375,-0.7864241995073868,0.07768200000000114,5.003409249004516,19.86122651990417,18.647019186163096
2017-11-27,0.0020264044316826713,3.626034940733547e-05,-0.0005265463199154599,0.02122684938940038,0.02578060904072223,68900000.0,-0.03999999999999915,0.16276399999999924,1.3097628458498036,1.3740782122905024,0.2027639999999984,5.3558312727486435,18.20872438202872,18.048166735983887
2017-11-28,0.0019016864327134897,0.0006040475748433138,-0.00028634510587865504,0.022551065118856312,0.025247569567338063,98750000.0,-0.5,-0.1857369999999996,1.0861215098241992,1.3708583832335322,0.3142630000000004,5.6093252643033145,19.080271140983466,18.408101961745505
2017-11-29,0.0019621166962080494,0.0004537550157808212,-0.000543651333635727,0.02662395527078202,0.021913977259880413,64450000.0,-0.9499999999999993,-0.717238,1.2068039538714999,1.3622901836968992,0.23276199999999925,5.43559797208207,18.614601436589673,17.98140028734947
2017-11-30,0.001177731945459115,0.0007741164789939248,-0.0005756838780930045,0.025709533947334277,0.021096661350817416,96700000.0,-0.9600000000000009,-0.8526919999999993,0.2933333333333348,0.36855033316248154,0.10730800000000151,5.73337363883364,18.627694913336693,18.387123960423523
2017-12-04,0.004396670436662475,0.0015080753100619403,-0.0002782036011537465,0.036302795506809774,0.026696544646070974,135300000.0,-0.9700000000000006,-0.4747009999999996,0.47102249488752435,0.682007931844888,0.49529900000000104,5.838866827480249,18.398435135005045,18.723005093141015
2017-12-05,0.0010511300614926,0.0013130204360239262,-0.00012134066515022215,0.0360851323808431,0.02607335093070116,45700000.0,-0.9800000000000004,-0.8068179999999998,0.10062280701754389,0.16555915132924426,0.1731820000000006,5.82346001090882,18.55170900635877,17.637608855864432
2017-12-06,0.002548153968154665,0.0014423139431121613,4.279081997013566e-05,0.03702903855405256,0.02747488791127112,97700000.0,-0.9900000000000002,-0.8203329999999998,0.0840965886939582,0.24691685185185186,0.16966700000000046,5.803597643258398,19.13949567126089,18.397412117013012
2017-12-07,0.0011968882338457831,0.0020741149291229276,0.00013690200407614906,0.02278213705128375,0.027582419089601837,50700000.0,-0.9800000000000004,-0.9434710000000006,0.019479768786126783,0.14598556495769088,0.03652899999999981,5.658436372889324,18.968802152462054,17.74143646856141
2017-12-08,0.0014940985896121362,0.002137388257953532,0.0002280473564983002,0.02209838005856774,0.027890743114065777,41550000.0,-1.0,-0.9676469999999995,0.016916765053128557,0.07245843971631238,0.03235300000000052,5.6057285341808125,18.254626159622283,17.54240807926573
2017-12-11,0.0017601699080476152,0.00161008815223056,0.00035474570132202184,0.00938851298831141,0.02805665399169776,70800000.0,-0.9900000000000002,-0.5443920000000002,0.013458134785569342,0.06452281630492429,0.445608,5.604219933030011,18.805262641144104,18.075369558663947
2017-12-12,0.002208165136924123,0.0009582291125472154,0.000279634483457353,0.029207732277729756,0.02926101797795606,48700000.0,-0.9700000000000006,-0.7936750000000004,-0.009682320441989134,0.02468469910371418,0.1763250000000003,5.094853886000654,18.79086403791589,17.701189588052817
2017-12-13,0.002267777655570846,0.0009021538500304516,0.0003990725021724627,0.02829992362507772,0.029980476333497985,99700000.0,-0.9600000000000009,-0.8165080000000007,-0.02174666666666525,-0.004495702005730351,0.14349200000000017,5.636074491632124,18.82614585206053,18.417676234932067
2017-12-14,0.0009243936189253787,0.00047789747947621917,0.0003994431250778231,0.030804226895637783,0.0299761335956767,129150000.0,-0.7200000000000006,-0.3942300000000003,-0.2564981949458467,-0.23551007462686258,0.32577000000000034,5.53247998434468,18.746380883591666,18.676485077506122
2017-12-15,0.0013065306459925097,0.0004403838907522939,0.0004158382771078146,0.0304410430699402,0.030081123939689206,119000000.0,-0.8599999999999994,-0.21644799999999975,0.054567685794919996,0.0482082262210799,0.6435519999999997,5.893603616904096,19.17492302387212,18.594634051075804
2017-12-20,0.0009284401122391372,0.0002740379315905983,0.0005130337561223169,0.028691665356682647,0.02960147761681805,194900000.0,-0.9900000000000002,-0.8279820000000004,0.4051917224589161,0.5230305039787808,0.16201799999999977,6.022769396936394,18.917204583007496,19.087997164477787
2017-12-21,0.006420328138424303,-0.0005683946687094377,0.000257478205297471,0.05508911308247842,0.0378647681858528,176400000.0,-0.9700000000000006,-0.7556899999999995,1.6442484044055359,,0.2143100000000011,6.009550014654367,20.378237097642078,18.988264701536966
2017-12-22,0.002699866646755922,-0.0015619235291747912,0.00028550997617091784,0.0500332875766099,0.03721956489325488,113350000.0,-0.9900000000000002,-0.9092289999999998,,1.5976725490196078,0.08077100000000037,6.009967310338958,,18.54599093491781
2017-12-25,0.002939502401556382,-0.0007891443250784391,0.00047011721883866945,0.05971740429086251,0.038028805167745115,40500000.0,-0.9800000000000004,-0.7620430000000002,,,0.21795700000000018,5.973784166252903,,17.516812532076766
2017-12-26,0.004141786886626697,-0.0018788078316022804,0.0003305394576133785,0.060196299711800565,0.04090767548937295,66150000.0,-0.9299999999999997,-0.8145729999999993,1.0976660516605161,1.1976104552068154,0.11542700000000039,5.986075049823544,19.88763300808971,18.00743544852524
2017-12-27,0.0016555049307402925,-0.0023955968401981665,0.00027189995474985993,0.05519174060964256,0.041413188300751844,232800000.0,-0.7899999999999991,-0.25011199999999967,1.236859137055836,2.2261940298507454,0.5398879999999995,5.691878570153377,19.568717915948,19.26569027382156
2017-12-28,0.0025639106119674793,-0.0016243133349068018,0.00011519581697415151,0.04289549203422194,0.04251203719448893,126300000.0,-0.7699999999999996,-0.25800100000000015,1.1377948175568484,1.6086228436328032,0.5119989999999994,5.637072709183818,19.057786533628686,18.65417058732072
2017-12-29,0.005151312019340715,-5.407760168747444e-05,0.0002640009401959631,0.062311639751648086,0.04555169703979519,268250000.0,-0.9199999999999999,-0.38916900000000076,0.5619734748010607,1.7047282347282344,0.5308309999999992,6.081579436550243,19.05460856485234,19.407429939475083
2018-01-03,0.0014712287411526859,-0.00034773233376821365,0.00024350295488354386,0.05863083172141022,0.04538078646649215,63100000.0,-0.9700000000000006,-0.7765369999999994,0.48744653321729103,0.669104828918325,0.19346300000000127,5.8950637728216275,19.672586202033603,17.96023132751144
2018-01-04,0.003697195248052232,-0.0002588140060533206,0.00016088016670048755,0.05687705300071678,0.046818588399412435,110300000.0,-1.0099999999999998,-0.8175640000000008,-0.007399499582986024,0.49137556615018063,0.19243599999999894,6.02835080677459,18.60216861999774,18.518714484223732
2018-01-05,0.0078301359925943,-0.0014937402184241222,-0.00026806592558777033,0.07901381822274552,0.05417431901268891,90400000.0,-1.0199999999999996,-0.9982869999999995,-0.1633766233766245,0.017956989247311483,0.021713000000000093,6.0132994217155,18.159315979817958,18.319754825362406
2018-01-08,0.0023342893293865075,-0.0005141002301533249,-0.0003662745497437688,0.08241309404491969,0.052378069208795626,67100000.0,-0.9700000000000006,-1.0016859999999994,-0.34012658227848114,-0.030117309073494525,-0.03168599999999877,5.78582318499241,18.184958410431296,18.02169460194191
2018-01-09,0.0014523891324325078,-0.0012538848075349662,-0.0003471669749371065,0.06957762647733384,0.052533100525985324,61300000.0,-0.9700000000000006,-0.9641079999999995,-0.48994974874371877,-0.07287037037036903,0.0058920000000011186,5.372728864061847,18.41566820212882,17.93129040090644
2018-01-10,0.0010890940420020812,-0.0017659493641659196,-0.0005203692611350468,0.06551570335834801,0.05150825486636585,54650000.0,-0.9900000000000002,-1.0101709999999997,-0.6883185840707959,-0.10269796111901108,-0.020170999999999495,5.489226940528525,18.542898376676614,17.81645977258682
2018-01-11,0.0009387823774433812,-0.0012142667900441495,-0.0006220678616726261,0.06328166511792147,0.051141103610731924,56750000.0,-0.9900000000000002,-0.9579730000000009,-0.2712590563703827,,0.03202699999999936,5.61247095620561,20.15392794211275,17.854166214325787
2018-01-12,0.002092717200670613,-6.678303165941202e-05,-0.0007928686135908522,0.029680389170462458,0.05077912866304266,173400000.0,-0.9800000000000004,-0.9699639999999992,,-0.23024448147026177,0.010036000000001266,5.229610168538246,,18.971111622310715
2018-01-15,0.0011239881493789738,-0.0007584385274125083,-0.0009302094734683088,0.020915141577514486,0.049927782659339504,77800000.0,-0.9900000000000002,-0.9320109999999993,,,0.057989000000000956,5.414543635516169,,18.16965198914862
2018-01-16,0.0036540844556425256,-0.001779733245027515,-0.0009990627743596612,0.018143760273006567,0.0506402681381726,99200000.0,-0.9800000000000004,-0.8407129999999992,-0.12931558935361132,-0.09365745479358623,0.13928700000000127,5.547830172882315,19.724136826763253,18.4126485722551
2018-01-17,0.0050462680676242044,-0.0025711680501519394,-0.0013473506659403781,0.027822034826347812,0.051031908295404216,121250000.0,-1.0,-0.8855360000000001,-1.5117328519855597,-0.23082595870206468,0.1144639999999999,5.953554974034762,18.746380883591666,18.613365087781865
2018-01-18,0.005071862097960178,-0.003397783994255299,-0.0015448491649420351,0.028016453465145388,0.05259722175143367,121550000.0,-1.0,-0.9967699999999997,-0.8958562193490858,-0.2304018578352185,0.003230000000000288,5.8798064655651,19.228494999490437,18.615836258726407
2018-01-19,0.0008317033454918743,-0.0028128998850228014,-0.0015674599887753988,0.041192735012648814,0.052297750051978606,141050000.0,-1.0,-1.0384480000000007,-0.4779475982532748,-0.24734977696142657,-0.038448000000000704,6.015986413414719,19.249232561518514,18.76462499541228
2018-01-22,0.002373723697307817,-0.00306284699460857,-0.001724705884468111,0.03885370996679947,0.05155784073792923,81600000.0,-0.9100000000000001,-1.0085650000000008,-0.304326923076923,-0.28281189512581406,-0.09856500000000068,5.326516020906715,19.15304863766559,18.217339819934335
2018-01-23,0.004640379556501983,-0.0032601060147804616,-0.0016399464281860957,0.0403994276161506,0.04985588026973732,83250000.0,-0.9399999999999995,-0.9342640000000006,-0.24299031476997612,-0.11400691192865153,0.005735999999998853,5.280916851867869,18.92266741905115,18.237358686824827
2018-01-24,0.004973588120016359,-0.0032455700252588928,-0.0017482188792937354,0.040199787246760696,0.05107227805983182,149700000.0,-0.9900000000000002,-0.9819320000000005,-0.3116222222222227,-0.11082411415744708,0.008067999999999742,5.425038119327193,18.720785336402702,18.824143849389856
2018-01-25,0.0015593329216070373,-0.0025430641899882645,-0.001962449132777708,0.037809696798297654,0.0481643209035233,130500000.0,-0.9800000000000004,-0.9690919999999998,-0.21669057623049248,-0.06102722772277147,0.010908000000000584,5.529111576792769,18.931106287697016,18.686883784727023
2018-01-26,0.0032095753835168495,-0.0020674897823832693,-0.0016123842627708722,0.052207940858177676,0.05064168619935679,101350000.0,-0.9800000000000004,-0.9941700000000004,-0.05185999999999957,-0.0902134696331931,-0.014170000000000016,5.8161881150406645,18.65179246491575,18.434090430862284
2018-01-29,0.002702998243671928,-0.0010521453941873204,-0.0014048364925607665,0.061876860743031226,0.052799648224691124,69950000.0,-1.0,-1.0063440000000003,-0.23943925233644947,-0.004440797471431779,-0.006344000000000349,5.923613880199808,17.795192211866237,18.063291259075765
2018-01-30,0.0001551229352365624,-9.304489583961129e-05,-0.0012753587045986694,0.05310043522730136,0.05288762829035764,50400000.0,-1.0,-1.0133480000000006,-0.048999090081892405,-0.015498565884932702,-0.013348000000000582,6.0546271220656225,18.51508141937385,17.7355017330416
2018-01-31,0.0013950246391649657,0.0011806776559966537,-0.001454229532226086,0.030781046368455696,0.04856005484880872,68200000.0,-1.0,-0.9923780000000004,0.4173800738007376,0.18888719085394357,0.0076219999999995736,5.542635153093653,18.72448219828403,18.037955122813692
2018-02-01,0.0009298001599669092,0.0013065842083246793,-0.0015685642418032096,0.027388066477556046,0.04743680676194091,61350000.0,-0.9800000000000004,-0.9852070000000008,-0.06128113879003472,0.22268009768009733,-0.005207000000000406,5.655432213715154,18.537574495423865,17.932105729121194
2018-02-02,0.0017068822516348447,0.0003232926812943404,-0.0014737874324500006,0.028098036932444517,0.046808368999091333,80650000.0,-0.9900000000000002,-0.9977850000000004,-0.03996089931573721,0.0213847219016845,-0.007785000000000153,5.416855672471569,18.443420230921856,18.205629362535493
2018-02-05,0.0013967566482806504,6.204436221608489e-05,-0.0010344115924083362,0.021996096753519358,0.04164956745355958,58550000.0,-1.0,-0.9926630000000003,-0.012971014492753952,0.024105650284186098,0.007336999999999705,5.3357094857651,18.51962069180727,17.885391648008
2018-02-06,0.00510481424125242,0.0010519826234192565,-0.0009024818347004357,0.04215032309369888,0.04540913485293673,112450000.0,-0.9800000000000004,-0.9960000000000004,-0.1529629629629632,0.06894222122302196,-0.016000000000000014,5.388843393247408,18.02763815584276,18.5380192363696
2018-02-07,0.0016987109327697425,0.0004332355090323148,-0.0010525342187576857,0.046101157947899415,0.04465588168740711,56600000.0,-0.9900000000000002,-0.9708419999999993,-0.08719155844155857,-0.0007458091002394696,0.019158000000000897,5.595603175142513,18.629319609063693,17.85151954317341
2018-02-08,0.007238038837433791,0.002066803308512455,-0.0006560040816416919,0.06391335426701164,0.053090202700919555,99850000.0,-0.9800000000000004,-0.9882760000000008,0.49176470588235155,0.055259983749746056,-0.008276000000000394,5.119848379069572,18.440483371248543,18.4191796178261
2018-02-09,0.005050902296916959,0.0034183602182228157,-0.000370781001910247,0.056332455250442885,0.05662510857935624,66450000.0,-1.0,-0.9373120000000004,0.01544359255202643,0.07806743008148054,0.06268799999999963,5.516649360865024,19.022808526125143,18.01196034312353
2018-02-12,0.005374308044167719,0.0020641472797331417,-0.0005270472325529664,0.08490459217681846,0.058974794385223725,129550000.0,-0.9700000000000006,-0.9945719999999998,-0.07087765957446734,-0.01585270596987165,-0.02457199999999915,5.421861552639491,19.051952520794224,18.679577464972393
2018-02-13,0.0072902160109791225,-0.0004148587707131668,-0.000820677130724402,0.10101113403744694,0.06345906383522101,143750000.0,-1.0,-0.9918469999999999,-0.75,-0.05383993431855494,0.008153000000000077,5.659795755451088,16.11809565095832,18.783586237641735
2018-02-14,0.0013260185416781312,-0.0003403202924948445,-0.0007098168491070499,0.10074701492776146,0.06265670934943149,70850000.0,-1.0,-0.9904469999999996,-0.6500000000000004,-0.10758028226631211,0.009553000000000367,5.592143028447777,16.012735135300492,18.076075524100965
2018-02-15,0.008551711915867344,-0.0034982704431550716,-0.0008767427466424375,0.08739730159799616,0.0667562038975085,73100000.0,-1.0,-1.0193460000000005,-0.3593193354943267,,-0.01934600000000053,5.702281348529934,20.24037958186966,18.107338924720008
2018-02-16,0.0020007509487731667,-0.004908601092293097,-0.0007304993585859131,0.05048225740416512,0.06515291829405039,94250000.0,-1.0,-0.999549,,-0.43399891823672654,0.0004509999999999792,5.39662305533216,,18.361461384292394
2018-02-19,0.0008139498931045708,-0.003996529462080467,-0.0008088637985190772,0.05769768435788963,0.06490466539426142,40600000.0,-1.0,-0.9996240000000007,,,0.0003759999999992658,5.388295172666269,,17.51927862457196
2018-02-20,0.0018773472347364262,-0.0021630168129373574,-0.0006064318493741132,0.061321050313049935,0.06528273977074675,80600000.0,-1.0,-0.9973969999999994,-0.5137992831541212,-0.47934825284648674,0.002603000000000577,5.288620503569173,19.70908660425313,18.205009207476856
2018-02-21,0.0012511731378834767,-0.0021480477321784265,-0.00044504106753513674,0.061387676887343715,0.06368002309142635,70900000.0,-1.0,-1.0072969999999994,-0.08019713261648675,-0.13790764790764776,-0.007296999999999443,5.403307813738974,17.837284427351538,18.076780991502357
2018-02-22,0.002812941376614475,0.0001248829263179374,-7.425394864795416e-05,0.03328923106556388,0.062402819464200274,95150000.0,-1.0,-0.9966620000000006,-0.27548543689320404,-0.17538589797936943,0.003337999999999397,5.669260040617778,18.632561102987864,18.370965151706432
2018-02-23,0.002812941376614475,-3.755515925032427e-05,-0.00013394958936259406,0.03686391577272765,0.06292761967066543,48350000.0,-1.0,-0.9974500000000006,0.20202020202020243,0.18964935940660865,0.002549999999999386,5.660979352330892,17.717483227538917,17.69397677986358
2018-02-26,0.000939408241935169,-6.264682901644392e-05,-0.00033152023819364257,0.03704071580372545,0.061780853779631634,77900000.0,-0.9700000000000006,-0.9857770000000006,0.027692307692309015,0.022341810475326795,-0.01577699999999993,5.629705271259885,17.47907220409392,18.170936510840978
2018-02-27,0.0013166558847474974,-0.0007014474529132286,-0.0005229323395469485,0.033248133067431636,0.06085542633119972,59850000.0,-1.0,-0.9988480000000006,0.04259259259259274,0.03835380789555565,0.0011519999999993757,5.888406933290577,16.41820024340866,17.907351989968255
2018-02-28,0.005381066669817969,0.0006250005086270605,-0.000274077875995453,0.05350680567732707,0.06419037647944639,96100000.0,-0.9700000000000006,-0.9589529999999993,0.18783387622149839,0.14310895047705685,0.011047000000001361,5.497659907676295,17.93292039311737,18.38089987394052
2018-03-01,0.003923649663617468,0.000847142166027659,-0.00015366716054533383,0.056845017711655586,0.06560098500272261,97250000.0,-0.9499999999999993,-0.9970669999999995,0.3201729183293427,,-0.04706700000000019,5.254260980351117,19.744833708534408,18.39279554046283
2018-03-02,0.001987084608130907,0.0018071473629767353,-1.4767885874009256e-05,0.046679268429818004,0.0659434438979812,115450000.0,-0.9900000000000002,-0.9903899999999997,,0.2088438694180592,-0.00038999999999944635,5.1881676230470495,,18.564348093764778
2018-03-03,0.0012414650880643308,0.001746735993750903,7.394836200777125e-06,0.04783392227053926,0.06581254565987021,6200000.0,-0.9900000000000002,-0.75,,,0.2400000000000002,5.522859938775953,,15.64005985001532
2018-03-05,0.003110422414392744,0.0013879826878218538,-0.00020723273821224164,0.056059096625315386,0.06646248672166452,81550000.0,-0.9600000000000009,-1.0100269999999991,0.29374070138151076,0.1751153474236773,-0.05002699999999827,5.504843612038809,19.053015785115555,18.216726887031296
2018-03-06,0.005090817871896469,-0.0007063942205210339,-0.0006927390293145697,0.05831638136929814,0.06557323582723205,76350000.0,-0.9800000000000004,-0.9231820000000006,0.28000000000000114,0.4613988095238106,0.05681799999999981,5.487986861004529,16.523560759066484,18.150838589628915
2018-03-07,0.005090817871896469,-0.00047296057886523355,-0.0003694281338542739,0.06442335269968677,0.06841713073568355,70150000.0,-0.9800000000000004,-0.8669829999999994,0.2855421686746986,0.30038098236775923,0.11301700000000103,5.5125816132556515,18.927498346320817,18.066146364512743
2018-03-12,0.0002180923162260484,-0.0009139959637366246,-0.0007244819983142662,0.060925565764931536,0.06259895556674283,36200000.0,-0.9700000000000006,-0.9196159999999995,0.37392156862745196,0.36269102990033275,0.050384000000001095,5.438687819395312,18.217339819934335,17.404569676796
2018-03-13,0.0002180923162260484,-0.0006220844828785487,-0.0009546158069185953,0.06131124790446933,0.05912306002889052,110900000.0,-1.0,-0.9468829999999997,0.1211678832116796,0.2952373333333327,0.0531170000000003,5.725543966437714,18.042344303232454,18.524139452320597
2018-03-14,0.004196788626613213,0.0008393577253226425,-0.0004988492987861701,0.06449154829511508,0.059403822462701435,92700000.0,-0.9900000000000002,-0.8880929999999996,0.1281852315394243,0.2811070223857719,0.10190700000000064,5.762208603124813,18.1962864107365,18.344879030536084
2018-03-15,0.0015833841150962868,0.001540844476682679,-0.00022709539898222548,0.046458834023124757,0.054248946024379976,101600000.0,-0.9700000000000006,-0.7907430000000009,0.1564937388193215,0.19405730490905526,0.17925699999999978,5.802118375377063,18.59295196489282,18.436554093108654
2018-03-16,0.002606592427240706,0.0010439993877515263,-3.982820998609038e-05,0.03685478121546215,0.05495114225914974,96550000.0,-0.9700000000000006,-0.6549309999999995,0.046172607879926275,0.16572246976448213,0.31506900000000115,5.5796920894251505,17.791446889136072,18.3855715668388
2018-03-19,0.007434284671603564,-0.00039923908332397675,1.3382611169327724e-05,0.07162625521785657,0.05286704274276631,77100000.0,-0.9800000000000004,-0.9471600000000002,-0.019999999999999574,0.11468651747734526,0.0328400000000002,5.500645778148327,17.676240269004868,18.160613838533557
2018-03-20,0.0019027127186408421,-6.231500284101799e-05,0.00019926183342713766,0.0735145496675156,0.05272232641728696,62150000.0,-0.9900000000000002,-0.9347740000000009,-0.034793388429751104,0.14194723959749744,0.05522599999999933,5.609801411185307,17.91815392300107,17.945061375920993
2018-03-26,0.004685312334898661,-0.0018387351951433927,1.49112409607524e-05,0.06792627054830629,0.05530226321116074,98800000.0,-1.0,-0.9586780000000008,-0.1819672131147545,0.04959001782531125,0.04132199999999919,6.12531776294186,17.926384422137584,18.408608162718096
2018-03-27,0.0021940143576211213,-0.0019608612436483597,-0.0001789631205800832,0.06791998440362768,0.055373001990667546,63050000.0,-1.0,-1.0015900000000002,-0.35188770571151906,-0.03477782212086744,-0.0015900000000002024,6.180989265398516,18.51508141937385,17.959438620375202
2018-03-28,0.0012543118609071868,-0.0022313173569150635,-5.9654311113861116e-05,0.06266619941844213,0.055441873853054456,51600000.0,-1.0,-0.9919980000000006,0.52968561064087,0.0659408960915151,0.008001999999999398,6.058258335716989,18.28943245734241,17.75903223045179
2018-03-29,0.00025067368684261737,-0.0006943256852258272,-0.00018166705824585434,0.04319198132433866,0.054471120010260415,65250000.0,-1.0,-0.9921290000000003,0.11501597444089384,0.22896603167316876,0.00787099999999974,5.876278137298865,17.25912865551038,17.993736604167076
2018-03-30,0.001191260054980603,-0.0013131202399501163,-0.00010444413816805091,0.036545571053301584,0.053769233682857666,46200000.0,-0.9900000000000002,-0.983606,0.09313807531380824,0.19851536825826344,0.006394000000000233,5.837030493800918,17.682536197461683,17.64849035605197
2018-04-02,0.002662700296675702,0.00015648228636475637,6.708483986103819e-05,0.030572829233198644,0.05450725100822006,61850000.0,-0.9399999999999995,-0.8956599999999995,0.039840764331209755,0.166782874617736,0.044340000000000046,5.58263127309205,17.26231845087848,17.94022265680277
2018-04-03,0.0026556291479886696,0.0011264109874867146,0.00025624126999133185,0.026149085871358065,0.054971577713360614,62250000.0,-0.9800000000000004,-0.9272480000000005,0.01867796610169492,0.12263086989992367,0.05275199999999991,5.456815724368715,17.893048001869992,17.94666909330909
2018-04-04,0.0009677067667412942,0.0006820072619570184,-4.6081274606728295e-05,0.02994676967844469,0.05182317329990992,70750000.0,-0.9700000000000006,-0.9152109999999993,-0.7307520239880052,0.06742077752368658,0.05478900000000131,5.44072797202915,18.7088626914458,18.074663094487622
2018-04-05,0.001531513528187034,0.00032556981895108804,-0.0003058509504069427,0.03396685765872462,0.04997026713811726,48850000.0,-0.9900000000000002,-0.9926539999999999,-0.2822817764165393,0.022703779940119517,-0.002653999999999712,5.270894780970065,17.994502594246658,17.704264936453065
2018-04-06,0.0006883820166079246,0.0004261454266256237,-0.0004332541230135537,0.03271670147547732,0.049278101721508774,67350000.0,-1.0,-0.9763339999999996,-0.4810267857142865,0.04138586956521806,0.02366600000000041,5.12574810119676,17.617718697385214,18.025413460820648
2018-04-09,0.005773958395459466,0.0010483970463823766,-9.918633808384907e-05,0.04934594010793381,0.053628749436102414,121500000.0,-0.9600000000000009,-0.9539069999999992,-0.5399925304878046,-0.017926759488840815,0.00609300000000168,4.720193862556873,17.999086253914317,18.615424820744877
2018-04-10,0.0196909528289666,0.004455461782577963,0.000986593435409453,0.14321682846765235,0.0859338999705068,476300000.0,-0.7699999999999996,-0.9167679999999994,0.31877717391304294,0.5188005578800556,-0.1467679999999998,5.247865823051939,18.114155583699105,19.981558465771087
2018-04-11,0.009505515184454083,0.0065501061728170384,0.001681656914283289,0.13741470145014498,0.08778286196909359,236250000.0,-0.4900000000000002,-0.5831929999999996,2.2405219206680584,1.0663785379759716,-0.09319299999999942,5.073610093257644,18.783238351049253,19.280401124338127
2018-04-12,0.007128262533402818,0.005430756371773882,0.0010997959426023705,0.16174235688452362,0.0919116440291205,142900000.0,-0.41999999999999993,-0.7214379999999991,0.6381243414120128,1.5671884057971006,-0.3014379999999992,5.145224460414211,18.418678741281692,18.777655642900097
2018-04-13,0.004423773517443941,0.004683678071606678,0.0008995254092110423,0.17246407835323507,0.09380659534911549,100550000.0,-0.9199999999999999,-0.9203419999999998,0.053191186922530775,0.7980715287517537,-0.00034199999999984243,5.276429566790007,18.825478963072825,18.426165674182936
2018-04-16,0.00867651382731438,0.005264189157977661,0.0013023073859295344,0.17483480528430545,0.0975344405148017,80600000.0,-0.9399999999999995,-0.8739310000000007,0.13216152019002259,0.9820109649122788,0.06606899999999882,5.585111544938522,18.248705479212553,18.205009207476856
2018-04-17,0.003948372631367825,0.000536324065910776,0.0009144425641209134,0.12554167615410516,0.09856457423778392,182450000.0,-0.9800000000000004,-0.8459540000000008,-0.33540504648074343,0.277717750826902,0.13404599999999967,5.783178819636217,18.850513208508826,19.02198672084673
2018-04-18,0.0018275972190240353,-0.0017302984147848477,0.0009028133686957826,0.09708915914415882,0.09864615058743342,76350000.0,-0.9100000000000001,-0.9027069999999995,-0.008092485549132888,0.1257578323454709,0.00729300000000066,5.076922285767944,18.275654971902107,18.150838589628915
2018-04-19,0.006883392379189779,-0.0016813243839422399,0.0004509093302943309,0.09624333763394491,0.10200159833689128,95700000.0,-0.8000000000000007,-0.9453340000000008,-0.30477178423236495,-0.16986933128362658,-0.14533400000000007,5.326564629486139,17.690869579020827,18.37672885642318
2018-04-20,0.0018402090762723589,-0.0004285278651989799,0.0008925518897169939,0.09526719565845855,0.09794700136478979,90600000.0,-0.8800000000000008,-0.9307750000000006,-0.14499999999999957,-0.06819819819819806,-0.05077499999999979,5.231803562489697,18.420680743952367,18.321964771013207
2018-04-23,0.004128130623541892,-0.0013382045059534774,0.0009985241709027583,0.07000312576066857,0.09853778590195035,83800000.0,-0.9299999999999997,-0.8634629999999994,0.1195019920318714,0.13321721439749545,0.06653700000000029,5.1049146397432645,18.424672765221903,18.243943565452312
2018-04-24,0.005201174338060888,-0.0015887648472920901,0.0009739593136093188,0.07342726969792483,0.09892814013681658,77100000.0,-0.8100000000000005,-0.9085300000000007,0.11294117647058854,0.17790234375000047,-0.09853000000000023,5.331461965140338,16.543363386362664,18.160613838533557
2018-04-25,0.00021474698286372274,-0.0012661948000600276,0.0010682101409787187,0.07398738701372448,0.09836552331149231,147950000.0,-0.9499999999999993,-0.8718199999999996,0.07844036697247603,0.1785143130815534,0.0781799999999997,5.461158744053865,18.283714888879206,18.812384936810492
2018-04-26,0.007854203540821558,0.0016813243839422399,0.0013824906971651174,0.07739551861679003,0.10114064933866063,121600000.0,-0.9600000000000009,-0.8380080000000003,0.32791346666666676,,0.12199200000000054,5.506753288989972,19.748816190898722,18.61624752749634
2018-04-27,0.0030487828493592772,0.0007035259988159126,0.0012253737192507415,0.0842428885307808,0.10224565668954433,82050000.0,-0.9100000000000001,-0.47094200000000086,,0.41890564652738504,0.4390579999999993,5.689818767638815,,18.222839375500374
2018-04-28,0.0006105006294623294,0.0,0.0013111718470813574,0.07875685246320668,0.10189899252898389,17100000.0,-0.9900000000000002,-0.6308430000000005,,,0.3591569999999997,5.829798195239061,,16.654589021472887
2018-05-02,0.0077513876976658125,0.00259051240714534,0.001553490294747553,0.07854780281698961,0.10424708484172988,63200000.0,-0.9499999999999993,-0.7633720000000004,0.49871023215821,0.3688160448565885,0.1866279999999989,5.8315598445980275,19.264830798048838,17.961814859117087
2018-05-03,0.001060365167898425,0.0024213887701383997,0.0013765381844672152,0.08065166665209718,0.10454640315130616,43750000.0,-0.9800000000000004,-0.856897,0.45080637132901913,,0.1231030000000004,6.06157346225313,19.118317829785163,17.594002170767897
2018-05-04,0.0007575184060444329,0.0010020517431829745,0.0014586917641236784,0.06469201303962493,0.10422931259742617,108400000.0,-0.9600000000000009,-0.8379349999999999,,0.4722395044735048,0.12206500000000098,5.986602747691075,,18.50133864696982
2018-05-05,0.0037933434455688086,0.0008531396239410682,0.0013509855775816891,0.06777185546097672,0.10533554082703206,33900000.0,-0.9800000000000004,-0.960153,,,0.019847000000000392,5.892941712249356,,17.33892557235068
2018-05-10,0.005182148466420067,-0.000305390195235411,0.0011369966990192062,0.08038209579872384,0.10755857629386709,194200000.0,-0.9700000000000006,-0.9274789999999999,-0.11108108108108006,-0.021083223249668492,0.0425210000000007,5.770256621261527,19.377345369964793,19.084399113821497
2018-05-11,0.0033562197789551718,-0.0011844237789775391,0.001021866288709478,0.05452624157217072,0.10656677075142486,71750000.0,-0.9900000000000002,-0.9713390000000004,-1.8247,-0.19585328185328166,0.018660999999999817,5.950043414807193,18.326370064481125,18.088698412604003
2018-05-14,0.0,-0.0009723507453978542,8.420186828249685e-05,0.05519379005234902,0.08213071975241977,83700000.0,-1.0,-0.9899470000000008,-1.1804882051282055,-0.16096035615857573,0.010052999999999201,5.747512237517526,18.395362935968077,18.242749535459705
2018-05-15,0.0003045530707259658,-0.0010629438124615475,-0.0003539391847521754,0.05438718135131232,0.07467852349505498,80700000.0,-1.0,-0.9997109999999996,0.28999999999999915,-0.17377979568671975,0.0002890000000004278,5.779817160932199,16.11809565095832,18.206249133240178
2018-05-16,0.003495709920456669,0.00039486686074354795,0.0001519642654316097,0.0559292137920319,0.07153780607927462,82250000.0,-1.0,-1.0638210000000008,-0.010135135135135087,-0.08574973794549301,-0.0638210000000008,5.5897548785012345,17.76290070722971,18.225273947609754
2018-05-17,0.005629531793960751,0.000305390195235411,9.45472046450949e-05,0.05875834095042063,0.0726232622801053,99850000.0,-0.9900000000000002,-0.9663979999999999,-0.0784834123222744,0.029611005692599335,0.023602000000000345,5.60642687106484,17.069753526669768,18.4191796178261
2018-05-18,0.002742649898399563,0.0001826762191242892,-0.0001880177443508488,0.05688284080729772,0.06643325009929887,76900000.0,-0.9700000000000006,-0.9958419999999997,-0.22285714285714242,-0.031132210585903763,-0.025841999999999032,5.623259095923283,17.312018119430753,18.158016434475872
2018-05-21,0.002522682674563015,0.0006872127540368921,0.00012012774640776261,0.05914671962605391,0.06559472612978016,58850000.0,-0.9900000000000002,-0.9917160000000003,-0.346206896551724,-0.023486005089058182,-0.0017160000000000508,5.660109196866231,17.365127944744703,17.89050239167056
2018-05-22,0.00832156967070663,-0.001038011794249627,-0.00018910903700569427,0.08754717392016334,0.07160635262082143,126850000.0,-0.9900000000000002,-0.9986139999999999,-0.24519027484143763,-0.01281373844121525,-0.008613999999999677,5.557214087568064,17.772506929035153,18.658515844009564
2018-05-23,0.0012251150077497996,-0.0019821767798909205,8.033274258668568e-05,0.07804463671013419,0.06750655189080099,121900000.0,-0.9299999999999997,-0.9926259999999996,1.0920437956204374,0.056019476567254145,-0.06262599999999985,5.222138019809219,16.432906390798355,18.6187115944515
2018-05-24,0.0002758578430084313,-0.0009114419897004566,-2.0432348807637657e-05,0.07124009297555005,0.06720879565321876,63100000.0,-0.9800000000000004,-0.9564649999999997,0.3911376927166401,,0.02353500000000075,5.607088003829683,19.79338315155279,17.96023132751144
2018-05-25,0.005838049378282584,-0.00029236209372385247,6.099235379906193e-05,0.08356571356547855,0.06878131621921242,63300000.0,-0.7799999999999994,-0.9436730000000004,,0.3177637692019477,-0.16367300000000107,5.015556498415324,,17.963395887114405
2018-05-28,0.005258610534331076,0.0002548234782297598,0.0005590773477224888,0.09127381526109363,0.06824015050150453,43500000.0,-0.9199999999999999,-0.9624310000000005,,,-0.04243100000000055,5.724401761858937,,17.588271496058912
2018-05-29,0.00015157256565601074,0.001949451925502288,0.000576521135747238,0.05284922041692764,0.0681995971595602,62250000.0,-0.9600000000000009,-0.9036220000000004,0.2606445672191544,0.32395494367960076,0.05637800000000048,5.571012696691494,18.908647073572272,17.94666909330909
2018-05-30,0.0,0.002194474927052248,0.0002025114433271638,0.048771358313854346,0.0628570215584418,47350000.0,-0.9600000000000009,-0.9150670000000005,0.3957707509881434,0.6733076923076933,0.044933000000000334,5.566663702693075,17.04631495369775,17.67307737759636
2018-05-31,0.0012132242919742353,0.002007001637259087,0.0002899189936788325,0.052102745956575616,0.06197615950556508,78800000.0,-0.9900000000000002,-0.9568580000000004,1.1581818181818182,0.5562230035158215,0.03314199999999978,5.835570682149306,17.511862026916912,18.18242355482811
2018-06-01,0.004088746515506614,0.001657141064703893,0.0004555497501571317,0.04499459606799769,0.06335867925257711,66750000.0,-1.0,-0.9858100000000007,-0.45945945945945965,0.2294298921417557,0.014189999999999259,5.672463791398774,17.553180176247643,18.01646485524463
2018-06-04,0.0007553440951326706,0.000756487776864212,0.0001224048167031726,0.03167144485180903,0.057579504510452864,56100000.0,-0.9900000000000002,-0.9841519999999999,-0.7235922330097084,0.3390138067061148,0.005848000000000297,5.653821625502429,17.894741482376325,17.842646370492925
2018-06-05,0.0009056604392609913,0.0009073053515852081,0.00021602508371076383,0.031213206212656018,0.05747332813385929,68400000.0,-0.9800000000000004,-0.9017400000000002,-1.013670886075949,0.08675931775110612,0.07826000000000022,5.70681121671621,17.26866767855714,18.040883382592778
2018-06-06,0.0031633678560014644,0.001539978922785501,0.00033058934323252725,0.03342116240478896,0.05835640600026016,45500000.0,-0.9800000000000004,-0.9894719999999992,-1.3857718120805362,-0.1092573045267482,-0.009471999999998815,5.705414475551326,17.90316613203558,17.633222883921178
2018-06-07,0.0036929770402265305,0.002521219189225654,0.0006870807949370672,0.02506320145965518,0.05744569935847883,200000000.0,-0.9600000000000009,-0.9716839999999998,,-0.11515090543259454,-0.011683999999998917,5.487366244091418,,19.11382792451231
2018-06-08,0.0020058986112978516,0.0021046496083839015,0.0010293687510188729,0.020867009665242253,0.05344978539732998,100550000.0,-0.9100000000000001,-0.8481039999999993,2.91,-0.02244908616187935,0.06189600000000084,5.584698593266769,17.828283466492564,18.426165674182936
2018-06-11,0.0010473555232870524,0.001744109684699957,0.0008196746890073383,0.030094845700138047,0.05321058521217077,47900000.0,-0.9399999999999995,-0.9086130000000008,,0.4794392523364479,0.03138699999999872,5.612069151732869,,17.684626062381145
2018-06-12,0.001645352252125143,0.0018920480472727874,0.0008980247962513928,0.0292426288980782,0.05319648970013199,34700000.0,-0.9000000000000004,-0.7922750000000001,-0.8571428571428568,0.09909260741926929,0.10772500000000029,5.330639338010161,17.415558798371595,17.36225024491709
2018-06-13,0.00486038557642221,0.0022314515913569367,0.0011149692012845473,0.035666731451167936,0.054870749386545375,113900000.0,-0.8599999999999994,-0.7452389999999998,-0.1778548895899057,-0.05282716049382685,0.11476099999999967,5.437165848366845,17.27182723884751,18.55083142841741
2018-06-14,0.0011309861618080674,0.001266658950950017,0.0008946503402243218,0.039453916935097526,0.054681787198153045,83000000.0,-0.9399999999999995,-0.8524130000000003,-1.2676388888888894,-0.28581042788325384,0.0875869999999992,5.58563687328081,18.09217667698033,18.234351165760874
2018-06-15,0.0027953745862134838,0.0014245541459331434,0.0012958363583278568,0.040762232422810664,0.04956523685437299,129750000.0,-0.9399999999999995,-0.8767390000000006,-1.378248175182482,-0.20060402684563794,0.0632609999999989,5.549620683656102,18.042344303232454,18.68112008001027
2018-06-18,0.008427888366446368,0.0033196029238798273,0.0015665619996634188,0.05687986206602499,0.05524362440629952,148850000.0,-0.5999999999999996,-0.8942300000000003,-1.5113636363636367,-0.5910569105691064,-0.29423000000000066,5.220247711126114,17.7073308560749,18.81844964542606
2018-06-19,0.004055489277664748,0.0038016303289877484,0.001639552790287311,0.05495132729651558,0.055829954345740014,200250000.0,-0.5,-0.8264189999999996,1.3562499999999993,-0.3813283790060389,-0.32641899999999957,5.273922209713315,17.281246460764002,19.115077143912742
2018-06-20,8.798040975221966e-05,0.0028471492956537504,0.002040007556023447,0.05942135415969287,0.04306579299681939,85500000.0,-0.8200000000000003,-0.8443930000000002,-0.13431598694942792,-0.09547601918465176,-0.024392999999999887,5.317188187298288,17.93129040090644,18.26402693390699
2018-06-21,0.0014944838754686884,0.0033722433031091016,0.0021695122647481364,0.050619218748891484,0.04146860965581443,72250000.0,-0.8399999999999999,-0.7609200000000005,0.1448780487804875,5.7172557172080474e-05,0.07907999999999937,5.278981630241295,16.835935444108635,18.095642884956817
2018-06-22,0.005431843882361953,0.0017267996093940142,0.0019239891200170164,0.0810662413578143,0.048542609154080985,97550000.0,-0.9100000000000001,-0.6971620000000005,-0.1733333333333329,-0.01980343980343946,0.21283799999999964,5.425962720383707,16.523560759066484,18.395875625033394
2018-06-25,0.0006184565289677479,-8.246936968880902e-05,0.0016165364577670008,0.05530029348614351,0.04711464173421853,35450000.0,-0.9100000000000001,-0.724024,,-0.12301398239254269,0.18597600000000014,5.48471394249513,,17.38363381094241
2018-06-26,0.0,-0.0008935672252217586,0.0013661264323226636,0.04210212118626237,0.045486136407680115,49200000.0,-0.9299999999999997,-0.7780190000000005,-0.8699857142857148,-0.1462500000000002,0.15198099999999926,5.563945529468402,17.37085861945369,17.711404181462537
2018-06-27,0.0041451750494347905,-8.21282972852444e-05,0.0015562979791692722,0.05571344462639409,0.046240066093666155,54950000.0,-0.9800000000000004,-0.7032369999999997,-0.5216077170418005,-0.2693542372881348,0.27676300000000076,5.71676450887937,17.252718377149463,17.821934238813906
2018-06-28,0.0026076398069685425,0.0001405028890147264,0.0016804713033106314,0.05820284597117948,0.04601600666875819,95500000.0,-0.9800000000000004,-0.6605190000000007,-1.406749716874292,-0.37683868390129227,0.3194809999999997,5.793775513182905,18.29625066557419,18.374636805450958
2018-06-29,0.0011711317397695709,0.0009926453175332028,0.0016824757105584726,0.03620777934280581,0.0459828739282932,88050000.0,-0.9800000000000004,-0.6940019999999993,-1.3472171253822625,-1.1262192118226597,0.2859980000000011,5.774085598498625,18.912323548301583,18.29341539290649
2018-07-02,0.0014637004955133648,0.0014090767224294253,0.0015574735191302227,0.03326906798265174,0.04514352101555114,32250000.0,-0.9900000000000002,-0.8520959999999995,-1.3087540983606551,,0.1379040000000007,5.792159585273614,20.066450585633856,17.289028601206056
2018-07-03,0.003795624994840985,0.0021682017213976224,0.0017022488000687137,0.03404471863458338,0.04568809446831704,85000000.0,-0.9900000000000002,-0.9402059999999999,,-1.6681713834491472,0.04979400000000034,5.645694216880635,,18.258161814454592
2018-07-04,0.00026231037296486903,0.0012867046369176905,0.0016466311423436728,0.0322523023029721,0.04612177059941339,70700000.0,-1.0,-0.9148189999999996,,,0.0851810000000004,5.920988433303657,,18.0739561308668
2018-07-05,0.0011070649346258676,0.0009865896624491554,0.0015487119556115015,0.03006568664692262,0.04581880374115034,103100000.0,-0.9900000000000002,-0.9688119999999998,-1.161320485367594,-1.097112221528211,0.02118800000000043,5.58781029840378,19.468701246504416,18.451209948987188
2018-07-09,0.0021814065628564805,0.0016570973229743657,0.0014767324090700705,0.023642179949061176,0.04522280932746477,66850000.0,-0.7200000000000006,-0.7979090000000006,0.9663576158940401,-1.092765957446808,-0.077909,5.345534866157148,16.530205301785152,18.017961861512227
2018-07-10,0.003463383313222046,0.0006716805612272836,0.001216290412664361,0.04361804737875109,0.048281737854545294,69450000.0,-0.6699999999999999,-0.825469,1.2353594771241845,0.4926368159203971,-0.15546900000000008,5.757639147446912,18.84594847935671,18.056117627164628
2018-07-11,0.00349243661149945,0.0006110428845589766,0.0014324709905113374,0.042282701956367026,0.048160932455438704,81950000.0,-0.7400000000000002,-0.6838840000000008,0.02728941684665287,0.9141935483870967,0.05611599999999939,5.768852104730449,17.65065251905646,18.221619863154114
2018-07-12,0.0002904865670387835,0.0007216022725597071,0.0013679535769357965,0.04174203131510981,0.04831392164025387,87400000.0,-0.8699999999999992,-0.784357,0.761304347826087,0.8194892167990915,0.08564299999999925,5.672876431960318,16.25785759333348,18.286005840625762
2018-07-13,0.0063810475692003266,-0.0007760202282055317,0.0008326472366680567,0.0648439086817795,0.053491329625992144,98600000.0,-0.8800000000000008,-0.8447750000000003,1.0327777777777811,0.9575617053103969,0.035225000000000506,5.079165836503364,17.399029496420383,18.406581819572864
2018-07-16,0.0009933388686365063,-0.0010136337670495267,0.0009338055714511316,0.06191248509455243,0.05301279334826105,54950000.0,-0.8399999999999999,-0.745609,0.9309090909090916,0.6594899817850628,0.09439099999999989,5.307376211036383,17.312018119430753,17.821934238813906
2018-07-17,0.002770286819461454,0.0002331002594871734,0.0009326109158915111,0.0621891805796883,0.05300176323090763,81600000.0,-0.9299999999999997,-0.7873239999999999,0.8889235127478745,0.9260000000000002,0.1426759999999998,5.427677571853744,18.07254070246347,18.217339819934335
2018-07-18,0.0045035305287424165,0.00043531904293576674,0.0007457367331437039,0.06583502898261678,0.047463220692050986,84950000.0,-0.9600000000000009,-0.7689690000000002,0.9000000000000004,0.8766248955722649,0.19103100000000062,5.562526082814175,17.72753356339242,18.257573406082216
2018-07-19,0.00277914662273826,0.000933051054075662,0.0006849585114805379,0.06783055777334938,0.046538710671012326,161550000.0,-0.9600000000000009,-0.7331129999999995,0.8658084772370493,0.9461428571428581,0.2268870000000014,5.733405999722272,17.96969512054239,18.900325250234783
2018-07-20,0.0017041930151018292,0.002550099170936093,0.0007619210164971859,0.021083682171990133,0.04661419582180506,114800000.0,-0.9000000000000004,-0.8262490000000007,0.8863636363636367,0.8578698296836986,0.07375099999999968,5.618043015708491,16.90655301132259,18.55870204184974
2018-07-23,0.0019933273489272096,0.00195276592742335,0.0005958347677164289,0.03846996786577027,0.04748130311515285,50650000.0,-0.8300000000000001,-0.6109570000000009,0.8157954545454551,0.8299466666666664,0.2190429999999992,5.877483649156544,17.599700191882537,17.740449788658967
2018-07-24,0.001910386131545927,0.0010166313372218737,0.0007635232320410015,0.04584748447091403,0.04322477861271694,52450000.0,0.23000000000000043,-0.4232359999999993,0.9834423251589453,-0.04718898385565318,-0.6532359999999997,5.181390214518745,18.51689960169291,17.77537089280658
2018-07-25,0.0033263462588912773,0.000781194483251646,0.0009513709838438123,0.04067725648272486,0.043791983817440795,65050000.0,-0.16999999999999993,-0.17136400000000052,1.7374418604651165,1.6762499999999996,-0.001364000000000587,5.176093233802662,18.49300140553199,17.99066676292279
2018-07-26,0.0008666763506512964,5.202988857373469e-05,0.0009101006814318458,0.03750667416132016,0.04413082319518464,46350000.0,-0.7300000000000004,-0.7322919999999993,1.4614285714285717,2.214347826086957,-0.0022919999999988505,5.164443057991709,18.287149351327844,17.651731849976137
2018-07-27,0.001790303963504769,6.925207825432267e-05,0.0007979639630542257,0.037749837926868146,0.04268602061555681,44700000.0,-0.9499999999999993,-0.7429740000000002,1.1124548736462092,1.9560454545454533,0.20702599999999904,5.314043067009519,18.235555259825677,17.615484059583796
2018-07-30,0.0012397827643635395,0.0007158741009124725,0.0007328279134063685,0.033341335711824446,0.042215746219769056,65700000.0,-0.8599999999999994,-0.7906809999999993,1.3385544768069035,1.584350940017904,0.06931900000000013,5.225424041027712,18.344879030536084,18.000609483454838
2018-07-31,0.0012670258267712953,0.0013513564925759169,0.0008489306546702192,0.023854702664066776,0.041671600702719226,64850000.0,-0.9199999999999999,-0.7351890000000001,0.5447452806122453,0.8494117647058825,0.18481099999999984,5.3518107389880365,18.177334485320635,17.987587468726726
2018-08-01,0.0031318714811714443,0.0013124615370319504,0.000928367368272985,0.022859531746165916,0.042376402359115405,124300000.0,-0.9399999999999995,-0.7378730000000004,0.3982974248927036,0.6247050461975832,0.20212699999999906,5.359271345885034,16.963963918535928,18.63820855648094
2018-08-02,0.003979677430530515,0.0022817322932683127,0.0009371317699724864,0.019381441700985685,0.04253780282746871,96900000.0,-0.9600000000000009,-0.7097010000000008,-0.07333333333333236,0.26481099656357543,0.25029900000000005,5.420623490932004,17.949075833339656,18.389190076860995
2018-08-03,0.000743196924215539,0.001775032115724251,0.0009142324103891211,0.029257706135905146,0.04274078778986584,75000000.0,-0.9199999999999999,-0.6429460000000002,-0.08000000000000007,-0.03177638453500542,0.2770539999999997,5.25446996676776,17.622173047734595,18.132998671500584
2018-08-06,0.0028922859182456406,0.0009486183792024149,0.000723787131680954,0.044667830898917446,0.04471328956630199,31350000.0,-0.8499999999999996,-0.8229570000000006,-0.21947960618846718,-0.14127988748241904,0.02704299999999904,5.238885782778611,18.07959789477347,17.260724825043205
2018-08-07,0.0008607087032572736,0.0005230714731967012,0.0005789244999612515,0.046238787060195026,0.04470557951742721,97200000.0,-0.8800000000000008,-0.6285249999999998,-0.19599999999999884,-0.11683867968386785,0.251475000000001,5.215967833531011,17.95067711470663,18.39228126943067
2018-08-08,0.002293578987099032,0.00035541297438221873,0.0008530655618813028,0.043564769219902134,0.042542456372543044,46200000.0,-0.7799999999999994,-0.796856,-0.22000000000000064,-0.21667199017199046,-0.016856000000000648,5.289377524978562,17.182806387950748,17.64849035605197
2018-08-09,0.01647296550996913,0.0028540705902699416,0.001471185985617954,0.12437678979036994,0.06852118687704041,187300000.0,-0.7599999999999998,-0.3740400000000008,2.0577001703577515,1.2970171673819735,0.38595999999999897,5.074611156971351,18.58109746535827,19.048222167414316
2018-08-10,0.0050576112304385745,0.004014232221200764,0.0016981919219703251,0.12056643376461307,0.06946955837265767,176900000.0,-0.8200000000000003,-0.6070220000000006,1.2634571890145398,1.0934262125903,0.21297799999999967,5.31762967758041,17.941030737654824,18.991095159130015
2018-08-13,0.018191156356790472,0.008230920676207986,0.00286829687082703,0.1363539006900562,0.0840756507984919,111500000.0,-0.35999999999999943,-0.7528810000000004,1.0122004889975553,1.2733512983831456,-0.3928810000000009,5.126223329909518,18.219787801572977,18.529535148864447
2018-08-14,0.0009637227977945528,0.008210317857300531,0.0027751034581398365,0.13678789560979623,0.08489490699728311,47650000.0,-0.6699999999999999,-0.35304299999999955,1.117164948453608,1.15346866840731,0.3169570000000004,5.157272101065921,18.57254309326161,17.679393188064484
2018-08-15,0.003173072952713518,0.007116987469338021,0.0024920863261315047,0.15586062692377703,0.08735988175056504,76000000.0,-0.8300000000000001,-0.6657270000000004,0.1633438485804426,1.1130305532617673,0.16427299999999967,5.303752569037976,18.370439527515618,18.146243898250606
2018-08-16,0.0034604505429198795,0.0031303042587602194,0.002112849132242824,0.1442912099578549,0.08938214286965565,56000000.0,-0.8100000000000005,-0.5854470000000003,0.14862466001813246,0.27373572593801043,0.22455300000000022,5.158077810133449,18.518714484223732,17.840862248699423
2018-08-17,0.0016348248975610602,0.0024457469921847163,0.0020583576215201,0.14345459566161933,0.08936256023310991,119250000.0,-0.8300000000000001,-0.44434900000000077,0.3208348623853219,0.3099428450465709,0.3856509999999993,5.301761428950591,18.50685844019342,18.596732687732725
2018-08-20,0.0008032240180355643,-0.001353129082780491,0.0019389568104183194,0.03285572672662361,0.0899082388905101,60300000.0,-0.7400000000000002,-0.7682680000000008,0.03743680884676159,0.35435897435897523,-0.028268000000000626,5.181895903530785,18.65654306767435,17.914842661697413
2018-08-22,0.0017994329722181845,-0.0008004979287779435,0.0021195644447585763,0.03999848808710209,0.08877090551016605,119650000.0,-0.6999999999999993,-0.17834200000000067,0.07754582484724892,0.12925619834710744,0.5216579999999986,5.473362514371215,18.402516773324695,18.600081372318655
2018-08-23,0.0019102731408082718,-0.0005479379663968942,0.002119569825269893,0.03609353243738897,0.08877084087976976,130350000.0,-0.46000000000000085,-0.48516200000000076,0.18259686483288995,,-0.025161999999999907,5.193567775348966,19.638852267678114,18.685733698343785
2018-08-24,2.7711961870124924e-05,0.00013860974981305674,0.0019598527671383977,0.025237008327542443,0.08895650166767859,75600000.0,0.33999999999999986,-0.7062299999999997,,0.8150674206176607,-1.0462299999999995,5.701078823081886,,18.140966841149762
2018-08-25,0.005139971030003743,-0.001216349435699904,0.0017563625443120909,0.04090174981306695,0.091851904021206,19300000.0,0.39000000000000057,-0.21609300000000076,,,-0.6060930000000013,5.699171862098518,,16.775615653875114
2018-08-27,0.004585570461403066,-0.00013859053981217783,0.0018894704727834383,0.05845537889238237,0.09237383454048832,81050000.0,0.15000000000000036,-0.8040149999999997,1.4479301745635915,0.9316014263074468,-0.9540150000000001,5.701078823081886,19.809471985270843,18.21057680614596
2018-08-28,0.003183614011513569,0.00013824566804689908,0.001982033865504868,0.06206126055818346,0.09244697079058715,48000000.0,0.3699999999999992,-0.6672449999999994,1.4377922077922083,,-1.0372449999999986,5.353893974436778,19.88208257755906,17.686711568872166
2018-08-29,0.003311261303655222,0.0011825525569395979,0.0020793784120231506,0.062273421914946316,0.09251894802492822,83100000.0,0.27999999999999936,-0.19478999999999935,,4.766853146853149,-0.4747899999999987,5.878043857568719,,18.235555259825677
2018-09-03,0.007683901691915018,0.0027248752876966264,0.002296141755391892,0.07549335260429388,0.09449412782997227,63600000.0,-0.7899999999999991,-0.2579209999999996,,,0.5320789999999995,6.003393117973256,,17.96812402831035
2018-09-04,0.005996202212165791,0.004952109936130533,0.002392166744993572,0.030231590637493186,0.09520235251405593,143850000.0,-0.8100000000000005,-0.6411230000000003,1.017317073170732,0.7284482758620694,0.16887700000000017,5.7313003606929405,19.138520537102682,18.78428164796183
2018-09-05,0.005960461970465403,0.005227088237943001,0.0027113885971212356,0.030752619120463842,0.09525278231992351,198500000.0,0.41999999999999993,-0.5851629999999997,0.4709892262487756,0.0013483146067407858,-1.0051629999999996,5.748309596706279,19.134610463694838,19.10629965809152
2018-09-06,0.007722669457386644,0.006134899327117615,0.003216862662627535,0.0285553885409944,0.09447885714390279,165800000.0,0.0,-0.2526589999999995,1.8850014347202304,2.0027624309392262,-0.2526589999999995,5.82416952433065,19.669148788164854,18.92629280066547
2018-09-07,0.003959235797108995,0.00626449422580837,0.003446383829311643,0.024617806312737786,0.09332611853883761,107550000.0,0.4399999999999995,-0.11144600000000082,1.5233369776482029,1.7200000000000006,-0.5514460000000003,5.732402324893387,19.835562561924167,18.493466413678014
2018-09-10,0.01110841096252102,0.006949396079929571,0.0038661377329031665,0.042538782395659024,0.09688190065111954,140250000.0,-0.28999999999999915,-0.125197,2.0157229364005396,2.2099674001629985,0.16480299999999914,5.822927545284644,19.50451774703832,18.75893710236708
2018-09-11,0.0028718521639996553,0.006324526070296344,0.003218465668809382,0.05173753781160731,0.08535233076982573,89900000.0,-0.35999999999999943,0.04766399999999926,0.9483579274116511,1.5397646165527714,0.4076639999999987,5.749615890999373,19.182887460443805,18.31420849944185
2018-09-12,0.005879202235599124,0.003956593229083438,0.0026976650275694915,0.10141418188279877,0.09062838604064928,56950000.0,-0.5899999999999999,0.07628399999999935,-0.2556519916142559,0.6449687500000003,0.6662839999999992,5.632859169652302,19.28987986829267,17.857684247857467
2018-09-13,0.0073562429985836175,0.0009408107378893859,0.0014811222011231063,0.1207854946492092,0.0779160816533621,73550000.0,-0.5600000000000005,0.1821470000000005,-0.13813140446051797,-0.18614846153846187,0.742147000000001,5.555166450327418,18.926895755160672,18.11347600501172
2018-09-14,0.0005409840291301649,4.076677264155393e-05,0.0015012526186785533,0.11789107184191924,0.07776255719656117,50600000.0,-0.6899999999999995,0.10516600000000054,-0.043647411242604406,0.0064970059880238296,0.795166,5.8085027854266045,18.722265721573137,17.739462134257693
2018-09-17,0.008038276425163637,-0.0037885707048953775,0.0012695762628475954,0.07532745727921078,0.08309118300831486,22900000.0,-0.7899999999999991,0.37544600000000017,-0.11082962492053561,-0.1970453879941445,1.1654459999999993,5.599717415828014,18.873665368028504,16.946647468524468
2018-09-18,0.011984204085600858,-0.0067597819548154804,0.0008636832370056439,0.06580446362172067,0.09376566680993693,73700000.0,-0.9000000000000004,-0.004512999999999323,-0.03887157190635371,0.039699727024567366,0.895487000000001,5.5542765468038695,19.00512850758897,18.115513357159564
2018-09-19,0.017028700413455056,-0.008989681590386666,-2.505606351893299e-05,0.09673906485209523,0.11229088299967845,96850000.0,-0.9399999999999995,-0.7602200000000003,-0.3376793893129779,-0.1468093812375253,0.17977999999999916,5.819756467573638,19.09617298927359,18.388673947817278
2018-09-20,0.011388774364932353,-0.009796187863656413,-0.0005291298895616372,0.09668540849716004,0.11900197388002362,97700000.0,-0.9700000000000006,-0.7655399999999997,-0.13316229408175673,-0.05797711908476266,0.20446000000000097,5.954255808575653,18.914767043714058,18.397412117013012
2018-09-21,0.002586543398086505,-0.010205299737447682,-0.0007379859071951938,0.0846966169028134,0.11889046684003383,81150000.0,-0.9100000000000001,-0.6608680000000007,0.7274548581255367,0.07456952034001141,0.24913199999999946,5.728767727350109,18.571683617488894,18.211809851924873
2018-09-24,0.0025530212795690232,-0.00910824870832876,-0.0007685929614218963,0.10093401048490036,0.11899112757052392,107400000.0,-0.7400000000000002,-0.6379260000000002,1.9904828797190515,0.7900217485863426,0.102074,5.480263853011908,18.55083142841741,18.49207074003904
2018-09-25,0.0062880634801336655,-0.005453795195181854,-0.0004678417498979063,0.1428064577699971,0.12147210985191376,180800000.0,-0.7400000000000002,-0.6348140000000004,1.0451689860834996,0.7267231638418075,0.10518599999999978,5.665872901582981,18.557830582099598,19.01290200592235
2018-09-26,0.008557072314538061,-0.0003366406495832308,0.00018439840936598916,0.12677484259332536,0.12407305761319617,69050000.0,-0.6300000000000008,-0.6193419999999996,1.296237942122188,1.1128750602990856,0.010658000000001167,5.46527144621087,18.639012738269354,18.050341437819576
2018-09-27,0.004470397248824476,0.0028351936731681347,0.0001789139706717706,0.08162808286045414,0.12402221170572941,79150000.0,-0.7200000000000006,-0.5171390000000002,1.2004456521739133,1.0729336384439367,0.2028610000000004,5.577538748081951,18.337299135013314,18.186855344291295
2018-09-28,0.0027639212910290922,0.003905286610991254,0.00015892860302965265,0.06671475183924515,0.12390255938288729,98950000.0,-0.6899999999999995,-0.38072000000000017,1.0689062499999995,0.954721499219156,0.30927999999999933,5.599717415828014,18.849862378677845,18.41012523001285
2018-10-01,0.00215462327240612,0.004846815521386283,0.00010385060154160017,0.04167718895028161,0.12359618133768863,58800000.0,-0.9199999999999999,-0.8413920000000008,0.26161807580174923,-0.01908727272727262,0.07860799999999912,5.564941774473782,18.73695027325606,17.889652412868855
2018-10-02,0.0006668578011579385,0.003455831265127962,-0.00029380461241425494,0.053961916419531575,0.1204894137418286,65500000.0,-0.8800000000000008,-0.8992590000000007,-0.7070886440677961,-0.36216430221049123,-0.019258999999999915,5.337201484598003,18.58619518242994,17.99756070060548
2018-10-03,0.0021757908387805003,0.00217957496997645,-0.00047572896352784017,0.029370138867754168,0.11868984336322792,36900000.0,-0.9700000000000006,-0.8689490000000006,-0.20534090909090796,-0.2969894944189093,0.101051,5.676856536716945,17.088874568116545,17.423722109010754
2018-10-04,0.010262010450128756,0.003337897610237306,-0.0002708933216391091,0.0649990266829509,0.12250304302384181,56750000.0,-0.9900000000000002,-0.9723469999999992,-0.2841498844503132,,0.01765300000000103,5.335179531280603,19.528913275997464,17.854166214325787
2018-10-05,,,,,,,-1.0,-0.9587970000000006,,0.1600545742500472,0.041202999999999435,5.291745821164998,,
2018-10-08,,,,,,41650000.0,-0.9900000000000002,-0.9870769999999993,,,0.002923000000000897,4.957304838384605,,17.544811926577125
2018-10-09,0.0022826461740859116,,,,,40400000.0,-0.9900000000000002,-0.9662179999999996,0.10288038823865264,0.24292397660818743,0.023782000000000636,5.1065513509260825,19.688473060991257,17.51434034293138
2018-10-10,0.011492048330123517,,,,,87450000.0,-0.9399999999999995,-0.8398699999999995,-0.10985044865403815,-0.23521411578112694,0.10013000000000005,5.183691840706733,18.423676252932164,18.286577759428884
2018-10-11,0.010281475850587363,,,,,48400000.0,-0.9600000000000009,-0.8759320000000006,-0.1943392018779333,0.021555842479019205,0.08406800000000025,5.2717680313145,18.260511991799543,17.69501037168686
2018-10-12,0.0005385029747797532,,,,,53200000.0,-0.9700000000000006,-0.9669139999999992,-0.31550263157894687,-0.12296822177146627,0.0030860000000014765,5.425742654803275,18.146243898250606,17.78956895431187
2018-10-15,0.006484756580404039,-0.0021032956417611714,,0.12877180837115978,,47750000.0,-0.8499999999999996,-0.9797130000000003,-0.5542307692307693,-0.18895131086142314,-0.12971300000000063,5.285181467154896,18.172219384653864,17.681489624891015
2018-10-16,0.004755120705010718,-0.002597790547946133,,0.13017739354871907,,55350000.0,-0.9299999999999997,-0.9808850000000007,-0.7679166666666672,-0.32908792650918706,-0.05088500000000096,5.333587980629956,18.37985874943211,17.82918721711892
2018-10-17,0.011367649632768817,-0.002572910808475193,,0.1296438314714997,,71900000.0,-0.6999999999999993,-0.9779990000000005,-1.113068421052632,-0.8002654867256647,-0.2779990000000012,5.447556002014275,17.59285866006582,18.090786822691275
2018-10-18,0.0038497007151070406,-0.0038592658355712573,,0.09206092881559713,,74250000.0,-0.9499999999999993,-0.9354230000000001,-0.8000000000000007,-0.6045027124773972,0.014576999999999174,5.4789291291432685,16.75467248002987,18.122948335647084
2018-10-19,0.005200134804811185,-0.0027115382796530697,,0.11196483436572433,,98000000.0,-0.9900000000000002,-0.8827839999999991,-0.41151515151515117,-0.46355938284894105,0.10721600000000109,5.900171288661591,17.312018119430753,18.400478036634848
2018-10-22,0.004103411584591932,-0.0022352692804906483,,0.10811928831734921,,83750000.0,-0.9900000000000002,-0.8754620000000006,-0.174794007490636,-0.4461866969009822,0.11453799999999958,5.322961197460796,17.793321303930423,18.24334672866945
2018-10-23,0.0048086923739205645,-0.0022459836142726176,,0.10819858697704107,,91100000.0,-0.9900000000000002,-0.9765029999999992,-0.33969639468690715,-0.3179700922685331,0.01349700000000098,5.320910215200671,17.78012601351159,18.327468362230185
2018-10-24,0.0094579555004497,0.0019191374123710859,,0.09813366887457825,,80600000.0,-0.9800000000000004,-0.9884109999999993,-0.8149591280653947,-0.3941071428571421,-0.008410999999998836,4.726059503263545,17.615484059583796,18.205009207476856
2018-10-25,0.003404838154841272,0.0018301649003179322,,0.09763184936641219,,77700000.0,-0.9900000000000002,-0.9462810000000008,-0.512797783933518,-0.31937802126973835,0.0437189999999994,4.778198695870453,18.094950603863055,18.168365815337875
2018-10-26,0.00013595268867394594,0.0008173284770904843,,0.09313538320946547,,86150000.0,-1.0,-0.9733370000000008,-0.34759758064516166,-0.2974367737525636,0.026662999999999215,4.76575725063604,17.942644943009366,18.27160052093821
2018-10-29,0.0019040599499513533,0.002018822783999141,,0.08227034256739658,,51000000.0,-1.0,-0.9851700000000001,-1.1624999999999996,-0.4384358896635341,0.014829999999999899,4.981481076665904,16.588099280204055,17.7473361906886
2018-10-30,0.001353271920354615,0.003251215642854177,,0.05814768614142156,,39600000.0,-1.0,-0.9454899999999995,-0.26381215469613295,-0.3690392087601557,0.0545100000000005,5.195453731088797,16.711422496236054,17.49433967622471
2018-10-31,0.0032467560988695965,0.0020089757625381564,,0.021634954196077007,,55850000.0,-1.0,-0.9810820000000007,-0.250057142857143,-0.43954334877564527,0.018917999999999324,5.4507809096745055,16.90655301132259,17.838180083479482
2018-11-01,0.0004528750370837997,0.0014185831389866622,,0.01969959056055047,,45500000.0,-1.0,-0.9958500000000008,-0.2500162011173188,-0.41693828211773454,0.00414999999999921,5.680172609017068,17.39345845137093,17.633222883921178
2018-11-02,0.001166025536495141,0.001624597708550901,,0.01658551292515094,,50600000.0,-1.0,-1.0047630000000005,-0.30121951219512155,-0.3927458617332036,-0.004763000000000517,6.064761476169439,17.305939073354374,17.739462134257693
2018-11-05,0.001886563444838174,0.0016210984075282653,,0.016567394986735182,,24500000.0,-1.0,-0.9335810000000002,-1.435997966101695,-0.4501762820512818,0.06641899999999978,5.649994843926477,17.19990082131005,17.014183675514957
2018-11-06,0.0016846931233969187,0.0010135053987779586,-0.0002465672274770945,0.029019845543627517,0.08999138296179712,40850000.0,-0.9199999999999999,-0.7950009999999992,-0.8802415458937203,-0.6704148544663768,0.12499900000000075,5.770007073565429,16.8456442582356,17.525417379270287
2018-11-07,0.0010115190824926401,0.0005664579955025672,-8.970221525906821e-05,0.021563667395861057,0.08977553316457809,34900000.0,-0.9900000000000002,-0.9390319999999992,-0.7631120331950205,-0.6942381726254965,0.05096800000000101,5.575570243509278,17.690869579020827,17.367997387172654
2018-11-08,0.0025019446296994374,-2.4505937854080173e-05,0.00033839796095160225,0.03077856170295815,0.0802888623950899,54450000.0,-0.9800000000000004,-0.9111440000000002,-0.7143905397210428,,0.06885600000000025,5.405601031767711,19.61883666295674,17.812793407343243
2018-11-09,,,,,,,-0.9800000000000004,-0.9231259999999999,,-0.6697200181708052,0.056874000000000535,5.455620215921813,,
2018-11-12,,,,,,50200000.0,-1.0,-0.9741020000000002,,,0.025897999999999755,5.806850364254143,,17.73152558466196
2018-11-13,0.0029121435507262206,,,,,58200000.0,-1.0,-1.0085990000000002,-0.39222353870458093,-0.4120886814469076,-0.008599000000000245,5.868449096211435,19.349690248234296,17.879395912701668
2018-11-14,0.0008266777361152222,,,,,51900000.0,-1.0,-1.0043729999999993,-0.2681086519114686,-0.36027051811095845,-0.004372999999999294,5.762554400899435,17.73152558466196,17.764829348136118
2018-11-15,0.019243007822806746,,,,,181100000.0,-1.0,-0.9841189999999997,-0.3324544582933848,-0.37211534555712333,0.015881000000000256,5.595231690313395,18.462781919971,19.014559922853643
2018-11-16,0.0038503575281101377,,,,,124600000.0,-1.0,-1.0128299999999992,-0.32043478260869573,-0.26442812172088104,-0.012829999999999231,5.831090374796852,17.86729550576758,18.640619164317627
2018-11-19,0.006299005194252416,-0.003590566840421516,,0.1525727670896679,,62750000.0,-0.9900000000000002,-0.9920290000000005,-0.6581481481481477,-0.46010860711376544,-0.0020290000000002806,5.606132893919445,17.80449460452855,17.954669135976168
2018-11-20,0.002454658262379006,-0.004663927203042562,,0.14259331986301094,,118700000.0,-0.9900000000000002,-0.9915979999999998,-0.32323896752706016,,-0.0015979999999995442,5.442244535354679,19.296982467610157,18.592109859579896
2018-11-21,,,,,,,-0.9900000000000002,-0.9841309999999996,,-0.4321943048576209,0.005869000000000568,5.674593937191527,,
2018-11-22,,,,,,95550000.0,-1.0,-0.9535739999999997,,,0.0464260000000003,5.086793543945869,,18.375160228650557
2018-11-23,0.0051853414250429,,,,,114850000.0,-0.9900000000000002,-0.9916079999999994,-0.410904630481447,-0.3895415809579781,-0.0016079999999991657,4.709800435066175,19.602714640759547,18.55913748709938
2018-11-26,0.01897866355737854,,,,,54400000.0,-0.8900000000000006,-0.9334559999999996,0.10250000000000092,-0.2686137880986941,-0.04345599999999905,5.308812103640678,17.909855120186375,17.81187471182617
2018-11-27,0.00026863667052090534,,,,,48600000.0,-0.8900000000000006,-0.9103619999999992,0.310666666666668,0.10852497643732306,-0.02036199999999866,5.41106552623979,17.565014633894645,17.69913408887072
2018-11-28,0.002951041712387692,,,,,65050000.0,-0.9499999999999993,-0.9585450000000009,0.18644628099173488,0.1463888888888878,-0.008545000000001579,5.337441921232086,17.40732829923508,17.99066676292279
2018-11-29,0.005641385008492428,0.0021668684331419994,,0.15957767207279475,,96100000.0,-0.9900000000000002,-0.9398959999999992,0.13310344827586285,0.06251407129455977,0.05010400000000104,6.169568890611913,17.875953568510692,18.38089987394052
2018-11-30,0.004569286272729123,0.004117793972696404,,0.14568546871481544,,66650000.0,-0.9199999999999999,-0.9837150000000001,-0.3050803858520901,-0.08034997666822186,-0.06371500000000019,5.442244535354679,17.945865557709407,18.01496560458899
2018-12-04,0.004838719118223089,-0.0006456825624239215,,0.07223035730114319,,39650000.0,-0.9600000000000009,-1.0058419999999995,-0.5787147335423191,-0.448585858585858,-0.045841999999998606,5.757607561351109,17.971263748315017,17.49560150604513
2018-12-05,0.0005390835710068487,-0.0006997719425211102,,0.07216690734863698,,63950000.0,-0.9700000000000006,-0.9612149999999993,-0.9419999999999993,-0.743620689655172,0.008785000000001375,5.50618483030973,17.72753356339242,17.973612085989124
2018-12-06,0.0004045034775028711,-0.0013708809804992227,,0.06505375716038067,,51250000.0,-0.9600000000000009,-0.9620470000000001,-0.627370242214532,-0.774206793579693,-0.002046999999999244,5.481347005925672,17.872499333642605,17.75222617598279
2018-12-07,0.0008094981553758984,-0.0004045036098759169,,0.052997434608413725,,86150000.0,-0.8000000000000007,-0.8525329999999993,-0.7499999999999991,-0.9523525153818309,-0.05253299999999861,5.6056182258689695,16.759949537130716,18.27160052093821
2018-12-10,0.0023512571133865734,-0.001788612287099056,,0.02975725572288704,,58000000.0,-0.8200000000000003,-0.9162820000000007,-1.2813513513513515,-0.9871041733035995,-0.09628200000000042,5.1547356380700124,16.733281290048552,17.875953568510692
2018-12-11,0.003565258746265343,-0.00010781671420136973,,0.034861517266852944,,62050000.0,-0.7899999999999991,-0.5905480000000001,-0.7717870722433471,-0.9296378466557922,0.19945199999999907,5.297166704790641,17.085079497147994,17.94345106961489
2018-12-12,0.0010790397594035994,-0.00021580795188071988,,0.03548747184178718,,185850000.0,-0.7899999999999991,-0.7068110000000001,-0.9123809523809525,-0.8784142394822014,0.08318899999999907,5.453353368647568,16.860032995687696,19.040450454707535
2018-12-13,0.0,-0.00013490725638014566,,0.03546815378023405,,80400000.0,-0.8399999999999999,-0.2588019999999993,-0.7632175032175033,-0.9484872824631863,0.5811980000000005,5.431798757922517,18.168365815337875,18.202524734149193
2018-12-14,0.0018875561759044146,0.0004045036098759169,,0.03735450749434733,,150800000.0,-0.7799999999999994,-0.7050959999999993,-0.881134903640258,-0.9698684210526318,0.07490400000000008,5.526130000710509,17.659254722639126,18.83146501353813
2018-12-19,0.0008078632457682033,0.0010363276817068722,,0.02830945183805208,,82700000.0,-0.8699999999999992,-0.3959689999999991,-0.8193258426966299,-0.9529235237173284,0.4740310000000001,5.625099952621732,17.610999747136468,18.230730159993918
2018-12-20,0.002830381295147788,-0.0002428003265757539,,0.028723798405967223,,124850000.0,-0.9199999999999999,-0.5392449999999993,-0.71,-1.081426779554719,0.3807550000000006,5.905906658746336,17.034386382832476,18.642623574690056
2018-12-21,0.0014835797447689814,0.00026972357425876227,,0.029766103875769792,,130400000.0,-0.9900000000000002,0.04025900000000071,-1.067852882703777,,1.030259000000001,5.744796450746815,19.52527510429802,18.686117207456828
2018-12-24,,,,,,,-0.9399999999999995,-0.7822390000000006,,-0.7837965415173711,0.15776099999999893,5.297817241506355,,
2018-12-25,,,,,,76200000.0,-0.9299999999999997,-0.9967919999999992,,,-0.06679199999999952,5.503093260504062,,18.148872020656874
2018-12-26,0.010429296296986301,,,,,100650000.0,-0.8800000000000008,-0.7915510000000001,-0.8388015884743254,-0.5678599401059659,0.08844900000000067,5.86348912005414,19.41652175458453,18.427159710050073
2018-12-27,0.004247418118946911,,,,,88500000.0,-0.9399999999999995,-0.5908669999999994,-0.8814347264110305,,0.34913300000000014,5.948087207138413,19.262678871244667,18.298513109978156
2018-12-28,,,,,,,-0.9499999999999993,-0.4338029999999993,,-0.9171968604157836,0.516197,5.541263545158426,,
2018-12-29,,,,,,57550000.0,-0.9900000000000002,-0.9778819999999993,,,0.012118000000000961,5.262586556592238,,17.868164693132165
2019-01-03,0.0052356140539444596,,,,,45550000.0,-0.9600000000000009,-0.7518530000000005,-0.8308127972330297,-0.8778712871287118,0.2081470000000003,5.8815938759722695,19.259226127201668,17.63432118167024
2019-01-04,0.011589205883905329,,,,,85200000.0,-1.0,-0.7866759999999999,-1.25,-1.0969571045576405,0.21332400000000007,6.058632420966027,17.111347423968603,18.260511991799543
2019-01-08,0.0034844631018202676,,,,,41900000.0,-0.9900000000000002,-0.9902490000000004,-0.793333333333333,-1.0531106083459019,-0.00024900000000016576,5.993886611540359,17.399029496420383,17.550796384892365
2019-01-09,0.0018634372489190199,,,,,71550000.0,-1.0,-0.9996679999999998,-1.8388888888888886,-1.0802344381568307,0.000332000000000221,5.650803549865314,15.65606019136176,18.085907063966733
2019-01-10,0.001890082954299821,-0.004067185749010172,,0.07865399869188641,,51900000.0,-0.9900000000000002,-0.9850879999999993,-1.6781322896281798,-1.1955135882081986,0.004912000000000916,5.563562093880882,17.74929505517393,17.764829348136118
2019-01-11,0.003484555787457211,-0.0023231517807298374,,0.09346194737223515,,56750000.0,-1.0,-1.0409849999999992,-2.25,-1.322118742724098,-0.04098499999999916,5.570708120430859,16.056220247240233,17.854166214325787
2019-01-14,0.007539219626869986,0.0015025333214252258,,0.0695949291296841,,50200000.0,-0.9900000000000002,-0.990596,-1.8334148648648645,-1.3788040280606468,-0.0005959999999998189,5.3021599742654875,16.510137738734343,17.73152558466196
2019-01-15,0.0015824874725396398,0.0018829284472813511,,0.061892231956859736,,56800000.0,-0.9900000000000002,-0.997344,-2.301678602620087,-1.52328168234643,-0.007343999999999795,5.231055139488869,16.946647468524468,17.85504688369138
2019-01-16,0.0023784366391970124,0.0010345536696581448,,0.06890528323900043,,49800000.0,-1.0,-0.9678129999999996,-2.5,-1.5145298079321527,0.03218700000000041,5.156177599386914,13.122363377404328,17.72352554199488
2019-01-17,0.0006612444861717748,0.0015448191577524639,,0.06431042246533067,,59900000.0,-0.9900000000000002,-0.9914959999999997,-1.3102282208588951,,-0.0014959999999994977,5.042715187559668,19.825551490645193,17.908187063085677
2019-01-18,,,,,,,-0.9900000000000002,-0.9988100000000006,,-1.3027307206068262,-0.008810000000000429,5.4562608446139915,,
2019-01-21,,,,,,37550000.0,-0.9900000000000002,-0.8663410000000002,,,0.12365899999999996,5.49884714299066,,17.44118393617442
2019-01-22,0.00197902300886188,,,,,53550000.0,-0.9000000000000004,-0.9294609999999999,-1.3053736964078793,-1.350110741971207,-0.029460999999999515,5.367610193043986,19.659634517173547,17.796126354858032
2019-01-23,0.001714926876334566,,,,,36750000.0,-0.9600000000000009,-0.7788310000000003,-2.172292878338278,-1.2951235684147067,0.18116900000000058,5.486993688979999,17.703240870823375,17.41964878362312
2019-01-24,0.0032267477546170653,,,,,131600000.0,-0.9600000000000009,-0.7169869999999996,-1.3241207349081359,-1.5003312990409752,0.24301300000000126,5.762460104273613,17.45572484009693,18.695277576855492
2019-01-25,0.004546183227733813,,,,,80600000.0,-1.0,-0.9864689999999996,-0.5161417322834643,-1.134924307692308,0.013531000000000404,5.294158731399178,16.35711255142882,18.205009207476856
2019-01-28,0.0021074823395652587,0.000738202789041864,,0.04998198796195224,,30950000.0,-1.0,-1.0714880000000004,-2.266949152542373,-1.2847297297297295,-0.07148800000000044,5.584360596831292,17.75903223045179,17.24788355709488
2019-01-29,0.0010520779508036426,0.0005528137774302166,,0.04895490246144525,,43900000.0,-1.0,-0.9873750000000001,,-1.2975474907853703,0.012624999999999886,5.7441883826244515,,17.5974248780454
2019-01-30,0.00210084110881148,0.0013159673744594258,,0.04516758881784594,,36300000.0,-1.0,-0.9817180000000008,-1.8582039473684206,-1.2719756642170719,0.018281999999999243,5.684497713244334,18.48271613487182,17.40732829923508
2019-01-31,0.0009448323625562693,0.001772350452871585,,0.03156617317895275,,141700000.0,-1.0,-0.9914729999999992,-2.3045952380952377,-1.4135568513119532,0.00852700000000084,5.575949103146316,17.26549810379586,18.76922270466091
2019-02-01,0.0061777066792148005,0.0020986551431677824,,0.04124080141518001,,59000000.0,-1.0,-0.6944339999999993,-0.7852941176470587,-1.4836626092384515,0.30556600000000067,5.7613278506536725,16.64872390202049,17.893048001869992
2019-02-04,0.003529184762312454,0.0009713217227922399,,0.057409442226286495,,35200000.0,-1.0,-0.9961509999999993,-2.45,-1.3917816436712656,0.0038490000000006575,5.776599137237998,16.569171270318538,17.376556640568324
2019-02-05,0.011722228399943191,-0.0015835395473571268,,0.1067252554488724,,82100000.0,-1.0,-1.12791,-2.25,-1.4394227445558245,-0.12790999999999997,5.736475518602719,15.955576721460545,18.223448574422658
2019-02-06,0.0021220167113975563,-0.002428111111398934,,0.10162998571483413,,94950000.0,-1.0,-0.9759519999999995,-2.32147182320442,-1.5547951176983439,0.024048000000000513,5.496061055229514,17.404569676796,18.36886099522257
2019-02-07,0.007670980612632938,-0.0007049485163610925,,0.12522058432786293,,85050000.0,-0.9700000000000006,-1.0518319999999992,-2.3957942857142847,-1.6952302910426669,-0.08183199999999857,5.5443958891447425,16.166885815127753,18.258749876806146
2019-02-08,0.004489641768275376,-0.002838418205859128,,0.11029255632395521,,70350000.0,-1.0,-1.232901,-2.388741830065359,-1.6740795485084652,-0.23290100000000002,6.025068554521759,17.236510566922608,18.06899334152467
2019-02-11,0.0074389290969989474,-0.0036203670727964266,,0.11521787299883102,,97300000.0,-1.0,-1.0187190000000008,-2.047490909090909,-1.6959003080369648,-0.01871900000000082,5.890676893295289,17.312018119430753,18.393309547156232
2019-02-12,0.0017348372937160406,-0.0016228888515509964,,0.09003878513265251,,99400000.0,-1.0,-1.1535790000000006,-2.4150895734597153,-1.7447770700636944,-0.15357900000000058,5.559912104236499,17.55793077900624,18.414662671626804
2019-02-13,0.0009345171229471205,-0.001011582084682061,,0.0915729981584033,,62600000.0,-0.9800000000000004,-1.211634,-2.435006545454545,-1.8434056987788328,-0.23163399999999967,5.695582278090861,17.822843743196746,17.952275836070328
2019-02-14,0.009033005097245805,-0.0007391771877594877,,0.0998457325411605,,93350000.0,-0.9900000000000002,-1.1074850000000005,-2.0621892744479497,,-0.11748500000000028,5.5595271186687025,19.950858975400834,18.351866427952007
2019-02-15,,,,,,,-1.0,-1.021554,,-2.035872371850565,-0.021554000000000073,5.8638016156178265,,
2019-02-18,,,,,,68750000.0,-1.0,-0.9972399999999997,,,0.0027600000000003178,5.965454191675751,,18.045987294510955
2019-02-19,0.0030518168713644656,,,,,73400000.0,-1.0600000000000005,-1.0630349999999993,-2.113586649338374,-2.0709295774647885,-0.0030349999999987887,6.04015946864674,19.863355438508364,18.111434493584746
2019-02-20,0.002918935335057604,,,,,137400000.0,-0.9299999999999997,-1.1419259999999998,-1.851805555555556,-2.1147368421052635,-0.21192600000000006,5.716336673227553,18.96764541433423,18.738406937752522
2019-02-21,0.0015957450194683531,,,,,146800000.0,-1.0,-1.0007819999999992,-0.0637254901960791,-1.0874927267918544,-0.0007819999999991722,5.493843030825574,17.7473361906886,18.80458167414469
2019-02-22,0.000505850571881794,,,,,81950000.0,-0.9399999999999995,-0.9955300000000005,-1.2625867768595045,-0.5658436039099026,-0.05553000000000097,5.10370053165993,17.91815392300107,18.221619863154114
2019-02-25,0.002101595591350147,2.6576307261372278e-05,,0.039725324918059246,,59150000.0,-0.9399999999999995,-1.0030800000000006,-0.7756735751295345,-0.7998593392214595,-0.06308000000000114,5.045165536993078,18.161910014995005,17.89558714838867
2019-02-26,0.0037400078077194365,0.00016421449453236648,,0.0431774947860056,,56750000.0,-1.0,-0.9964099999999991,-0.9296875,-0.5581826163301153,0.0035900000000008703,5.288973851544884,16.77042083699801,17.854166214325787
2019-02-27,0.0029430891840593887,0.00015938372473200957,,0.043286356645537254,,93600000.0,-1.0,-1.1862969999999997,-0.6884236453201966,-0.6716822429906539,-0.1862969999999997,5.27166533555061,17.51927862457196,18.35454094144782
2019-02-28,0.006126001312668272,-0.0007466675339079743,,0.06252941809635576,,86950000.0,-1.0,-1.0006009999999996,-0.75,-0.639599227799228,-0.0006009999999996296,5.341807797622565,16.11809565095832,18.280843798764565
2019-03-01,0.008512953778695653,0.0010570933362075152,,0.09101133044902063,,95200000.0,-1.0,-0.9976310000000002,-2.0473515653775323,-1.0373299319727893,0.0023689999999998435,5.6920809446818605,18.50318196546411,18.371490499761595
2019-03-04,0.001988731182474446,0.00023902798144259663,,0.09267133557470737,,88609000.0,-0.9900000000000002,-0.9998210000000007,-2.439581395348837,-1.6025118483412317,-0.009821000000000524,5.89075984298635,18.36516803402211,18.299743990551836
2019-03-05,0.002915453960124381,7.411721192358555e-05,,0.09087635996533137,,50024000.0,-1.0,-1.0017639999999997,-2.25,-1.9644068332806075,-0.0017639999999996547,5.785116655711173,16.333207030575267,17.72801344822927
2019-03-06,0.0013224016738009325,0.0009272153834956498,,0.08691322123120941,,70355000.0,-1.0,-1.1583780000000008,-2.4961612612612614,-1.7326254826254823,-0.1583780000000008,5.741463541623889,17.608750027402454,18.069064412204494
2019-03-07,0.00039637973697281836,0.002231691593423868,,0.062462170173367026,,52113000.0,-1.0,-1.0028970000000008,-2.5098795341098166,-1.887556894243641,-0.0028970000000008156,5.833611187481239,17.911520399505434,17.76892499575217
2019-03-11,0.0015839496447860313,0.0008458907666419435,,0.028937824880783156,,53510000.0,-1.0099999999999998,-1.0194340000000004,-2.5136000000000003,-2.0494977007428368,-0.009434000000000609,5.944713552418529,16.90655301132259,17.795379110287488
2019-03-12,0.0022446698538240994,0.0007947030323720127,,0.030530489713591933,,61013000.0,-1.0199999999999996,-1.1594440000000006,-2.2300000000000004,-1.942925170068028,-0.139444000000001,5.924843859766086,16.11809565095832,17.92659751418596
2019-03-13,0.0011374609397583058,-1.58799476045246e-05,,0.02601901433227432,,68975000.0,-1.0899999999999999,-1.0447159999999993,-1.1600000000000001,-1.4742886942010847,0.045284000000000546,6.061177159519282,17.05810290944979,18.049254678067623
2019-03-14,5.293666129713159e-05,-0.00029094761462413745,,0.02324670221096785,,71994000.0,-1.0700000000000003,-1.2190349999999999,-1.7074390243902435,-1.1377275935074094,-0.14903499999999958,5.9945348289652,16.612791892794426,18.092093340174582
2019-03-15,0.003962493627443386,0.00042227516346997617,,0.03860299838849708,,43900000.0,-1.0600000000000005,-1.2567909999999998,-1.9367391304347823,-1.5364072630283134,-0.19679099999999927,5.998688392197302,16.749367427800177,17.5974248780454
2019-03-18,0.007143832471800948,-0.0013232812598474198,,0.06365434885696256,,84731000.0,-1.0299999999999994,-1.4211470000000004,-1.789816272965881,-1.7831901840490803,-0.391147000000001,5.9933876966698305,17.914842661697413,18.25499209030021
2019-03-19,0.0006640547425114107,-0.001007158237584882,,0.0632004052198051,,94039000.0,-1.0099999999999998,-1.8775820000000003,-2.3010233766233767,-1.8498690702087286,-0.8675820000000005,6.078925822877976,18.159315979817958,18.35922014780674
2019-03-20,0.006224773427208952,0.0004652886358085695,0.0003090723259364024,0.0812725215775088,0.05990642014053087,83465000.0,-1.0199999999999996,-1.0003419999999998,-2.506900000000001,-1.6025485062466052,0.01965799999999973,5.985295557962453,15.856730886823913,18.239937940271627
2019-03-26,0.0010568032687663376,0.0002645153143147283,0.00011342374783493558,0.08198513361608398,0.05922307085472903,9305000.0,-0.9900000000000002,-1.2056109999999993,-1.3413953488372092,-1.5191487669053299,-0.2156109999999991,6.005022225040047,16.660419941783683,16.04606244805849
2019-03-27,0.002508086589658731,-2.6366093242202738e-05,0.00037185336329761823,0.07842511822974695,0.058703446309509126,32745000.0,-1.0,-1.0903500000000008,-1.3441277258566977,-1.2888510512289013,-0.09035000000000082,5.800394836556317,17.284366588100244,17.304260836634292
2019-03-28,0.0046037568980592525,0.0023231517807298374,0.0006670677403227423,0.05070253636049865,0.059999230180537655,58950000.0,-0.9900000000000002,-1.0,-1.0226728110599073,-1.2412479033881247,-0.009999999999999787,5.836417632448908,16.892822818510687,17.892200184947654
2019-03-29,0.003681308390928173,0.0017197010510464849,0.0005158554632252956,0.06453865378629522,0.06176381413698952,65395000.0,-0.9600000000000009,-0.9969699999999992,-1.3749206349206338,-1.3979310344827578,-0.03696999999999839,5.733923631568188,16.349207371921707,17.99595636090539
2019-04-01,0.0009479172862087992,0.0006643298228464545,0.0004609184010757077,0.050727571205625155,0.061519417129453594,46300000.0,-0.9900000000000002,-0.9990609999999993,-1.2599999999999998,-1.289928189712759,-0.009060999999999098,5.767351776252221,14.457364444136669,17.65065251905646
2019-04-02,0.001211387186296875,0.0006334130393403469,0.00022513768707493092,0.05106872178503453,0.06057792954030086,104480000.0,-1.0,-1.0160719999999994,-0.41666666666666696,-1.1443755274261607,-0.01607199999999942,5.722669650374684,15.60727002719233,18.464506223492396
2019-04-03,0.0011073322336905278,-8.967072532950482e-05,0.00031255468471154337,0.04912037789199605,0.05969556104924406,49289000.0,-1.0,-1.1344320000000003,-1.1545454545454543,-1.1024904798172122,-0.13443200000000033,5.594079209564238,16.90655301132259,17.713211490384865
2019-04-04,0.0007389032900713133,-0.001158202762955618,0.0005690831619780653,0.026304581789496736,0.05511573801321956,43650000.0,-1.0,-1.0,-1.0999999999999996,-1.102703826955075,0.0,5.496553282156062,16.11809565095832,17.591713840249884
2019-04-05,0.003952053622290563,0.0003684696396881293,0.0003518974402444895,0.034668674332441446,0.04872720021690483,71300000.0,-1.0,-1.0065819999999999,-1.583333333333333,-1.1865193164933139,-0.006581999999999866,5.469999188237646,17.40180342330311,18.082406885384525
2019-04-08,0.0010512484542379852,0.00038913587329396647,0.0004966583753260338,0.034785045172937214,0.048020079954676415,78410000.0,-1.0,-0.9752069999999993,-1.25,-1.2603258918918918,0.02479300000000073,5.502889532276811,16.266515656076592,18.177462028207106
2019-04-09,0.0026038599159852183,0.00011064132735629783,0.00023383390503510051,0.03985647060238972,0.048322455106673975,56270000.0,-1.0,-1.0216899999999995,-1.25,-1.2380199115044244,-0.021689999999999543,5.479930339022074,16.76519889301686,17.84567209140946
2019-04-10,0.0018979839624106987,-4.748901838773634e-05,8.04822080726419e-05,0.04172986837202744,0.0486946501119149,39352000.0,-1.0,-1.1402649999999994,-1.0309073033707863,-1.1854079978384222,-0.14026499999999942,5.550359307904895,17.38785619582226,17.48805735745731
2019-04-11,0.0012937466325526614,-0.00015845768688400598,0.0,0.04248805201269501,0.04890800369388545,46470000.0,-1.0,-1.0053129999999992,-0.8102605863192194,-0.9680831932773106,-0.005312999999999235,5.541890799373754,17.93292039311737,17.65431750106116
2019-04-12,0.002374984623410903,-0.00047387148665993805,3.7668332315470076e-05,0.03337340557217762,0.04930594530703012,80660000.0,-1.0,-1.0,-1.0219376391982182,-0.8918024840957282,0.0,5.492608665955218,18.79362266035497,18.205753347409495
2019-04-15,0.000263539334770968,-0.0006314133105533414,0.0001571068651057114,0.0315227927853938,0.04860360219216237,33035000.0,-1.0,-1.1500000000000004,-1.2960784313725489,-1.1858635525507069,-0.15000000000000036,5.092338161403407,17.054189010128656,17.31307816344612
2019-04-16,0.0010534633578949126,0.0001000513442226847,0.00026143659356538845,0.0275479457027741,0.048460676593635246,48740000.0,-0.9900000000000002,-0.8537490000000005,-1.482222222222222,-0.9860871964679907,0.13625099999999968,5.040129369323958,17.034386382832476,17.702010606161334
2019-04-17,0.0017388101438218229,0.00013188610794045985,0.00018115690392135554,0.02683456471796304,0.04894792177159676,56230000.0,-1.0,-0.9498639999999998,-0.9878238341968908,-0.9996032627559872,0.05013600000000018,5.831999772456955,17.468762834435058,17.844960980268386
2019-04-18,0.00010547966889173921,0.0003695395006726443,-1.2556110189840925e-05,0.02403766847120793,0.046977058559238054,52090000.0,-1.0,-0.9972440000000002,-1.520049504950495,-1.2000000000000002,0.0027559999999997586,5.858047433667631,18.207487523491324,17.768483549721374
2019-04-19,0.0017156058315510592,-0.0004485785903197481,0.0002459308726792014,0.01968537278910854,0.0398112436301737,41642000.0,-0.9900000000000002,-0.7698210000000003,-1.1946153846153846,-1.2678039276807977,0.2201789999999999,5.75650141898843,17.98989782785991,17.544619831297275
2019-04-22,0.0029100549636815742,-0.0010832974500102565,0.00013897848119490792,0.024705687077362478,0.04119434167705673,70375000.0,-0.9800000000000004,-0.9894770000000008,-1.074961832061068,-1.0115767945309528,-0.009477000000000402,5.807361404231597,17.081269968731327,18.069348644424128
2019-04-23,0.001456086033954307,-0.0010027729147983778,-8.810187086483707e-05,0.026961823373297784,0.0351926519036144,30460000.0,-0.9499999999999993,-0.9489820000000009,-1.0004716981132082,-0.9667153284671537,0.001017999999998409,5.748564617428094,18.255806100762133,17.23192490543129
2019-04-24,0.002246152757794384,-0.00020578033447513633,6.918174944757824e-05,0.03402528684921646,0.03589996659528054,86596000.0,-0.9900000000000002,-0.8457129999999999,-1.281739130434782,-1.011726618705036,0.14428700000000028,5.869974649520272,17.94747198375768,18.27676418308946
2019-04-25,0.003030904343049201,0.0004214964679130517,9.407783294236252e-05,0.04114775081886998,0.03638983720303718,63664000.0,-0.9600000000000009,-0.7399889999999996,-1.5999999999999988,-1.1968977591036403,0.2200110000000013,5.257964012198821,17.04631495369775,17.96912981164885
2019-04-26,0.004070651015211091,0.0015787478372654817,6.86918385210215e-05,0.042690449110192256,0.03559559573850853,38080000.0,-1.0,-0.736046,-2.1863013698630134,-1.4932723815096551,0.263954,5.952307831906788,18.105969999112666,17.45519976788744
2019-04-29,0.0009168904958274382,0.002344136929167284,0.0002876536902712887,0.01990299943829055,0.0329581220736181,66170000.0,-1.0,-0.9899559999999994,-1.7731707317073173,-1.493193974792499,0.010044000000000608,5.974572679437764,16.835935444108635,18.00773774598824
2019-04-30,0.002621920746912032,0.0015285355729940165,0.00011766140297982053,0.041116840609762985,0.034347714252569994,56092000.0,-1.0,-0.995533,-1.5999999999999996,-1.4922106635071088,0.004466999999999999,5.774396253984192,16.166885815127753,17.842503757828677
2019-05-02,0.0011020441408193804,0.0012997138495990158,0.00022782479950916602,0.04065854607956613,0.03415417324235718,17450000.0,-1.0,-0.986497,,-1.1344407433380086,0.013503000000000043,6.170886069530959,,16.67485020661271
2019-05-03,0.000340862910860551,0.0007617055631612857,0.0002967864730592174,0.03782921226192969,0.03380752679634373,42270000.0,-1.0099999999999998,-1.4000000000000004,-0.09617283950617317,-0.648451499842122,-0.39000000000000057,6.144979310497521,17.516812532076766,17.559588172542973
2019-05-04,0.0030193656020243154,-0.0006562977602857956,0.00018819302963288397,0.031757725956600286,0.03556506186480015,25750000.0,-1.04,-1.2154470000000002,,,-0.17544700000000013,6.155600917842159,,17.06394518507402
2019-05-06,0.001576458550344384,-0.0005243841493824064,7.5069454778304e-05,0.03407666922207282,0.03327569007814847,36066000.0,-1.0300000000000002,-1.3901500000000002,-0.8853386454183267,-0.8374372259864487,-0.36014999999999997,6.13116126996509,17.73152558466196,17.400861151249355
2019-05-08,0.002365620764126497,-0.0004731241528252994,-8.76386032390523e-05,0.033117861077946,0.03410744051779911,53612000.0,-0.9000000000000004,-0.971463,-1.065753424657534,-0.9976623376623373,-0.07146299999999961,6.184684829770834,17.882826447798454,17.797283481580525
2019-05-13,0.0010795298511494522,-0.0009094389512190659,-1.5051457294492008e-05,0.030061271821927502,0.033083902114995505,68474000.0,-1.0199999999999996,-0.986974,-0.8700523560209428,-0.8528981206726014,0.033025999999999556,6.1556221332742656,16.76519889301686,18.041964669136753
2019-05-14,0.002052740338684522,-0.0005670634656542717,0.00017307827132908993,0.03634644817820357,0.0330814416194428,39953000.0,-1.0300000000000002,-1.0548650000000004,-0.9255555555555555,-0.8698871331828437,-0.024865000000000137,6.155070385705995,16.41820024340866,17.50321432122449
2019-05-15,0.0021581227451896723,-0.0003948148942873431,0.00013191750406066084,0.03305045330824183,0.03369418822704964,89835000.0,-1.0,-1.018243,-1.6343910714285714,-0.9803424657534245,-0.01824300000000001,5.715579284535712,18.43260931481764,18.31348521234881
2019-05-16,0.002374044902945016,-0.001184915584945223,-9.422675909914482e-05,0.02996115969495869,0.033726805655228675,57319000.0,-1.0,-1.0056440000000002,-2.0,-1.4277896017026448,-0.005644000000000204,5.633395775099203,17.37085861945369,17.86414271485441
2019-05-17,0.003164142389398883,-7.89629542401471e-05,4.389719588313684e-05,0.040201491387921624,0.035561360769446944,34450000.0,-1.0,-1.0,-1.9144766570605185,-1.5260450685826257,0.0,5.50573795739701,17.36225024491709,17.35501955542394
2019-05-20,0.0023721676911927503,-0.0003374905222488067,-0.00011922809216865662,0.04316640596355376,0.036308098914469566,38784000.0,-0.9900000000000002,-1.008051,-1.020775862068965,-1.3796649029982362,-0.018050999999999817,5.539025749041718,17.652810017196483,17.473518348411123
2019-05-21,0.0017137964777349524,-0.00040527929443872067,4.518174695309457e-05,0.042036285401819105,0.036337461492873646,48730000.0,-1.0,-1.0319459999999996,-1.3152424942263279,-1.2433779418550994,-0.031945999999999586,5.500318994108818,18.68227548164083,17.701805414819688
2019-05-22,0.001898534480186953,-0.00035336164143817683,-4.0201815489534655e-05,0.04138977327566615,0.036956721819866825,33163000.0,-1.0,-1.0,-0.907692307692308,-1.011454183266932,0.0,5.42912630665945,17.98989782785991,17.316945354585485
2019-05-23,0.0017963760312289523,-0.00023782786709496405,-4.4048015474196234e-05,0.03978509601996241,0.03700388771520146,62327000.0,-1.0,-0.9989299999999997,-0.8682769726247983,-0.9002241238793802,0.0010700000000003485,5.367563539284851,17.944256546903706,17.94790527671061
2019-05-24,0.0035631842384198364,-0.00015801949729077336,0.0002642014703401567,0.04197532453864656,0.03747802599229057,34730000.0,-0.9900000000000002,-1.0002250000000004,-0.7773202614379082,-0.790210070023341,-0.01022500000000015,5.205104984825858,16.543363386362664,17.36311442472026
2019-05-27,0.0014480355324257843,0.0006060211474329336,0.0002638181131245127,0.03783771372748061,0.03747481032959974,38540000.0,-0.9900000000000002,-0.9709160000000008,,,0.019083999999999435,5.1462728006383545,,17.467207220950495
2019-05-28,0.001183198718197609,0.0004999015955254648,0.00021320125409609485,0.037038104989154,0.03694347267298687,64451000.0,-0.9800000000000004,-0.9889690000000009,-0.9933333333333332,-0.8483076923076922,-0.008969000000000449,5.575229147070429,18.82614585206053,17.9814158031329
2019-05-29,0.0036721352739679247,0.0016140355463564403,0.0002437360603303198,0.03538897332432029,0.03762028199609137,50495000.0,-0.9900000000000002,-1.0100699999999998,-0.6492298435619732,-0.7382615480649184,-0.020069999999999588,5.4169888962655355,18.235555259825677,17.737384879442793
2019-05-30,0.002490334860667076,0.0014752437804688157,-6.86918385210215e-05,0.03968442195436011,0.03604322411015259,95007000.0,-0.8599999999999994,-0.8930070000000008,-0.9400000000000004,-0.8267302052785928,-0.03300700000000134,5.001998100700592,17.065885049891847,18.369461131060792
2019-05-31,0.00382469750812664,0.0015275464344101763,6.977516206465478e-05,0.04058446996314633,0.03837705513616205,54833000.0,-0.08000000000000007,-0.8907919999999994,-1.1975229357798165,-1.3367229729729733,-0.8107919999999993,5.432848259505643,18.534009429259367,17.819802760455758
2019-06-03,0.00399243794714188,0.0020364269173533955,0.00038474462368626964,0.04413498843256577,0.039359095870555916,124335000.0,-0.9199999999999999,-0.9825850000000003,-0.5690109890109891,-0.4559111855886053,-0.06258500000000033,4.927036270219942,18.326370064481125,18.638490093675873
2019-06-04,0.0007549429595679058,0.001950775765627455,0.000368215996007628,0.04475691120915894,0.039297709801759236,87940000.0,-0.9499999999999993,-0.96373,-0.2296992481203013,-0.32241379310344875,-0.013730000000000686,4.885903169351665,18.012712505626084,18.292165321716936
2019-06-05,7.807112283231277e-05,0.0012007344862674074,0.0003482667563079678,0.04357317968385209,0.039328168462863126,102885000.0,-0.6099999999999994,-0.8972350000000002,-0.35534653465346544,-0.4844691671964405,-0.2872350000000008,5.008700089461746,18.430631074805532,18.44912241758367
2019-06-06,0.00026021337643555853,0.0017508441336879343,0.0005044371838536761,0.031634055609343244,0.037382525375604374,159174000.0,-0.7599999999999998,-0.8028379999999995,0.053577540106951815,-0.09432175351530248,-0.04283799999999971,5.286598973593838,18.353471994258914,18.885508501454037
2019-06-07,0.0028399857547913854,0.0004179074811043293,0.00029413031218054425,0.0387022255829517,0.03888705435044868,281700000.0,-0.5399999999999991,-0.5503450000000001,-0.15716981132075603,-0.06428510818837552,-0.010345000000000937,5.210141675644311,17.562658920202185,19.456353232846602
2019-06-10,0.0006264029019362738,-0.0005058606887113015,0.0003769502103800787,0.022199024233310178,0.037840840364375995,124022000.0,-0.3100000000000005,-0.12769899999999978,0.1681185567010317,-0.13484848484848477,0.1823010000000007,5.3811868443703315,17.4739308045935,18.635969527187196
2019-06-11,0.001513135870870208,-0.00035422210645084105,0.0005004104828572054,0.025341999230865477,0.03764880880707161,198200000.0,-0.03999999999999915,0.014138000000000872,0.049214092140919874,-0.04581383773021486,0.05413800000000002,5.219761053642261,18.522334397678865,19.10478717986016
2019-06-12,0.0015629073251730574,-2.602641684976703e-05,0.0004770851012614213,0.028896927982772123,0.037431943636439716,101400000.0,-0.6099999999999994,-0.25828500000000076,0.2553576864535767,0.21900255754475673,0.35171499999999867,5.45125302281875,18.000609483454838,18.434583649121357
2019-06-13,0.00023428043475082205,-0.00012492517908704314,0.0005686966398537475,0.02880142259273261,0.03630161678990868,73954000.0,-0.9100000000000001,-0.52562,-0.33499999999999996,-0.1688333333333336,0.38438000000000017,5.389756426864818,17.72753356339242,18.118953836259998
2019-06-14,0.000677118625797668,0.0003076482467117003,0.0006495026530512403,0.01803832385815514,0.03502175006594307,78835000.0,-0.8100000000000005,-0.8233759999999997,-0.47169934640522815,-0.32269024651661216,-0.013375999999999166,5.566740164061006,17.929657747482555,18.18286761865372
2019-06-17,0.001094776462175595,0.00021397353466383605,0.0004466969934524556,0.01978789173533141,0.034268069121648786,94380000.0,-0.8699999999999992,-0.9366310000000002,-0.6193393393393398,-0.40695007800312055,-0.066631000000001,5.461753375399962,17.32106795495067,18.362839744262516
2019-06-18,0.000938453185320931,9.903699755398065e-05,0.0006043456066197738,0.01772380896466819,0.03272081666311597,45477000.0,-0.9100000000000001,-0.6981490000000008,-0.665,-0.33867813003761427,0.21185099999999935,5.581501839947369,17.161899703131436,17.632717261610264
2019-06-19,0.005041478711734548,-0.0012218402098275404,0.0002826658356926547,0.03597655844731318,0.03780729664956998,62411000.0,-0.9199999999999999,-0.6785709999999998,-0.7956862745098041,-0.5834031413612557,0.24142900000000012,5.420977379283924,17.842646370492925,17.949252099855084
2019-06-20,0.005646245812852335,-0.002304233285447843,0.00010420339128001745,0.04579380323636908,0.04247273705730368,79196000.0,-0.9199999999999999,-0.7291600000000003,-0.9386572438162544,-0.6692390814948226,0.19083999999999968,5.274280788719795,17.158372362613466,18.187436350458725
2019-06-21,0.0026634685647168865,-0.002701503273231687,6.291327063773486e-05,0.043459125003493776,0.04306372763693005,166880000.0,-0.9399999999999995,-0.7730069999999998,-1.612710719530103,-1.0632534753031653,0.16699299999999972,5.408695274017646,18.03648777111974,18.932785549216735
2019-06-24,0.0005811035848566348,-0.0025987686977678947,-0.00013443376856590663,0.044788234071467925,0.0411707616144626,70987000.0,-0.8800000000000008,-0.639291,-1.622304147465437,-1.014736842105262,0.24070900000000073,5.427941134341542,16.892822818510687,18.078007319649448
2019-06-25,0.0008979269057025618,-0.0026068739536915684,-0.00016062941745748866,0.04458706686168009,0.04094784108565976,69375000.0,-0.5299999999999994,-0.08476100000000031,-0.8841694822888293,-1.3344007155635067,0.44523899999999905,5.2914941411999115,17.4182873130248,18.055037130030872
2019-06-26,0.001477183069980903,-0.0013031415973484783,-0.0001466301626106651,0.04615176371925631,0.04108185043469268,114940000.0,-0.8100000000000005,-0.23330799999999918,-0.4415124555160137,-0.5991670544439271,0.5766920000000013,5.582029067495922,17.84442731486392,18.55992081104387
2019-06-27,0.002553540144734079,0.00033681559416880446,-0.00019989659733608635,0.032117382101024945,0.03993855098756982,42000000.0,-0.75,-0.4316859999999991,-0.18526570048309132,-0.24185543395265974,0.3183140000000009,5.532440421905254,17.944256546903706,17.553180176247643
2019-06-28,0.0006570734187389959,0.001000923990859981,-5.002001260246387e-05,0.018219572644463368,0.03914456033482041,44705000.0,0.03999999999999915,-0.38882500000000064,-1.9523860739153713,-1.149040057740887,-0.4288249999999998,5.588857849848298,19.04501360851195,17.615595910151555
2019-07-01,0.0018375120014688662,0.0014846471081250811,-0.00014464789387188168,0.012027547130597,0.037224306033441124,78109000.0,-0.6300000000000008,-0.6231430000000007,-1.7535616438356154,-1.261658707418019,0.006857000000000113,5.554740943097046,18.000609483454838,18.173615845046456
2019-07-02,0.002749952626715846,0.001855052252327738,-0.00020381386151121665,0.013439479867371554,0.03570209283184336,97325000.0,-0.7599999999999998,-0.6443250000000003,-0.4094409448818901,-1.0762853039731928,0.11567499999999953,5.277553277195309,16.35711255142882,18.393566451460792
2019-07-03,0.0052431939188331,0.0026082544220981775,9.912374644268798e-06,0.026760589500490727,0.04030894877624377,111535000.0,-0.8900000000000006,-0.6614640000000005,-0.43258064516128947,-0.006432015429121307,0.22853600000000007,5.5474794802608,17.347736202032834,18.529849000953018
2019-07-04,0.00422370592714838,0.0012528052077216856,-0.00018749880651363916,0.05547771732301792,0.04289800044685535,127670000.0,-0.8000000000000007,-0.6489840000000004,,,0.15101600000000026,5.594004810337956,,18.664959367796534
2019-07-05,0.0030261945248328814,0.0017266294289404627,-5.578541849471903e-05,0.05641655341258184,0.044308611149957024,203910000.0,-0.8699999999999992,-0.6552000000000007,-1.1341589648798527,-0.5194512004989091,0.21479999999999855,5.622717021934981,18.499491924376656,19.13318927799093
2019-07-09,0.0016917174963113624,0.001697470527908962,0.0001600099744149356,0.0564079948098021,0.043494095662223994,176848000.0,-0.8499999999999996,-0.5811349999999997,-1.0920289855072465,-1.1142309295539814,0.2688649999999999,5.348725269091882,16.440179150127435,18.990801164532872
2019-07-10,0.0007804370843578212,0.0009913925856942286,0.0001526750133472429,0.05780878173865868,0.043532443812990755,108365000.0,-0.9499999999999993,-0.5865860000000005,-1.034591326530613,-1.0428920863309363,0.3634139999999988,5.512985099381202,17.48418730476069,18.50101571660464
2019-07-11,0.0032583932380596536,-0.0007089248456843223,-7.454065850656005e-05,0.04929589981482212,0.044773857154395,103060000.0,-0.9399999999999995,-0.6477959999999996,0.38047857142857033,-0.7659495864513595,0.2922039999999999,5.394536224288579,16.860032995687696,18.45082190086435
2019-07-12,0.0010438414308984179,0.0003445846259250374,-9.925808204344766e-05,0.038674779486272924,0.04457031370299676,165552000.0,-0.9199999999999999,-0.6565709999999996,0.2754327808471455,-0.17458927693064474,0.26342900000000036,5.473320542534312,17.88111265132072,18.92479590282687
2019-07-15,0.001566171032744812,-0.0005738884855905013,-0.00016268144385268526,0.03173301147598232,0.044859022463897995,88119000.0,-0.8599999999999994,-0.6150000000000002,-0.28799272233424755,-0.44952735392631293,0.24499999999999922,5.392581544938119,18.309749183245085,18.294198731672427
2019-07-16,0.001174858173124349,-0.000677260350227904,-7.449207247544636e-05,0.029544916760432482,0.045049761651974746,90710000.0,-0.9499999999999993,-0.6519340000000007,-0.6921052631578952,-0.22501850481125185,0.2980659999999986,5.320127780811886,17.676240269004868,18.323178162591127
2019-07-17,0.0013037811494829299,-0.00026041670345975374,3.972495665115007e-05,0.03263039347448649,0.045131455260106444,117865000.0,-0.9700000000000006,-0.6562750000000008,-0.8844698544698542,-0.24132087517933964,0.3137249999999998,5.444450275495997,17.68879273507599,18.585050459688183
2019-07-18,0.001952490044292432,0.0007817599530106634,8.801242612598345e-05,0.02156116411082,0.04552091124277907,127776000.0,-0.9600000000000009,-0.7879430000000003,-0.7345945945945935,-0.22811176040905679,0.17205700000000057,5.464890566373852,17.4264284706085,18.665789288845083
2019-07-19,0.0010397713440015721,0.0007809459356312942,0.0003775957621134178,0.02155806645381959,0.041591476132781684,59280000.0,-0.9800000000000004,-0.6619060000000001,-0.17384615384615376,-0.2351495495495488,0.3180940000000003,5.315715143724457,17.7667542765457,17.897782538952107
2019-07-22,0.0020806249378413355,0.0006780551546119896,0.0005473872323520368,0.025104425010971015,0.036621722854824866,92724000.0,-0.9900000000000002,-0.7876359999999991,-0.4536534431137724,-0.14766185719570846,0.2023640000000011,5.069784317949389,18.017213638506874,18.345137896703722
2019-07-23,0.0010408535938397634,0.0006512542387550723,0.0007237835256166392,0.024954937198297476,0.034728730194571955,117720000.0,-0.9700000000000006,-0.6682869999999994,-0.1309337016574581,-0.20379421221864913,0.30171300000000123,5.228323994727502,17.810034784904165,18.583819481329545
2019-07-24,0.00026011184956153954,0.0003384756389461785,0.000739068846344977,0.024848229213158612,0.034594304563214454,152715000.0,-0.9600000000000009,-0.6487780000000001,0.2758409348441937,0.14120250521920674,0.3112220000000008,5.1732642175444745,18.07254070246347,18.844083997191543
2019-07-25,0.0006501528088058706,7.800819184886621e-05,0.000727270079826087,0.02093003029837564,0.0345906160289509,121450000.0,-0.9299999999999997,-0.5168060000000008,0.37602272727272634,0.3764482885535507,0.41319399999999895,5.078231635333065,18.29284737244248,18.615013213412457
2019-07-26,0.0005198180753831494,-2.5982461874818342e-05,0.0006816812705595273,0.019715040456703914,0.03448792818978152,85140000.0,-0.8900000000000006,-0.4368149999999993,0.1760045146726874,0.37646079881656824,0.4531850000000013,4.9901604409068705,18.29964241557531,18.25980751836428
2019-07-29,0.00038968630745817023,0.0004680797871850828,0.0005786406116416268,0.007531219662636258,0.03381617277247777,168025000.0,-0.8499999999999996,-0.6213110000000004,-0.07500000000000107,0.39891040367574604,0.22868899999999925,4.899852698084617,16.300417207752275,18.939623335820304
2019-07-30,0.0010395011331052473,5.200884179608067e-05,0.0004978513472680915,0.011167186293099199,0.034274197765417715,192055000.0,-0.7300000000000004,-0.6181979999999996,-0.22117187499999957,0.008814298169136592,0.11180200000000085,4.8121030512543195,17.05810290944979,19.073292347304033
2019-07-31,0.000650237359538508,-2.6016260199313023e-05,0.000379387091982026,0.01215398581853329,0.0341321307372191,135140000.0,-0.7300000000000004,-0.6628190000000007,-0.36133456904541195,-0.0006156405990012104,0.06718099999999971,5.494993731647075,18.496715430228363,18.721821836088303
2019-08-01,0.0016637641293382188,0.00017670600390715663,0.00032766383020213903,0.016907326234104573,0.03338072815980394,142213000.0,-0.9600000000000009,-0.7353269999999998,-0.965663380281689,-0.1562948960302437,0.224673000000001,5.476421710051968,16.46875252257149,18.772836491689272
2019-08-02,0.002594102469014814,0.0005915628826334895,0.00020151661830603018,0.02433900663285562,0.029501503056945894,180887000.0,-0.9900000000000002,-0.3197460000000003,-0.0629100529100528,-0.09739866369710448,0.6702539999999999,5.074736219502779,17.447819660589815,19.013383084875578
2019-08-05,0.0011910311593856804,0.0007518318530189916,0.00045936124147431877,0.024583905646865405,0.024866513950730272,162370000.0,-0.9100000000000001,-0.5800660000000004,0.22050724637681185,0.017929515418503073,0.3299339999999997,5.2332453698043215,17.826473511247325,18.905388239563298
2019-08-06,0.0016805640307229197,0.0012958448857846249,0.0003952835988976539,0.019061093736372266,0.023516614188048793,182216000.0,-0.8800000000000008,-0.6293340000000001,0.27086523967440534,0.1364357682619648,0.2506660000000007,5.108729473762037,17.50439001207821,19.020703354521835
2019-08-07,0.0008005061692015758,0.0015859935915326418,0.0003528449642733784,0.010661540801014262,0.023096455155584235,162800000.0,-0.75,-0.5771610000000003,-0.10407854984894271,-0.026073098172545883,0.17283899999999974,4.910814958814044,17.31504384034729,18.908033011532716
2019-08-08,0.00087723830384423,0.001428688426433844,0.0004317818875210951,0.011710670754381777,0.022783323425612508,111960000.0,-0.39000000000000057,-0.4776629999999997,-0.5573684210526313,-0.25864317007781246,-0.08766299999999916,5.008031908226141,17.45309671769066,18.533652222611526
2019-08-09,0.0005159293291274736,0.0008066820668053865,0.000562375406994056,0.012959158995496168,0.018822985653426244,94680000.0,-0.02999999999999936,-0.16136599999999923,,-0.6123159564973069,-0.13136599999999987,5.116615617633488,,18.366013342610056
2019-08-12,0.0001290072890904881,0.000594277292746348,0.0005188118764317737,0.013166397306710426,0.01879489866326063,83490000.0,-0.7100000000000009,-0.24857199999999935,-0.173795150915387,0.03923512747875435,0.4614280000000015,5.533547578997394,17.51483526993975,18.240237422170182
2019-08-13,0.00020641965188428202,0.00021688055622490766,0.0005835619421870371,0.009723075538548506,0.017435361486120973,113550000.0,-0.9000000000000004,-0.5225650000000002,0.29121338912133865,0.2583388814913459,0.3774350000000002,5.5111277137224555,16.98938901690174,18.54775382651584
2019-08-14,0.003930090899896044,-0.0007292388575946163,0.00034046912918606596,0.029572689250374564,0.023251897869421178,67825000.0,-0.8300000000000001,-0.5664549999999995,-0.1643601450248422,0.005462590506837728,0.2635450000000006,4.900076103529192,18.125906917686827,18.03244141650927
2019-08-15,0.0034913076130802523,-0.0002064249957474118,0.00044463705602403367,0.04180998664938847,0.025518174629314626,105187000.0,-0.6999999999999993,-0.5747140000000002,-0.12941176470588367,0.031181217901686153,0.12528599999999912,4.968006112040297,18.258161814454592,18.471250276487485
2019-08-16,0.0012916560824480783,-0.00036157034641153273,0.0002901539071316284,0.042528281460245405,0.02557733998358701,95894000.0,-0.75,-0.6499000000000006,-0.12734258800198361,0.05031104199066938,0.10009999999999941,5.225477820371079,18.429144822364496,18.37875397272433
2019-08-19,0.0001292407110042859,-0.00036152366202877315,0.00024679530556032906,0.042528451125873674,0.02543518944551389,125460000.0,-0.7300000000000004,-0.5332519999999992,0.07700520833333435,0.1380351114112095,0.19674800000000126,5.084690883925667,18.1567151981179,18.64749754063287
2019-08-20,0.0010343936789904973,-0.0005271184674500162,0.0002966158416960833,0.042743879532167156,0.02446878748636084,106960000.0,-0.6300000000000008,-0.4642420000000005,-0.06800128949065076,0.011205951448708618,0.1657580000000003,4.692264892839025,18.166433447586822,18.48796549075796
2019-08-21,0.001501773928710648,-4.1455073212937064e-05,0.00017553834062225416,0.03290947633933895,0.025072187160226665,175380000.0,-0.8000000000000007,-0.45200499999999977,0.15736140007343202,0.2378509177075383,0.34799500000000094,5.238248840081917,18.21868695136089,18.982465606315483
2019-08-22,0.0003368006560586778,-0.0006723564646172519,0.00020396274565178833,0.013431307541801963,0.025026727478749435,95684000.0,-0.22000000000000064,-0.4391759999999998,-0.4078275020341735,-0.31522434981423153,-0.21917599999999915,5.053758638478342,17.710590842662107,18.376561653312816
2019-08-23,0.0002590002604474506,-0.0003622251960381462,0.0001853364338251969,0.013438309419706295,0.024975487520891664,150391000.0,0.6899999999999995,0.7479709999999997,1.3100000000000005,-1.0040017183657746,0.05797100000000022,5.427985054670073,14.914122846632385,18.828749127263972
2019-08-26,0.001423303597978709,-0.00010341261864326157,0.00022835955394879498,0.018577470197507905,0.025321647514782233,85980000.0,0.6699999999999999,0.33297999999999917,-0.8656284153005469,-0.8206459948320415,-0.33702000000000076,5.381462947634706,18.33184953024575,18.26962526903241
2019-08-27,0.002969468323629876,0.0006973597818808131,0.00035120631662363807,0.02614216572583346,0.02704694196913378,83601000.0,0.8800000000000008,0.45641,-1.033059043547956,-0.8807558790593522,-0.4235900000000008,5.48728346606066,18.131130260440557,18.241566039705877
2019-08-28,0.0014190804161744452,0.0007138984843880536,0.000333131112667962,0.025706883504234102,0.027323409473066076,123270000.0,0.5800000000000001,0.6843009999999996,1.235562593144559,0.068245801526718,0.10430099999999953,5.8950637728216275,18.714841782501857,18.6298876295277
2019-08-29,0.00038737168797364774,0.0005690640155815885,0.00034564852559962203,0.026864167026524208,0.02721918149870526,108143000.0,0.6600000000000001,0.35697200000000073,0.1713468414779502,0.4618218898708353,-0.3030279999999994,5.9686052529619,19.120604908791336,18.4989649833495
2019-09-02,0.002579648018956604,0.0010331935672834192,0.00038926204415287843,0.030040718863545514,0.027953039734039706,70300000.0,0.08000000000000007,0.6277930000000005,,,0.5477930000000004,5.7829016791088,,18.068282356780895
2019-09-03,0.0009013069560124265,0.0009287942388901627,0.0003086527340099076,0.02984157594479411,0.026864549910820427,95135000.0,-0.5500000000000007,0.16107900000000086,0.91028262457605,0.9481945837512544,0.7110790000000016,5.711519136027923,18.56035572602485,18.37080749345664
2019-09-04,0.0,0.0003349005741641875,0.0002519369645153514,0.02390417346890778,0.026687881361544773,86335000.0,-0.9299999999999997,-0.43082000000000065,0.2657626076260762,0.27852320675105524,0.49917999999999907,6.038443548301976,18.906803755077984,18.273745635828668
2019-09-05,0.0015455953617804497,0.0003095975850429866,9.831032677709572e-05,0.024498494223629805,0.026851331498672144,130518000.0,-0.9299999999999997,-0.5960819999999991,-0.08524390243902502,-0.026474958370693358,0.3339180000000006,5.447383714465931,18.787543614278587,18.687021706249894
2019-09-06,0.0006447037809538259,0.000258131166446951,2.9490805341124216e-05,0.025022232518988604,0.026841835077123444,104890000.0,-0.9000000000000004,-0.5224069999999994,0.0968388993908853,0.2795918367346939,0.37759300000000096,5.509954977676045,18.37170056173065,18.468422739937786
2019-09-09,0.0038769756496952468,-0.0010331935672834192,-0.00019690033530361277,0.028957771548419428,0.029835370197820798,101190000.0,-0.8200000000000003,-0.6488999999999994,-0.19369294605809095,-0.055757575757574784,0.17110000000000092,5.462517382228296,18.25048536695625,18.43251049570594
2019-09-10,0.0005180676194092015,-0.0013170684823677447,-0.00019700215865036172,0.024374601612541423,0.02983565921106292,110590000.0,-0.8399999999999999,-0.45450699999999955,-0.2456353591160223,-0.1886130913804287,0.3854930000000003,5.373007312179481,18.320860408670153,18.521340227051542
2019-09-11,0.0011652749424992948,-0.0010840134938678858,-0.00014765607991660903,0.029256379544212018,0.030192153965836365,94820000.0,-0.7300000000000004,-0.45805200000000035,-0.49495269332660463,-0.2674938875305628,0.2719480000000001,5.250701512606374,18.18837030481334,18.367490915438246
2019-09-12,0.0015515906914194133,-0.0004645762832279132,-6.39413016640521e-05,0.034048063390356396,0.0307579262943073,69015000.0,-0.2599999999999998,-0.38496499999999934,-0.6498010532475131,-0.7100000000000009,-0.12496499999999955,5.43398397796957,18.37411310813603,18.049834430239816
2019-09-13,0.0010341262555515485,-0.0005424607781474577,7.396177663806672e-05,0.03428924221165663,0.027650394290437388,68040000.0,-0.16999999999999993,-0.10107299999999952,-0.9074293142671426,-0.7462628709872803,0.0689270000000004,5.526886174507311,18.851488659732325,18.035606325491933
2019-09-16,0.002175152341369113,-0.00020209611648223103,-0.000195869649764284,0.024631313296117317,0.02572684087518428,120950000.0,-0.6899999999999995,0.03433199999999914,-0.5224170965364774,-0.3644130248500428,0.7243319999999986,5.657144991804844,18.7259571248051,18.61088779502031
2019-09-17,0.0011931628007495476,-0.00033711515275030023,-0.0001911794934929254,0.02562320700085971,0.025676194752538323,89232000.0,-0.6699999999999999,-0.16823800000000055,-0.5545934959349594,-0.3907215104517867,0.5017619999999994,5.426798528196577,18.705258001450666,18.30675027761147
2019-09-18,0.004092315794316015,0.0002482930176130438,-2.4616323828430792e-06,0.0405271066927136,0.02966039024428729,74410000.0,-0.8399999999999999,-0.06551299999999927,-0.29012224289131083,-0.19518480562956952,0.7744870000000006,5.444795832926761,18.82960652368951,18.125100899373443
2019-09-19,0.00018095102739046354,-9.821532614893159e-05,3.8178493883825193e-05,0.038848705010557566,0.02943273028858572,73270000.0,-0.6799999999999997,-0.27501200000000026,-0.598080469404862,-0.4614471737200354,0.40498799999999946,5.361761539104571,18.597151887068144,18.109661806136145
2019-09-20,0.0009311228461577059,-7.761464427016306e-05,6.535235495777481e-05,0.03869896582470649,0.029121266818385692,58505000.0,0.40000000000000036,-0.15309599999999968,-1.6583868378812205,-1.5750793650793646,-0.553096,5.614076561571708,18.640619164317627,17.884622778635194
2019-09-23,0.00028468277473248094,0.00030047926905716336,3.575790587248154e-05,0.034323483743024207,0.0291278530843595,124260000.0,0.8100000000000005,0.29889599999999916,-1.647911111111112,-1.7364943457189028,-0.5111040000000013,5.60914207050208,18.538463779608747,18.637886702599822
2019-09-24,0.001060678675028015,0.000751247564212676,7.393306847155603e-05,0.031779758312558117,0.02933690666730788,107180000.0,0.8599999999999994,0.4662839999999999,-1.6684210526315777,-1.5103763643206616,-0.3937159999999995,5.447857433817612,18.369387449564815,18.490020222030978
2019-09-25,0.0027370395107908507,0.0004801923075076431,0.0001364919214626104,0.02306489867503357,0.03043086219288142,110380000.0,0.75,0.39185600000000065,-1.732299741602068,-1.6130969704987432,-0.35814399999999935,5.415744783424001,18.164497338559954,18.51943951597563
2019-09-26,0.001315942443259388,0.00025319402433385816,-6.757525791306882e-05,0.02629571261690426,0.028990938863268565,67846000.0,-0.05000000000000071,0.3245749999999994,-0.22628205128205003,-0.5571209330877824,0.3745750000000001,5.431798757922517,17.661393760887876,18.032750988933262
2019-09-27,0.001315942443259388,0.000702607082217277,6.266392586949467e-05,0.0247109983608817,0.028932499366812334,78834000.0,-0.7599999999999998,0.07751299999999972,0.2682338902147965,0.28551836122907837,0.8375129999999995,5.704049105773632,17.550796384892365,18.182854933852013
2019-09-30,0.00023204548195554509,0.0008059527335548822,9.215998158040861e-05,0.02366031310857782,0.028890636970493096,87190000.0,-0.4900000000000002,0.20676399999999973,0.16285818446955957,0.373679012345681,0.6967639999999999,6.0225270725598,19.42973295590783,18.283600203404
2019-10-01,0.0018029624974182923,0.0009544094980329376,5.517495674525091e-05,0.024726585313930367,0.028164188104288706,51570000.0,-0.8100000000000005,-0.24618899999999933,0.0516317991631805,0.0686687306501561,0.5638110000000012,5.793470820919731,18.59882692933584,17.75845066602714
2019-10-02,0.0006688447243394791,0.0005407705407426633,4.410532666558675e-05,0.019038024804950905,0.028087600000285776,74067000.0,-0.7899999999999991,-0.3987350000000003,-0.06452342487883733,0.050317460317460316,0.39126499999999886,5.181502611956201,17.941030737654824,18.120480646941612
2019-10-03,0.0003599619507665963,0.0008759514195478601,6.124637194018657e-05,0.010579781334922326,0.02810814941995508,55661000.0,-0.8499999999999996,-0.3209649999999993,-0.03357037037037003,-0.0023689877961245998,0.5290350000000004,5.386282455276681,18.02763815584276,17.83479028012413
2019-10-04,0.0005142710321619504,0.0005099087244635925,0.00011035705430297225,0.013389949545774611,0.027587511902096205,72611000.0,-0.8399999999999999,-0.3038229999999995,-0.21102481121898542,-0.19286124058802478,0.5361770000000003,5.440988117712199,17.651731849976137,18.10062698346928
2019-10-07,0.0006427974766554101,0.0005920591234035655,0.00017166663799865015,0.013168650377164222,0.027503904342462658,70960000.0,-0.8399999999999999,-0.4608270000000001,-0.1851861042183618,-0.11692934782608688,0.37917299999999976,5.537649178058771,17.511862026916912,18.077626895965597
2019-10-08,0.0015410302266305465,0.0005396726692460163,0.0004296669178236879,0.011700735592593867,0.023578505041717716,48510000.0,-0.8800000000000008,-0.44030599999999964,-0.1997047970479695,-0.135649396735273,0.43969400000000114,5.258068124640351,17.11504428584993,17.697280520221398
2019-10-09,0.0002566735127027542,0.0003545690218375697,0.00044211425623828066,0.012845840170446704,0.023463225919236604,137349000.0,-0.9000000000000004,-0.41880899999999954,-0.38457167832167816,-0.03559726962457255,0.4811910000000008,5.4179209661938685,16.94577372447587,18.73803568980923
2019-10-10,0.0009750090575861847,0.0004775784432014873,0.000433053976004323,0.013583040900869087,0.023398505188610887,78042000.0,-0.8800000000000008,-0.43597100000000033,-0.5716949152542359,-0.20344051446945244,0.44402900000000045,5.094179556473186,17.19990082131005,18.172757701273934
2019-10-11,0.0011803953128328715,0.0003443535870673031,0.00030295940437326187,0.017032619848680586,0.02366533717837873,99890000.0,-0.8800000000000008,-0.43993599999999944,-0.5503675048355889,-0.2810769230769221,0.44006400000000134,5.056882545261575,17.803568249668416,18.419580138508334
2019-10-14,2.5676248188055695e-05,0.00021065884209860996,0.00035098083329533294,0.01695566272911645,0.023200701775505254,40160000.0,-0.8599999999999994,-0.4295270000000002,,,0.4304729999999992,5.125866929549345,,17.508382033347747
2019-10-15,0.0003594074949475612,-2.5665704237987085e-05,0.0004716741588342222,0.012640924599671411,0.021307605833667448,65243000.0,-0.8800000000000008,-0.33699499999999993,-0.6360004542357478,-0.2548864229145913,0.5430050000000008,5.206476162882456,17.611673677297887,17.993629318718714
2019-10-16,0.0006414779872292442,0.0001539645957484126,0.0005590380058808313,0.013202536491317366,0.02043121699436851,126899000.0,-0.9100000000000001,-0.3458819999999996,-0.9967306137449468,-0.28556025369978855,0.5641180000000006,5.312663960254958,17.812242291319375,18.65890205243292
2019-10-17,0.0002821200054619055,1.5386785323556752e-05,0.0003776001111734928,0.011261584579641753,0.01588682572054701,133940000.0,-0.8699999999999992,-0.3008600000000001,-0.5579620853080574,-0.5695414320193093,0.5691399999999991,5.347345597615391,17.55793077900624,18.71290249644618
2019-10-18,0.00023076627325124832,0.0002976191025403807,0.0003972056969183362,0.003817201476512556,0.01576801328301701,136090000.0,-0.8300000000000001,-0.20335700000000045,-0.804182305630027,-0.5953406878650229,0.6266429999999996,5.1585954233728994,17.434503884614045,18.7288269895365
2019-10-21,0.0005128862787131538,0.00020017709643536108,0.00041712172393950535,0.006810379005596223,0.01538601002333441,63982000.0,-0.7799999999999994,-0.42398000000000025,-0.47854700854700827,-0.6245647558386418,0.3560199999999991,5.143649886535898,16.96824658032793,17.974112351765747
2019-10-22,0.00012826268214904957,0.00010264306101603893,0.0004245702997768116,0.006970176444333888,0.01530544177739204,74830000.0,-0.5700000000000003,-0.28446699999999936,-0.5505528846153851,-0.6350568900126419,0.2855330000000009,4.7969469015528015,17.543610725231492,18.13072943205654
2019-10-23,0.0012835324570499296,-0.00028235902783979583,0.0003129411982492904,0.010230042318095316,0.016205644546069237,153214000.0,-0.47000000000000064,-0.284948,-0.506610169491525,-0.6176141859215463,0.18505200000000066,5.292953004048886,17.893048001869992,18.84734619490753
2019-10-24,0.0011565894754577144,-0.0005701009240237198,0.00012753029414221592,0.010327084771690781,0.014376921821880245,140499000.0,-0.5399999999999991,-0.23725999999999914,-0.4365137029955388,-0.4230218687872771,0.30274,5.506387888364725,18.239758208072118,18.760710929275024
2019-10-25,0.0007203313835688618,-0.0007603204553877418,0.0001558927255560505,0.007501018928416015,0.013758170432556033,69125000.0,-0.2599999999999998,-0.27777900000000066,-0.3406771204561654,-0.6029198966408273,-0.017779000000000877,5.071416766356115,18.066146364512743,18.051427017806773
2019-10-28,0.002370463092415953,-0.0011318358181283017,-1.965039519039432e-05,0.013124860984949041,0.015639586237095496,150039000.0,-0.6199999999999992,-0.44254500000000085,-0.2213621262458485,-0.20855438380417368,0.17745499999999836,5.343338532195557,18.318648018387215,18.826405818266387
2019-10-29,0.0020615907314622817,-0.0006938651354060354,6.747080716706932e-05,0.026284225173675395,0.017215336482786198,78445000.0,-0.6999999999999993,-0.24865899999999996,-0.22311993859144152,-0.11330182309250603,0.4513409999999993,5.3412331675248685,18.462014607445344,18.177908300249193
2019-10-30,0.00012872497925986437,-0.0004629036398480224,-2.4514310769985754e-05,0.025928227076971032,0.016020725130124164,109713000.0,-0.7100000000000009,-0.24810199999999938,-0.38618747813920784,-0.2830711182254735,0.4618980000000015,5.10230248262208,18.267179852966603,18.513378423237967
2019-10-31,0.0013636424224685584,4.114273973723215e-05,8.571293902827546e-06,0.027786914769788944,0.016570953961148053,61505000.0,-0.6799999999999997,-0.3258510000000001,-0.48548556430446155,-0.3417971670791431,0.3541489999999996,5.061898588033797,18.148872020656874,17.934629030285024
2019-11-01,0.0017211929287412886,0.0005294476021992622,7.339181666352718e-05,0.028953328676501515,0.017575143625134574,80900000.0,-0.9199999999999999,-0.30667700000000053,-0.243371356147021,-0.10079257447754486,0.6133229999999994,5.270226486381511,17.490544605256158,18.20872438202872
2019-11-04,0.0037544724844309485,0.0002526457237962632,-8.090349058737749e-05,0.037954406758821314,0.02197400779257176,64535000.0,-0.9399999999999995,-0.45314800000000055,-0.3345856353591161,-0.12022780102278041,0.48685199999999895,5.39956443356432,17.741041913417213,17.982718270251425
2019-11-05,0.0005408955817074457,-5.149330615470404e-05,-8.57559617753758e-05,0.03479195443659571,0.021934521071222454,70445000.0,-0.8300000000000001,-0.26132300000000086,-0.43972417632003324,-0.2609673956037746,0.5686769999999992,5.095711466451375,18.37568337802163,18.070342821469513
2019-11-06,0.0011580777206274817,0.00020586723382276517,-0.00010399179539456936,0.03579683470373266,0.02161443738631897,91226000.0,-0.7300000000000004,-0.4261239999999997,-0.854895833333333,-0.49203296703296573,0.3038760000000007,4.872904620630176,17.55887819736228,18.328850502134078
2019-11-07,0.0014156105574878453,-0.00034998336216851555,-0.00015917927371766893,0.03557075922648034,0.022085303406752237,107670000.0,-0.7599999999999998,-0.3428009999999997,-0.39000000000000057,-0.48174257307852564,0.4171990000000001,5.158652919420062,14.648419680899378,18.4945815517919
2019-11-08,0.0009010749145437202,-0.0005140069650080292,-0.00016269994719588152,0.032941658957931684,0.02203889900952027,74660000.0,-0.8000000000000007,-0.3067430000000009,-0.5939252336448595,-0.42572815533980446,0.49325699999999983,5.443931715353009,16.185754299432134,18.128455031450713
2019-11-11,0.0007717042183621459,0.0003912283755505896,-6.974282666278546e-05,0.016420393426977695,0.021940327842238844,117496000.0,-0.8300000000000001,-0.21675499999999914,,,0.6132450000000009,5.449191254982164,,18.581914848415835
2019-11-12,0.00012855949108114828,0.00030876115742533016,-6.239826764996623e-05,0.01644452855125811,0.021950734045701078,115691000.0,-0.8900000000000006,-0.1304079999999992,-0.2203752759381885,-0.2640980795610428,0.7595920000000014,5.340801978154192,17.811139147247218,18.566433401757152
2019-11-13,0.000899453963627117,0.00025703640602525724,-3.668176914141595e-05,0.015688124574300175,0.022160211058597768,66649000.0,-0.8900000000000006,-0.37012799999999935,-0.14652300949598107,-0.1714092407332437,0.5198720000000012,5.304349138779756,17.12532337782458,18.014950600725495
2019-11-14,0.0025720178787889125,2.5754941765043782e-05,-0.00018970538180894722,0.023605782532425772,0.023665928679811897,113852000.0,-0.8900000000000006,-0.26963699999999946,-0.12971894832275588,-0.2985505481120576,0.6203630000000011,5.423009810505355,16.216129391229686,18.550409917293813
2019-11-15,0.0007728971143476926,-0.0003090394640132388,-0.00023994429227607093,0.02266804037823242,0.023683090179588563,69920000.0,-0.9499999999999993,-0.690474,-0.11586402266289042,-0.19598563486987786,0.25952599999999926,5.339411324082998,17.379393521903527,18.062862289311553
2019-11-18,0.0018057531025670315,-0.0008245309281990742,-0.00033692140541027475,0.02230873754623389,0.02421777637514713,93919000.0,-0.9399999999999995,-0.1352770000000003,-0.12882145084182106,-0.17977457771296734,0.8047229999999992,5.336239159546593,17.689000613675635,18.35794326662792
2019-11-19,0.00038737168797364774,-0.0009277171640100334,-0.0003309445201369649,0.0211928674780219,0.02421018728341969,111575000.0,-0.9199999999999999,-0.2352559999999997,-0.08181334009637276,-0.21743683968764316,0.6847440000000002,5.576857781082534,17.49003750585381,18.530207568479607
2019-11-20,0.00012914056968860166,-0.0010817798427977365,-0.0003186872224304101,0.017369508565379395,0.024253720411607702,109684000.0,-0.7799999999999994,-0.26010199999999983,-0.21328358208955223,-0.32101980664937635,0.5198979999999995,5.16175280709181,18.02020317735524,18.513114062283453
2019-11-21,0.003622254930792934,-0.0012918272531985409,-0.0004300549592753151,0.02354769465645655,0.026659751675676076,213962000.0,0.07000000000000028,0.2330109999999994,-0.14385172479511965,-0.8329310344827583,0.16301099999999913,5.319687392284229,18.46889931622284,19.18130898712523
2019-11-22,0.0007779074682447984,-0.001292829323977962,-0.0004120224827413667,0.023540764343546627,0.02656181462791163,192420000.0,0.8100000000000005,-0.3968399999999992,0.17970630578750324,-0.6509090909090922,-1.2068399999999997,5.7573864307409925,18.056261605280202,19.075191040897394
2019-11-25,0.0014257017514411885,-0.000646538353176318,-0.00030983042869326907,0.029523139830498445,0.027278602214520015,65513000.0,0.9800000000000004,-0.14994199999999935,0.6552082843021889,-0.5680952380952409,-1.1299419999999998,6.081807867005583,18.663391600759105,17.997759154194707
2019-11-26,0.0001295252899939925,-0.000594969073580387,-0.0002031191047684138,0.02972182012736031,0.026230068143968915,88246000.0,0.9600000000000009,-0.1486300000000007,0.4871850743477033,-0.06245519452134651,-1.1086300000000016,6.109647502785692,18.48768497273284,18.2956389269714
2019-11-27,0.0006474587471245741,-0.0004913054380931925,-0.0002704587230702094,0.03072811347675528,0.025125847666842865,66270000.0,0.9399999999999995,0.042948000000000874,0.26540540540540647,-0.04384615384615387,-0.8970519999999986,5.926605974759486,18.525040759276607,18.00924786406441
2019-11-28,0.0001553518723031999,0.00020207517360475434,-0.0002717266703579873,0.013501983947405238,0.025124124379922508,134896000.0,0.9800000000000004,0.15000000000000036,,,-0.8300000000000001,5.894154869639866,,18.720014669144593
2019-11-29,0.0004918648247551616,0.00045602963220474634,-0.00031323988929672045,0.010333241379330633,0.0245848427066458,76610000.0,0.9199999999999999,0.25,0.08721256622362894,0.015973672265092276,-0.6699999999999999,5.879610773583653,18.49383826457009,18.154238174493003
2019-12-03,0.002894507628994347,0.000749790807715378,-0.00025736776071324147,0.0198737299618087,0.026097656098372553,66100000.0,0.7100000000000009,0.09421799999999969,-0.8232473407507044,-0.23030064491654123,-0.6157820000000012,5.552378020496968,18.219665544711155,18.006679304821915
2019-12-04,0.001808085214262789,0.0004140788228616188,-0.0001646826526099958,0.026887625759640852,0.02355884945734892,81460000.0,0.15000000000000036,0.021855000000000402,-0.9950704225352123,-0.6952881130261126,-0.12814499999999995,5.53334996225466,18.078190435005588,18.21562266018454
2019-12-05,0.005184044787587716,-0.0007522218840808392,-0.00043729886067167014,0.04759609467841543,0.029095119572548372,107343000.0,0.3200000000000003,0.5769059999999993,-0.8711777301927199,-0.9475137036734029,0.25690599999999897,5.574963769379553,17.659254722639126,18.491539872897025
2019-12-06,0.0026472206681917854,-0.00019170737598184218,-0.00036638729174003667,0.05359122918606435,0.030545135241736545,112181000.0,-0.1999999999999993,0.015860999999999237,0.3948873483535529,0.3543744531933495,0.21586099999999853,5.73824831153748,17.870767731478328,18.535624196249696
2019-12-09,0.0,-0.0002900803409328745,-0.0002989772651929964,0.05330899364231219,0.030325292732821824,79030000.0,-0.5999999999999996,-0.2748720000000002,0.5304878048780477,0.47650259330824696,0.3251279999999994,5.741848675462657,18.44537335654274,18.185338085181158
2019-12-10,0.0017609285677337994,-0.000516796153184984,-0.00025803185313632594,0.04951520085524072,0.03089496179168174,85419000.0,-0.8200000000000003,-0.4611149999999995,-0.11460769230769152,0.21682539682539748,0.3588850000000008,5.524655808758766,18.700582629085183,18.26307911644885
2019-12-11,0.001683175123864622,-0.0004918141351053507,-0.0003749308694328387,0.049317525374649986,0.031034067318344166,84380000.0,-0.9399999999999995,-0.18876599999999932,-0.053827160493828075,-0.0333330925377453,0.7512340000000002,5.864483085347192,18.615424820744877,18.250840964660465
2019-12-12,0.0033748734005492054,-0.00012997985769764854,-0.0005417610071295222,0.03908404246922759,0.03264889634358854,109263000.0,-0.8699999999999992,-0.10599599999999931,-0.16947368421052644,-0.1509937018894334,0.7640039999999999,4.932961999367748,18.146243898250606,18.509268377995863
2019-12-13,0.0006503219322651077,-0.0007894883777890271,-0.0006155598593148662,0.030359531998170264,0.03222555474740218,144810000.0,-0.6999999999999993,-0.13867800000000052,1.254102636402088,-0.1426356589147293,0.5613219999999988,5.028475212224587,18.07720403317827,18.790933096304784
2019-12-18,0.00026017952533941013,-0.0007374524727211451,-0.0004806933162611366,0.030838197538248548,0.03154532273164138,135430000.0,-0.6300000000000008,-0.044435999999999254,0.30354368932038867,-0.010304026294164714,0.5855640000000015,5.030568631803706,17.533948814319753,18.723965459631554
2019-12-19,0.0020833340868540162,-0.0015063050036387081,-0.0005430950768566758,0.022037808152112152,0.032021301915997065,200592000.0,-0.8300000000000001,0.09800599999999982,-0.16932038834951513,-0.006163265306122767,0.9280059999999999,5.563715485759083,17.757092365633966,19.116783552337942
2019-12-20,0.0013042913026799496,-0.0014305282394017737,-0.0005192159435287195,0.02201037006105258,0.03181863195562911,153625000.0,-0.8499999999999996,0.20053700000000063,-0.013333333333333641,-0.037032799389779214,1.0505370000000003,5.445184442357589,18.132998671500584,18.850025125850472
2019-12-23,0.0009104518483971091,-0.0009376439289713545,-0.0005441245225965034,0.013667551641771858,0.031842907733072835,146560000.0,-0.8900000000000006,-0.14911999999999992,-0.12414628879892042,0.03328707354255478,0.7408800000000006,5.43851399704132,18.120926090266316,18.802945458890093
2019-12-24,0.005636644996156903,-0.0019349085417497136,-0.000818685740017718,0.035488033224849884,0.036264007458986,182992000.0,-0.8599999999999994,0.06368800000000086,0.0790476190476177,0.07516782773907416,0.9236880000000003,5.401911322758143,17.7355017330416,19.024952994003137
2019-12-25,0.0042127497796231594,-0.0028294944027422277,-0.0008468045423429668,0.032103434047314076,0.03689147428273541,195390000.0,-0.41000000000000014,-0.22693899999999978,,,0.18306100000000036,4.787658395561367,,19.090508119190694
2019-12-26,0.0005275652984400026,-0.002307314525683424,-0.0007846391725008334,0.04024504707597233,0.037198098802058016,159385000.0,0.5299999999999994,0.30035400000000045,-0.8143642611683841,-0.9877140835102605,-0.2296459999999989,5.445313945282377,18.79568664457582,18.88683321700661
2019-12-27,0.0038165473713549503,-0.0012831467908764437,-0.0006707893810763686,0.0599039128933764,0.039817882697642006,158075000.0,-0.39000000000000057,-0.1946879999999993,0.31028571428571716,0.4303061224489806,0.19531200000000126,5.49252632076413,18.980296531887788,18.87858016190895
2019-12-30,0.002099462784016737,-0.0006811638643936746,-0.0005646470918377624,0.064702598047962,0.04093271931927768,186381000.0,-0.3000000000000007,0.21543699999999966,1.0500000000000007,0.7480212985228452,0.5154370000000004,5.123070723426044,17.543610725231492,19.043303523689943
2019-12-31,0.0019642512699347137,0.0008390153888246487,-0.0005019426859896605,0.04850039684631594,0.041671529099247547,173800000.0,0.8000000000000007,0.7573720000000002,0.11091954022988482,0.02636566332218493,-0.042628000000000554,5.422480009168459,18.28141867661886,18.973415770795565
2020-01-05,0.0010471205145252682,0.001472141241844227,-0.0005444078594288067,0.029023498015353887,0.04169257208373431,72595000.0,-0.5199999999999996,0.005762999999999963,,,0.5257629999999995,4.899182182134742,,18.100406606899924
2020-01-06,0.0030165935394261822,0.0007633094742709901,-0.000711477305342204,0.04355748591924294,0.04235990787292251,125120000.0,-0.8699999999999992,-0.2197800000000001,0.2849620587264923,0.12149571773962187,0.6502199999999991,5.12598574378343,17.226988249033987,18.644783834761274
2020-01-08,0.007118406014035905,-0.001423681202807181,-0.001188282716915073,0.060967043268355274,0.04569005793044304,157680000.0,-0.8699999999999992,-0.3662030000000005,-0.13000000000000078,0.07146401749215592,0.5037969999999987,5.439556478240761,16.811242831518264,18.87607822080874
2020-01-09,0.0037110711908248106,-0.0025857879977754907,-0.0012789010967513598,0.0532842445147525,0.04648398049673188,184265000.0,-0.9199999999999999,-0.041510999999999854,-0.23948275862069046,-0.07466265060240929,0.8784890000000001,5.184364486472005,16.95966283663654,19.0318854968462
2020-01-10,0.002969957898916853,-0.0023846466719790625,-0.0008906152545368565,0.05887923377030402,0.04643469873352181,125610000.0,-0.8100000000000005,0.10750299999999946,-0.4490909090909083,-0.2981177720567203,0.917503,4.479380179929792,17.822843743196746,18.648692426663438
2020-01-13,0.001666733192705827,-0.0018418759305328437,-0.0009373051343219022,0.0655387016029834,0.04561034596088309,92560000.0,-0.8100000000000005,-0.054048999999999126,-0.5015066225165556,-0.39674960565816875,0.7559510000000014,4.51085950651685,18.16553039650307,18.343367640849696
2020-01-14,0.003167065196701735,-0.0006051441833072602,-0.0007864925059075338,0.07285072118243661,0.047701924963541004,98945000.0,-0.8200000000000003,0.36806299999999936,-0.5486641803695536,-0.4122900763358768,1.1880629999999996,4.5715099844954565,18.049472124522293,18.41007469816514
2020-01-15,0.0011864743333722672,0.0005812421528254674,-0.0009268450250078228,0.04703752891492145,0.04680289830493823,107945000.0,-0.8000000000000007,-0.32285199999999925,-0.27663847780126716,-0.298379679144384,0.47714800000000146,4.851874001711314,17.67202085346216,18.497132396112697
2020-01-16,0.004362489567863115,0.00045095847741780657,-0.001054431427102989,0.050854928233944406,0.04824647597088643,145730000.0,-0.8000000000000007,0.3371139999999997,-0.41262453300124413,-0.2666666666666657,1.1371140000000004,4.921148127594719,18.109252277770583,18.79726615250988
2020-01-17,0.0023875856945014817,-0.0006205502412658604,-0.0010074177268150023,0.048295102257046876,0.04776701270952966,119345000.0,-0.8699999999999992,0.1336820000000003,-0.7151532681128607,-0.2379764749127009,1.0036819999999995,5.410484663418784,18.071548709184363,18.59752901628127
2020-01-20,0.0,-0.0009538968798070257,-0.0009764500157547591,0.044632716529804405,0.0478812557552817,74300000.0,-0.8699999999999992,-0.18488999999999933,,,0.6851099999999999,5.467891350519489,,18.123621509687986
2020-01-21,0.0015923570243634444,-0.0012688385142746838,-0.0009130129919917097,0.03604723517041145,0.048532728633482736,68420000.0,-0.8699999999999992,-0.4499999999999993,-0.9838592939390116,-0.26210202286719486,0.41999999999999993,5.16695504835121,18.185338085181158,18.041175737513733
2020-01-22,0.000530222705953598,-0.0009254991064095109,-0.0007885579066199186,0.03828511599428165,0.048583069495571306,107640000.0,-0.8800000000000008,-0.40372200000000014,-0.9895652173913039,-0.39856379688466426,0.47627800000000065,5.41916237624024,17.421008403139158,18.49430288382298
2020-01-23,0.001721284767920217,0.0002912557607471555,-0.0006444828556389583,0.026391786025631598,0.04930357111454272,109730000.0,-0.8100000000000005,0.14966599999999985,-1.1899999999999995,-0.39400737759892657,0.9596660000000004,5.555978279887807,16.99356438831222,18.51353336096698
2020-01-24,0.00108421160678418,0.0009856152210042878,-0.0005494988815827064,0.011496383513347903,0.04965095409720075,119680000.0,-0.46000000000000085,-0.4289330000000007,-1.0356269618371048,-0.7399999999999984,0.031067000000000178,5.291292751611072,17.91864966786787,18.60033207219044
2020-01-27,0.00629686843030175,0.0022449889070646377,1.8763662534372284e-05,0.036722774889140865,0.0514226845696346,159261000.0,-0.11999999999999922,-0.25609399999999916,-0.7690173410404633,-0.744570080032835,-0.13609399999999994,5.045680635839056,17.07168216757617,18.886054923814424
2020-01-28,0.0007882291527394614,0.0017688716716440568,0.0001818360733383579,0.042777892075035864,0.049191968643085796,158900000.0,0.05000000000000071,0.30691700000000033,-0.716002612671458,-0.7220000000000013,0.2569169999999996,4.990296523100725,17.23716394819381,18.883785631506946
2020-01-29,0.005402925444808915,0.0005822420414915541,-0.00010056824776873339,0.06730621340908147,0.05282262542158657,120053000.0,-0.019999999999999574,-0.32633200000000073,-0.8133595965962819,-0.5778177083333329,-0.30633200000000116,5.281679725395013,17.27277316355938,18.603443869906975
2020-01-30,0.0021119332031434013,0.000660371728536191,-0.0001817403510169024,0.06777819220476529,0.051544481433517725,102340000.0,-0.22000000000000064,0.2091189999999994,-0.526699266503666,-0.4967770647898977,0.42911900000000003,5.515040350059324,16.833493440453086,18.44381116134122
2020-01-31,0.0002637478585771902,0.0003907798354639169,-0.00029427419114042274,0.06792255650011375,0.05087237423075912,120780000.0,-0.10999999999999943,0.0070870000000002875,-0.5655201109570047,-0.5925641025641024,0.11708699999999972,5.537963989961261,17.40041742169523,18.60948126684403
2020-02-03,0.004474280394921593,2.62622283878855e-05,-0.0001747489947124761,0.05851994191889375,0.05297602594081339,122562000.0,-0.2699999999999996,-0.25686999999999927,-1.1622831541218641,-0.5792576882290561,0.013130000000000308,5.322082720098298,17.144137246791594,18.624127582361268
2020-02-04,0.003419706081525753,-0.0005000331573693728,-0.0002877292598077373,0.0635896590406234,0.05409406278783512,111355000.0,-0.35999999999999943,0.07718900000000062,-0.7387712665406436,-0.657548500881834,0.43718900000000005,5.200704537681037,17.090766716268583,18.528233854117087
2020-02-05,0.002955615177411275,-1.0571103889844834e-05,-0.0002848255282832179,0.05323199805715322,0.05405570207701281,62000000.0,-0.5500000000000007,-0.43992500000000057,-0.6881083844580775,-0.5396136526789785,0.11007500000000014,5.254626677923303,17.7052879544451,17.942644943009366
2020-02-06,0.001798751939862342,-0.0007927081324909935,-3.150866760828631e-05,0.050582405155978796,0.048430630772323194,124420000.0,-0.4900000000000002,0.07711899999999972,-1.132834966319657,-0.6541659363131753,0.5671189999999999,5.317384429265262,17.99480882606654,18.639173497051146
2020-02-07,0.0027497241163478847,-0.00019001373750597849,0.00027614825178088963,0.056719552722198675,0.047406238217155346,115502000.0,-0.33000000000000007,-0.14750199999999936,-1.2628571428571425,-0.7792039134222346,0.18249800000000072,5.390212631252292,16.67771143889374,18.564798403793517
2020-02-10,0.0008981166570363186,-0.0012644931478975607,9.195422530692911e-05,0.03891557245336121,0.046522199496251235,89310000.0,-0.41000000000000014,-0.0965360000000004,-0.7137704918032792,-0.7231959210240824,0.31346399999999974,5.363730505096269,16.87656229763891,18.307624021660068
2020-02-11,0.0015868821103133257,-0.0008979283536550753,-6.297983674160197e-05,0.03443852196920926,0.04649977771753322,76250000.0,-0.5399999999999991,0.2101980000000001,-0.9343900763358786,-0.6235025654874438,0.7501979999999993,5.328167388516922,18.179882257399434,18.149527973451796
2020-02-12,0.003181338844357562,-0.0009430730870443327,-0.00036528479107775897,0.035314342413673365,0.046142325845539595,89940000.0,-0.6500000000000004,-0.22058099999999925,-0.9186200752823082,-0.6827708095781064,0.4294190000000011,5.262275595200771,18.193780143760442,18.314653339306837
2020-02-13,0.000584003626802776,-0.0004665219737113091,-0.0002809763167837093,0.03572606789154793,0.04615291011067904,115170000.0,-0.5899999999999999,0.012344000000000577,-1.1469509660574415,-0.8994385026737968,0.6023440000000004,5.330736152803538,18.15410763471082,18.56191985564509
2020-02-14,0.001115212138630639,-0.0012395092247070138,-0.0001263440582488295,0.02151650022022965,0.04384783840177528,142005000.0,-0.5500000000000007,-0.04319500000000076,-0.9422654241645239,-0.811547911547911,0.506805,5.4204464997811,17.94650843783441,18.771372826213238
2020-02-17,0.001062134990983843,-0.0008474588951029816,3.792835534570977e-05,0.02722034672415185,0.0432303524691455,66800000.0,-0.4399999999999995,-0.0703270000000007,,,0.3696729999999988,5.520660597691477,,18.017213638506874
2020-02-18,0.0015910902322415765,-0.00021186442659200112,0.00011369455688102294,0.03088493657301546,0.04356284468158775,106345000.0,-0.46000000000000085,0.18137800000000048,-1.2426960468521218,-0.7066389351081526,0.6413780000000013,5.579125870056645,18.03942032454102,18.482199083930784
2020-02-19,0.0019892586627463515,2.6551609730240954e-05,-5.6858571076586394e-05,0.02407237389928044,0.043797235877840124,118450000.0,-0.34999999999999964,-0.13779500000000056,-0.6620185660675499,-0.5605769230769226,0.2122049999999991,5.561219947635594,17.74005484394609,18.59000148856907
2020-02-20,0.002392345638619453,-0.0005687182433542048,-0.00019602849224673169,0.0285814578883561,0.04446860637971337,98410000.0,-0.2599999999999998,0.08355800000000002,-0.5140966746657529,-0.4629729729729739,0.3435579999999998,5.528317358658732,17.898119863967953,18.404652982875167
2020-02-21,0.002392345638619453,0.00013279331209581358,-0.0001640732126896252,0.034575204622653885,0.04489191464045071,113580000.0,0.5700000000000003,0.37797899999999984,-1.1251629788246493,-1.2235714285714288,-0.19202100000000044,5.594897235935429,18.65250649564941,18.54801799241356
2020-02-24,0.0005045743756717513,-0.00018054856123530527,-0.00023972968804466955,0.03370012567509549,0.044672103194220915,86449000.0,0.9800000000000004,0.4802540000000004,-0.8966666666666665,-0.9062000000000001,-0.499746,6.247926813615017,17.216707939626428,18.275065202646683
2020-02-25,0.0027587687930479277,5.2987150925964956e-05,-0.0004082106231519944,0.03827628907156786,0.03953493112984495,75610000.0,0.9900000000000002,0.31528699999999965,-0.18392185238784364,-0.7131707317073168,-0.6747130000000006,6.264844834848903,15.748480195743852,18.14109910753445
2020-02-26,0.003226577076594239,0.001096154298794083,-0.00021702937413610392,0.03865293065766101,0.041448608529147564,90770000.0,0.9900000000000002,0.4936670000000003,0.6528571428571421,-0.4187330316742077,-0.4963329999999999,6.317543676293513,15.761420707019587,18.32383939250281
2020-02-27,0.0025843214720833174,0.002091487720934637,0.00016331571714447857,0.023554569519410484,0.03794378067897155,94880000.0,0.9499999999999993,0.25015199999999993,0.41405959031657424,-0.270063694267515,-0.6998479999999994,6.240217363928611,16.189485647044993,18.36812349321369
2020-02-28,0.004991472336374869,0.0026113130604857203,0.00030043662825073893,0.031524924381149316,0.04099550794146579,197900000.0,0.9900000000000002,0.5449719999999996,0.4511146161934789,0.10419483985765154,-0.44502800000000065,6.148916913222572,16.76100161508152,19.103272410572796
2020-03-02,0.00013103583848916855,0.002686020767922237,0.00030675624825493044,0.029226722587211224,0.04097506796523677,97290000.0,0.9399999999999995,0.5779239999999994,-0.7762068965517237,-0.832283950617283,-0.36207600000000006,5.897236281823016,17.341871082580436,18.39320676695161
2020-03-03,0.0036759920611970642,0.0013990685970732386,-8.135196394119606e-05,0.05368508638788257,0.0402507734713402,87096000.0,0.9800000000000004,0.943873,-1.2300000000000004,-0.8133333333333344,-0.036127000000000464,5.786836029791487,15.201804919084164,18.282521516543152
2020-03-04,0.0011844444366886364,0.0005168642944166635,2.5089066765333306e-05,0.05335745779874417,0.038626891003684195,91055000.0,0.39000000000000057,0.43043300000000073,-0.10352422907489078,-0.19056338028169328,0.04043300000000016,5.76591184612175,16.93787548245163,18.326974277512058
2020-03-05,0.003155406246801107,0.0006310812493602214,0.0003160900869659229,0.054883722602911196,0.0384857114510374,77365000.0,-0.3699999999999992,0.4452090000000002,0.346569821930645,0.3122147339065755,0.8152089999999994,5.614914830413506,17.444640007672437,18.16404503990591
2020-03-06,0.004191779782032334,0.0004711427384917144,0.0006013535022942408,0.051040138234772985,0.03990649217561421,177318000.0,-0.5700000000000003,0.27553499999999964,0.3200000000000003,0.35677621283255156,0.8455349999999999,5.597384383866381,16.523560759066484,18.99345528873398
2020-03-10,0.03266331260712274,0.0070300124276140965,0.0020258100970930435,0.23306757198620492,0.1181096583318406,502500000.0,1.42,0.43592499999999923,0.42390715667311163,-0.11839301656581647,-0.9840750000000007,5.749392985908253,16.844677607604503,20.035106197897505
2020-03-11,0.00025306845636841047,0.007714597148579827,0.0020565266780772297,0.22426240144956078,0.11792945086113611,228650000.0,1.4700000000000006,0.603002,0.5299999999999994,0.11650247494868893,-0.8669980000000006,5.828003997954946,15.424948470398375,19.24770300806834
2020-03-12,0.01382452581437299,0.010716391198792152,0.0027904032459194353,0.21170249178159764,0.12386489342178608,304600000.0,1.4800000000000004,0.554964,0.33999999999999986,0.3856249999999992,-0.9250360000000004,6.07209938712886,17.216707939626428,19.534509998425335
2020-03-13,0.013143400613134126,0.012713990072058756,0.0035677717915142773,0.2008244187071404,0.12682192820102653,418050000.0,1.4100000000000001,1.3181650000000005,0.3076470588235285,0.2909606986899558,-0.09183499999999967,6.3007674458710525,17.341871082580436,19.85111160056034
2020-03-16,0.06900929575874049,0.025677493267400386,0.006826119035892263,0.42717155682944946,0.2590812333283611,199451000.0,1.4700000000000006,1.13049,0.965044422507404,0.49938775510204003,-0.33951000000000064,6.337993190992837,18.43359696921891,19.111079150091037
2020-03-17,0.004473767140511065,0.02003958417407805,0.007092260906327583,0.4446494256996416,0.25764209780988795,209690000.0,1.4800000000000004,0.5735779999999995,0.39380952380952294,0.18125000000000036,-0.906422000000001,6.34090589153482,18.65179246491575,19.16114080756293
2020-03-18,0.009228205619788099,0.021935838989309352,0.0074811214124611185,0.42190208832988096,0.25678543131980486,320100000.0,1.4600000000000009,0.5217659999999995,0.21988505747126297,0.08921414538310302,-0.9382340000000013,6.257839986814193,18.28141867661886,19.584144004940093
2020-03-19,0.01709058913495909,0.022589051653426572,0.008219192788781,0.4185701824281276,0.2579166522952517,141000000.0,1.4800000000000004,0.6929400000000001,0.25996175908221986,0.41535519125683074,-0.7870600000000003,6.375246260384987,18.465654109595096,18.764270448342444
2020-03-20,0.0103093696588612,0.017898497599027507,0.007822997027061246,0.480452905534384,0.263613474265364,144000000.0,1.4600000000000009,1.2526119999999992,-0.01825242718446951,-0.3560141718334826,-0.20738800000000168,6.344091308200145,18.45023954619391,18.785323857540273
2020-03-26,0.004248677276518009,0.004946373902583012,0.008139236213496362,0.15859894525527612,0.2613651198140322,193497000.0,1.4499999999999993,0.7727640000000005,0.5360557768924306,0.037576687116564145,-0.6772359999999988,6.407523343427016,18.136990692770123,19.080772566437954
2020-03-27,0.00013458346438088853,0.004078537167356977,0.008031723729008813,0.16236063027034758,0.2621065977083494,122642000.0,1.3200000000000003,1.0651779999999995,0.19083413231064128,0.1070783847981005,-0.25482200000000077,6.1917897283415115,18.462781919971,18.624780100287882
2020-03-30,0.00525698878593861,0.003284293800587079,0.008306083879561686,0.15677708358745154,0.26049725311695443,68800000.0,0.9299999999999997,1.0096919999999994,0.6441491085899518,0.6274712643678164,0.07969199999999965,6.104927152018783,18.670660949220135,18.04671430290357
2020-03-31,0.0010045204260054064,-0.0003347281116058198,0.008126879631035337,0.09799768808672592,0.26182980356930285,72150000.0,1.25,1.2612930000000002,0.3866525423728806,0.29432809773123836,0.01129300000000022,5.949808871839149,18.36305163111573,18.094257843184153
2020-04-01,0.002119472041115955,0.0021510402283896114,0.00807416034363161,0.04205370698865454,0.2621188050991689,75880000.0,1.3499999999999996,1.071033,0.06925614877024877,-0.043617021276595835,-0.27896699999999974,5.860216260498028,18.23855916716108,18.14466370303109
2020-04-02,0.0031250025431353023,0.000676304264458949,0.007802287771478342,0.050595850985485094,0.2643620149182787,63600000.0,0.3699999999999992,-0.08446299999999951,0.9564573991031402,1.1300000000000008,-0.45446299999999873,6.058515534357592,18.01870952509846,17.96812402831035
2020-04-03,0.009208375005727909,-0.0011922874295628104,0.007126104564711543,0.0871614638299055,0.27076320704310974,63450000.0,-0.41999999999999993,-0.3073200000000007,0.36988532110091654,0.15636363636363626,0.11267999999999923,5.646471107943087,18.283714888879206,17.96576275212467
2020-04-06,0.009749538738885732,-0.004193592934527679,0.006668080617073612,0.08217393851183011,0.2760107474002268,47615000.0,-0.7599999999999998,-0.5543659999999999,0.2679999999999989,0.8577560975609764,0.20563399999999987,5.532915067907362,18.045987294510955,17.678658395610285
2020-04-07,0.005460312169504711,-0.00508475128322754,0.006583112992868486,0.07721891991978246,0.2769210322616104,69450000.0,-0.7200000000000006,-1.0529949999999992,0.23374603174603337,0.053333333333334565,-0.3329949999999986,5.816664631712873,18.098407226730966,18.056117627164628
2020-04-08,0.0027758359664318277,-0.006063812884737096,0.0065073324438330955,0.052219927480856174,0.27753765745457315,70850000.0,-1.7699999999999996,-0.945938,0.2598523985239849,0.7689528795811515,0.8240619999999996,5.827974558049152,17.808191466409873,18.076075524100965
2020-04-09,0.006800003151812284,-0.006798813006472493,0.00603326532961341,0.04524144336245723,0.28117146426966555,94510000.0,-1.2300000000000004,-1.0813810000000004,-0.3841104294478521,-0.2699999999999996,0.14861900000000006,5.591098914544516,17.99297002689688,18.36421620697124
2020-04-10,0.004636614310956411,-0.005884460867518193,0.005612865610899661,0.041378615764126624,0.2835531066695833,84960000.0,-1.1500000000000004,-1.4054409999999997,0.17857142857142883,0.15000000000000036,-0.25544099999999936,5.327196326098413,17.37085861945369,18.257691115457902
2020-04-13,0.006410651944593226,-0.005216683508659692,0.003752200632246519,0.025456239302065663,0.268492200918513,64480000.0,-1.0399999999999991,-0.37340900000000055,-0.13201834862385375,0.46647058823529264,0.6665909999999986,5.192401140956488,17.590567708319263,17.981865656162647
2020-04-14,0.004923231137460959,-0.005109267302250942,0.003529811933146874,0.025417934881874684,0.2698539595688031,55150000.0,-1.5700000000000003,-0.4002510000000008,0.3745317220543818,0.5033333333333339,1.1697489999999995,5.382336772051611,17.41910441779585,17.825567303663785
2020-04-15,0.0008222235736612404,-0.004389655394232328,0.0029106546835891713,0.04854302611186375,0.26735132752103574,41530000.0,-1.6900000000000004,-0.4061299999999992,0.1825139368197508,0.6993750000000007,1.2838700000000012,5.458265494365099,17.444374579668224,17.541926615606936
2020-04-16,0.004451741185212299,-0.0021393065268274112,0.0024967661394024177,0.07293802785552092,0.2648433408191795,95090000.0,-1.4700000000000006,0.001894999999999314,0.9336049845114065,1.0924852071005926,1.471895,5.452410901885437,17.38532490491927,18.37033436951563
2020-04-17,0.003161039920668074,-0.001844191648769744,-0.00093991651199799,0.07046550528203151,0.10806871584990514,59550000.0,-1.3900000000000006,-0.5519180000000006,0.39893743793445857,0.7733333333333334,0.838082,5.160777952525975,17.511365625814637,17.902326853765583
2020-04-20,0.003371421061943991,0.00011222295253769943,-0.000992409182405946,0.0644962028606355,0.10743854975639837,60940000.0,-0.9499999999999993,0.12254500000000057,1.180337078651684,0.19921630094043863,1.0725449999999999,5.164557376368513,17.10017412337048,17.925400331521836
2020-04-21,0.006894651368654969,0.002475799453760885,-0.0011035308134122854,0.06083324308107334,0.10491595984038055,89760000.0,-0.46000000000000085,0.5171899999999994,1.2295246971109055,0.9117534537725831,0.9771900000000002,5.5073619934827445,16.881701295166827,18.31264999973866
2020-04-22,0.012686134847330166,0.00484858170849467,-0.0013132667318708055,0.09122911480043391,0.09602469976917849,159050000.0,1.3599999999999994,0.6894639999999992,1.4419801980198024,-1.063237250554323,-0.6705360000000002,5.626613411885073,17.51434034293138,18.88472917615943
2020-04-23,0.010599177568131779,0.0018383979578258547,-0.0013270671085027377,0.1431518279279225,0.09637142108597183,92160000.0,1.42,1.1178980000000003,1.1781098986749807,-0.6300000000000008,-0.30210199999999965,5.572572195685788,17.75359109771171,18.339036754911856
2020-04-24,0.0019941110788623817,0.002071783726186993,-0.0016243427444732326,0.14080480870502657,0.09422289126386468,96550000.0,1.7400000000000002,1.0956810000000008,0.30477611940298566,-0.36857142857142833,-0.6443189999999994,5.48963995887241,18.02020317735524,18.3855715668388
2020-04-27,0.00020891607453066285,0.0013557162988920624,-0.0016406998653737826,0.1410169024040817,0.09414958069322184,85210000.0,0.4299999999999997,0.9212089999999993,-1.0241223053233615,-0.4563210526315782,0.49120899999999956,5.784747833479305,18.548634108262828,18.260629355804138
2020-04-28,0.0007658123205924738,0.00012994848927956327,-0.0018545654113426462,0.13229351004737516,0.09124432785897073,75620000.0,-0.6199999999999992,0.23011799999999916,-0.18075187969924933,0.04063176496575949,0.8501179999999984,5.58799744166249,17.78956895431187,18.14123135642706
2020-04-29,0.004487179564402588,-0.0033047143930669876,-0.002020406322694893,0.07208418642456782,0.09163226416352155,77700000.0,-1.2400000000000002,1.0293119999999991,0.21098646034816326,0.2521951219512193,2.2693119999999993,5.723944514480142,17.76096833947866,18.168365815337875
2020-04-30,0.012426889109813821,-0.003670256701403396,-0.002713090187024882,0.08393060591780024,0.09704680896531188,98256000.0,-1.6100000000000003,0.2133149999999997,-0.06528195488721789,0.17496350364963487,1.823315,5.4805139155288405,17.566425402997663,18.403086875551317
2020-05-04,0.004347236081194694,-0.002401987269391981,-0.0023572693001520256,0.10203098821029907,0.10005264646247135,112800000.0,-1.6799999999999997,-0.12075100000000027,-0.29940959409594115,-0.04936694021102017,1.5592489999999994,5.7866212696317385,17.808191466409873,18.54112689702823
2020-05-05,0.005173341043500201,-0.0033948722631858886,-0.0021651248257602298,0.10139355015332553,0.09751548625320915,75460000.0,-1.8399999999999999,-0.1926419999999993,-0.17346557341907864,0.018105263157894846,1.6473580000000005,6.029699197337897,18.35133066581757,18.13911327250044
2020-05-06,0.008417857520472971,-0.005231606231398978,-0.002101711434407241,0.09857420033695646,0.09631214884051702,127780000.0,-1.5499999999999998,-0.46038099999999993,0.05477707006369403,-0.14662921348314661,1.089619,5.816485964569286,18.178609182752638,18.66582059313847
2020-05-11,0.0004763606139865928,-0.004429442441315779,-0.0018643804079539975,0.10442148680067546,0.09566755921914166,97450000.0,-1.7199999999999998,-0.34723600000000054,0.579344894026975,0.7072701555869871,1.3727639999999992,5.866977841984978,18.17029445624428,18.394849983917844
2020-05-12,0.0008334822176863099,-0.0017773681758157522,-0.0016925081134721814,0.08002415946077639,0.09605054266032785,106130000.0,-1.7699999999999996,0.4385999999999992,-0.06655953250547864,0.45277858176555696,2.208599999999999,5.869889957587128,19.427908470818622,18.480175315738006
2020-05-13,0.0029710640430264945,-0.0020526025834493923,-0.0012272191994322395,0.07373821235686227,0.0954660606131287,92800000.0,-1.8600000000000003,0.0173640000000006,-0.11434798830918425,0.2416479400749063,1.877364000000001,5.982953430089554,18.895734101830207,18.34595719775643
2020-05-14,0.002488890173689029,-0.0005201563400115461,-0.0008879094620681709,0.07337171091060649,0.09545073212374658,99760000.0,-1.7300000000000004,-0.7668099999999995,-0.11216420983282482,0.04315789473684273,0.9631900000000009,5.838575570997733,18.614848523030002,18.418277859336055
2020-05-15,0.005817075820415241,0.0,-0.0008596439323454097,0.0560022506347887,0.09503925725081074,118901000.0,-0.6600000000000001,-0.13250700000000037,-0.25564252851830993,0.014545454545455527,0.5274929999999998,5.519338667481145,18.882337131710273,18.593801772054576
2020-05-18,0.007169346038642388,-0.001338597084931159,-0.0009666017847826206,0.07612946734271256,0.09655572668502747,90300000.0,-1.3699999999999992,-0.39854500000000037,-0.213222772058824,0.10387408265739673,0.9714549999999988,5.847882818629958,18.728165443700327,18.318648018387215
2020-05-19,0.004446855474000699,-0.002394664623268561,-0.0012175103108617606,0.07586707818727426,0.09704970394573109,66240000.0,-1.2799999999999994,0.0725510000000007,-0.5758384615384617,0.16425911678719807,1.352551,5.669984365905978,18.683045008419857,18.008795068041277
2020-05-20,0.0,-0.0029888774318738596,-0.0014294979863480606,0.06474583505556983,0.09497611496308202,65100000.0,-1.1099999999999994,0.13866600000000062,-0.764314178457985,-0.14071286217997958,1.248666,5.596011649126543,18.746525277498495,17.9914351071788
2020-05-21,0.0065257029161882585,-0.0047917960498493175,-0.0015897200337537836,0.045451206195644335,0.0964527370589654,74370000.0,-1.2899999999999991,-0.14296799999999976,-0.5515688458572541,0.3030546211757166,1.1470319999999994,5.709830813190404,18.575202783388537,18.12456319267948
2020-05-22,0.007849807834292122,-0.0020584193189078447,-0.001376463520784825,0.09856039403922766,0.10051712869635063,71600000.0,0.8499999999999996,0.07445799999999991,0.9255102040816325,-1.8833333333333329,-0.7755419999999997,5.91052560460263,17.7073308560749,18.086605631930873
2020-05-25,0.0034946110156131027,-0.0013234723143019877,-0.0018711903009880665,0.08960074017594544,0.09609099182310979,76950000.0,-0.41000000000000014,-0.2750900000000005,,,0.13490999999999964,5.935476036899127,,18.15866641824916
2020-05-26,0.004112743186748702,-0.0012566498568515883,-0.0026711368740394413,0.08889561404471681,0.08035750593650699,64890000.0,-0.16000000000000014,0.056266000000000815,0.692690779014308,0.14000000000000057,0.21626600000000096,5.755805502723353,17.73391317035646,17.988204086597353
2020-05-27,0.0007275373183768252,-0.0014021573205269533,-0.002201058766908253,0.08839632758235835,0.07519639912536914,88370000.0,0.15000000000000036,0.2111199999999993,0.34999999999999964,0.3369109947643949,0.06111999999999895,5.948817972386509,16.11809565095832,18.297043103494186
2020-05-28,0.0006063178503818989,2.4246832787078177e-05,-0.0020772288178966206,0.075982547976134,0.07582352311938728,87490000.0,-0.8499999999999996,0.2172540000000005,-0.08262471910112446,1.4868680641183722,1.0672540000000001,6.05535442041903,18.304146927696415,18.28703505908245
2020-05-29,0.0023059661896160932,-0.0020069079719945647,-0.002177088347186403,0.030948142508864275,0.07551983754637215,83810000.0,-0.9700000000000006,-0.36309600000000053,1.204550839091807,1.3440458015267183,0.6069040000000001,5.911094702597691,17.740449788658967,18.24406289007509
2020-06-01,0.00976808743620694,-0.0032616032561133324,-0.002678702621319708,0.0641663639524987,0.07907968659665568,50730000.0,-1.3900000000000006,-0.6283169999999991,-0.40702085889570494,1.3973858549686664,0.7616830000000014,5.885881784532917,18.21611357821109,17.742028009542874
2020-06-02,0.014833399294101213,-0.005405734477583834,-0.003171379751305357,0.10516482638640115,0.08949660697626653,57870000.0,-1.3800000000000008,-0.10004600000000075,0.02285714285714313,0.8800000000000008,1.279954,5.819311119229654,17.274976847750406,17.87370967355002
2020-06-03,0.003993017534043908,-0.006058830520717251,-0.0027697668191258374,0.0983474835032762,0.08304275133588575,105877000.0,-1.17,-0.13070300000000046,-0.20749999999999957,0.32083798882681513,1.0392969999999995,5.78376364197463,17.54240807926573,18.47778860095878
2020-06-04,0.0012495315882929958,-0.005930187773135032,-0.0029172765568830613,0.1011595555857674,0.08034724174517677,105140000.0,-1.3800000000000008,-0.4346560000000004,-0.5976088560885602,0.8592408066429424,0.9453440000000004,6.105061053690522,18.367807254345298,18.470803353355578
2020-06-05,0.0040040093533821874,-0.00626979640588825,-0.00286159409544887,0.09799572381322391,0.08003503910948902,97600000.0,-1.3399999999999999,-0.1189789999999995,-0.44318733153638856,0.22988681102362207,1.2210210000000004,5.897510946733554,18.12227470813761,18.396388051383322
2020-06-08,0.004271899950476943,-0.005170558908742251,-0.002664167544496678,0.09328994465737754,0.0776618763528514,101850000.0,-1.3900000000000006,-0.6088509999999996,0.04806451612903295,0.35366063482646126,0.781149000000001,5.980428877487717,16.922336879023852,18.43901170063709
2020-06-09,0.006275908637192629,-0.0009486973224834827,-0.0023426309134881437,0.07389478311931132,0.08337119279483478,108200000.0,-1.4399999999999995,-0.18542200000000086,0.22872120730738565,0.7655578093306286,1.2545779999999986,6.074080863285215,16.34841340602053,18.499491924376656
2020-06-10,5.005130259583268e-05,-0.00016010407619386767,-0.002384703938263484,0.06878623971892113,0.08300245216219766,101400000.0,-1.4800000000000004,-1.085229,0.40903225806451715,0.48760444845205875,0.3947710000000004,5.873947101179524,16.556350581889475,18.434583649121357
2020-06-11,0.0009005403850537164,-0.00022990231684172358,-0.0024833003029288542,0.0683790865640096,0.08161741803620957,114127000.0,-1.5300000000000002,-1.0593939999999993,0.22999999999999954,0.213164983164984,0.47060600000000097,5.894788434842521,15.428940491667912,18.552822421369882
2020-06-12,0.008861951853146977,0.002343289924464109,-0.0021798211753356186,0.08306812683534183,0.0891478179149376,114366000.0,-1.0399999999999991,-0.5785859999999996,0.14989010989010865,0.07584260051325842,0.46141399999999955,5.444623069137621,16.716932152047026,18.554914389939263
2020-06-15,0.005190964566970102,0.004235862827953518,-0.0016556287759363169,0.05938007176778662,0.09161044109175587,98445000.0,-1.1899999999999995,-0.6542919999999999,0.2541025641025634,0.24718475073313684,0.5357079999999996,5.554857008480675,16.785925023533974,18.40500857455807
2020-06-16,0.0044477463982364185,0.002091131820867709,-0.001526028793059842,0.0810269110429388,0.09001779642430181,91861000.0,-0.5299999999999994,-0.1804780000000008,0.29119402985074494,-0.02765969474279295,0.34952199999999856,5.3795286219728595,17.327055996795295,18.335787122933738
2020-06-17,0.0012374707679878583,0.002348636234984447,-0.001255346591060387,0.0793823007092829,0.08984736262613331,99821000.0,0.0600000000000005,0.18060299999999962,0.6274999999999995,-0.2952941176470585,0.12060299999999913,5.695313379564822,17.073607095985757,18.418889139988014
2020-06-18,0.0,0.002168528157973704,-0.001255346591060387,0.08066433767427464,0.08984736262613331,105286000.0,0.23000000000000043,-0.5247810000000008,-0.8633333333333333,-0.3986602870813396,-0.7547810000000013,5.72867019016398,16.523560759066484,18.47219101479882
2020-06-19,0.004213663441033688,-0.0004465949008624293,-0.0011452494731958836,0.06400085965445802,0.08848517411475186,85204000.0,0.2699999999999996,0.08399000000000001,-0.15461538461538282,-0.5077377377377399,-0.18600999999999956,5.58781029840378,17.073607095985757,18.260558939054313
2020-06-22,0.00037264766594891086,-0.001559317347446232,-0.0015367949732073612,0.0412815461878068,0.08232315943310994,69032000.0,-0.35999999999999943,-0.21975199999999973,0.006017699115043129,0.41433932759968783,0.1402479999999997,5.545333682273803,17.156604015556724,18.050080723170282
2020-06-23,0.003609438233173279,-0.001391655714433604,-0.001542262935948322,0.037874656276005864,0.08235852128867895,52721000.0,-1.2699999999999996,-0.09674099999999974,0.4023529411764706,0.7757947019867544,1.1732589999999998,5.80426109322242,17.118727531266227,17.78052441611217
2020-06-24,0.0018685773110522774,-0.00126543440582072,-0.0012574381503387517,0.04078762440095797,0.08261230985181003,81433000.0,-1.3000000000000007,-0.5851729999999993,0.2725063938618941,0.40159362549800903,0.7148270000000014,5.3121216475244335,17.53588867913758,18.215291154223607
2020-06-25,0.005213517270683532,-0.0002227309516840137,-0.0009745307889549251,0.06216758485038388,0.08560187598881559,125304000.0,-1.4299999999999997,-0.40562899999999935,0.09334894613583167,0.46321470937129305,1.0243710000000004,5.516890489347485,16.653418746324697,18.646253342740636
2020-06-26,0.00496463722957774,-0.00037292570939282397,-0.0012398143641910984,0.06535185589902004,0.08647644403269071,133302000.0,-1.1400000000000006,0.19932900000000053,0.14649350649350623,0.6400000000000006,1.339329000000001,5.751778672924456,17.466168799258014,18.70812778878732
2020-06-29,0.005583487425700362,0.0008183013089370306,-0.0008641260967950767,0.07783984335249229,0.08951609328664732,99997000.0,-1.5199999999999996,-0.7080599999999997,-0.10647500000000054,0.8445614035087718,0.8119399999999999,5.9301209168669295,17.50439001207821,18.420650743502357
2020-06-30,0.0014836797973920568,0.0018369249150500977,-0.00032832765709988633,0.06726799911656078,0.08371193807673181,95572000.0,-1.25,-0.22933100000000017,-0.6579822485207103,0.20399296835760872,1.0206689999999998,5.430748153728526,17.74143646856141,18.37539044809256
2020-07-01,0.0027143755098943956,0.0020060845548185214,0.0005072806668999045,0.06756043071666731,0.06548726419888859,108912000.0,-1.1300000000000008,-0.4166969999999992,-0.9558999999999989,0.5838106235565821,0.7133030000000016,5.488731093239328,17.034386382832476,18.50605077466987
2020-07-02,0.0003695719167415845,0.0010372954840301319,0.0007150230216992137,0.06155787863298349,0.06342095541488058,95115000.0,-1.3000000000000007,-0.5336820000000007,,0.3000000000000007,0.766318,5.644846010432891,,18.370597243784378
2020-07-03,0.0013539296794098377,0.002301008865827647,0.0007199943593714442,0.031987204213065314,0.06343307162245239,97500000.0,-1.1899999999999995,-0.4099780000000006,0.1899999999999995,0.6899999999999995,0.7800219999999989,5.544122200405325,13.815510557964274,18.395362935968077
2020-07-07,0.008426878538116078,0.0028696870883107906,0.0013119414018237425,0.05105549431087052,0.066319262170158,92306000.0,-1.5999999999999996,-0.7199530000000003,0.47499999999999964,0.968904037755637,0.8800469999999994,5.744156368794474,14.508657738524219,18.34061970277744
2020-07-08,0.0008777919221589769,0.0027485095132641748,0.001557164824330215,0.05225873837764922,0.06318108006479847,87234000.0,-1.67,-0.834441,0.49424242424242415,0.5769767441860463,0.8355589999999999,5.75371484340441,12.706847933442663,18.284104721141617
2020-07-09,0.002191114692814189,0.0026438573498481334,0.0013626508269788608,0.05241207719609495,0.06087974173683831,132096000.0,-1.6500000000000004,-0.4369359999999993,-0.38311643835616405,0.6413076923076932,1.213064000000001,5.705347915380907,16.496532086678563,18.699039488943264
2020-07-10,0.0036412226175812634,0.003298187490016069,0.0015384257755587224,0.04846615439484835,0.06114277794218193,102637000.0,-1.7999999999999998,0.042116999999999294,-0.2886416666666669,0.2999999999999998,1.8421169999999991,5.752191613863888,18.60300230074632,18.446709049473494
2020-07-13,0.002547463014101581,0.0025179089513137853,0.0013742351375037082,0.06381104277901982,0.06274176985741853,89464000.0,-1.75,-0.32740100000000005,-0.3425871194093597,0.3006153846153854,1.422599,5.567504456363573,18.91470602904001,18.309346867690163
2020-07-14,0.0030319591476102303,0.0014389250732126158,0.0010966164372400538,0.039013699700494224,0.056959033099244244,97594000.0,-1.7400000000000002,-0.7485210000000002,-0.3531047562425682,0.2715068493150685,0.991479,5.463323201132304,18.940664305503123,18.396326574083794
2020-07-15,0.0013329296126807222,0.0009967807662446758,0.0007859548096376335,0.04387131542581866,0.05551527922740125,92072000.0,0.5899999999999999,-0.6798450000000003,-2.3324999999999996,-0.7277551020408151,-1.2698450000000001,5.210087065153623,16.796129193708218,18.338081437630464
2020-07-16,0.0010907108879889549,0.0007767000052796291,0.0010496908708864609,0.04266293063144149,0.05214956611706175,91800000.0,1.0999999999999996,0.5214200000000009,0.40000000000000036,0.47987987987987957,-0.5785799999999988,5.5025227168419955,15.598901777521812,18.33512285559072
2020-07-17,0.002419551144090093,0.0005323657105813951,0.0011059804126056147,0.03813671461148582,0.05236352434525026,93360000.0,1.0,0.6420130000000004,1.0999999999999996,1.3540145985401484,-0.3579869999999996,5.37975909513528,15.424948470398375,18.351973545942574
2020-07-20,0.002895754919254756,0.0016210092972526625,0.0012438735039986984,0.028903373094988704,0.05255337006634437,73558000.0,0.5700000000000003,0.0,-0.39432432432432485,1.604468085106383,-0.5700000000000003,5.402902581738111,16.222455666282563,18.11358476864127
2020-07-21,0.00458882582797937,9.685230213474227e-05,0.0012260086284298563,0.049067636797578335,0.053057909159003616,60715000.0,-0.019999999999999574,0.03922599999999932,-1.1140198863636366,1.330243309002432,0.05922599999999889,5.351526324879179,17.376556640568324,17.921701342470055
2020-07-22,0.0007264802353654787,0.00021814217759779097,0.0012091594584576388,0.0481343510526139,0.0532061898852985,58758000.0,-0.7899999999999991,-0.31536099999999934,-0.7266901903367504,0.9458004640371236,0.4746389999999998,5.434202237568402,18.03942032454102,17.888937871930988
2020-07-23,0.000484613530201905,-9.6922706040381e-05,0.0013579606347896092,0.047631857331969736,0.050681650654548695,101023000.0,-1.0300000000000002,-0.031209000000000486,-0.5773999999999999,0.04314586994727687,0.9987909999999998,5.541381185297377,18.420680743952367,18.430858771652915
2020-07-24,0.0018160910615332426,-0.00021761472255175108,0.001355461289574417,0.04577996473237232,0.05067531353448689,112900000.0,-1.2999999999999998,-0.16860999999999926,-0.28959365708622453,0.3469043151969986,1.1313900000000006,5.518817426916829,18.429640485323837,18.54201302911989
2020-07-27,0.002778282876665372,-0.00024110913106962785,0.0012394977470021236,0.04528154375154482,0.049014191627112444,71900000.0,-1.3899999999999997,0.03478299999999912,-0.19883833992094857,0.4945241809672387,1.4247829999999988,5.656166620714538,17.451780061805913,18.090786822691275
2020-07-28,0.0007235017800226728,0.0008213563905307808,0.0015103615093640481,0.02371896581998461,0.0436043866440726,96789000.0,-0.8800000000000008,-0.3490289999999998,-0.29650842911877184,-0.1425149700598798,0.530971000000001,5.231482878360813,15.873473067966986,18.388043909426067
2020-07-29,0.004929968501250492,0.001952646137853975,0.001479241560580721,0.03274134306324209,0.04288809372946906,146885000.0,-0.8699999999999992,-0.1812649999999998,-0.6826257352941187,-0.005124792013312174,0.6887349999999994,5.384816112164653,18.217339819934335,18.805160525651395
2020-07-30,0.004905783096366356,0.0030307254631676273,0.001642198860531878,0.02968290000319797,0.04450057096100838,164729000.0,-0.5899999999999999,0.4719180000000005,-0.3003510560000002,0.3466502463054191,1.0619180000000004,5.1714494379390485,17.545531955409384,18.91981225736507
2020-08-03,0.002146179433543338,0.0030967431375696465,0.001615141904515161,0.028914495143092273,0.044371420664474685,161777000.0,-0.8200000000000003,,1.2064406779660999,0.9250000000000007,,3.219675505038765,16.97675726999584,18.90172940168082
2020-08-04,0.002456564193756172,0.0020497737234853376,0.0014805639944914582,0.0492670692014365,0.04640447503898285,142462000.0,-1.2999999999999998,0.21000000000000085,-0.30740000000000034,1.5502304147465447,1.5100000000000007,3.7835075831927187,15.201804919084164,18.774585855444435
2020-08-05,0.001122964744623367,0.0016804804185561295,0.0013626166409660676,0.053922567858926414,0.047274724781705184,106383000.0,-1.3899999999999997,0.0600000000000005,1.3899999999999997,1.1857446808510632,1.4500000000000002,4.801065862809164,15.424948470398375,18.48255634767043
2020-08-06,0.0004782400856333524,0.0005988387011793605,0.0009385633731684757,0.04655605481763977,0.04001536433673989,109354000.0,-1.3099999999999996,0.0,-0.20225262106839814,1.1577832512315274,1.3099999999999996,4.535820107853298,18.4221796200761,18.51010088420769
2020-08-07,0.00023920583776337878,-0.00043015908564658645,0.0008853730036483635,0.026637254425992993,0.040223279411693215,120355000.0,-1.3499999999999996,-0.3000000000000007,-0.1754081326629624,1.1560240963855417,1.049999999999999,4.891926830363372,18.54616736399378,18.60595626682268
2020-08-10,0.00119545740477367,-0.0006203034914005201,0.0008379607518369102,0.021129987845498202,0.039963063106825916,103792000.0,-1.3600000000000003,-0.08999999999999986,1.0599999999999996,0.9030527383367142,1.2700000000000005,4.675069313367758,15.955576721460545,18.457899454434973
2020-08-11,0.0013868632815183801,-0.0004063633089529617,0.0005985280899750224,0.016020350312937262,0.039309428154417306,91879000.0,-0.8900000000000006,-0.5899999999999999,0.395555555555557,-0.00035964035964042296,0.3000000000000007,3.895283681423848,16.012735135300492,18.335983051964515
2020-08-12,0.0025092916654463338,0.00032008797306097846,0.0008393259318582565,0.024364530988605027,0.038094435610932675,102025000.0,-0.7200000000000006,-0.03999999999999915,0.3200000000000003,0.259903942365419,0.6800000000000015,3.9365204770285334,15.955576721460545,18.440728439256144
2020-08-13,0.00028645771363944306,0.00035844444745976035,0.0006813060813225577,0.024004017269134786,0.037416195959061434,93602000.0,0.27999999999999936,0.0,-0.5359999999999996,-0.2807511266900349,-0.27999999999999936,4.529260591887741,16.34123920227253,18.354562308740906
2020-08-14,0.00023872045947648246,0.0004540297069077326,0.0007561465609490913,0.023488617594152647,0.036740138144246474,87820000.0,0.02999999999999936,0.05000000000000071,0.47000000000000064,-0.3076275115919618,0.02000000000000135,4.8742808728544365,16.38045991542581,18.290799823097846
2020-08-17,0.0023179965691895177,-0.00024866108788490493,0.0005938271582263068,0.029079964887314288,0.03821688507592344,89875000.0,-0.22000000000000064,0.0,0.5817021276595771,0.4228328611898,0.22000000000000064,4.910593939916029,16.461685355348397,18.313930374005484
2020-08-18,0.0006701129869757239,-0.00010531102897637368,0.00044670029484222037,0.027726246554990987,0.037854095889727164,81072000.0,0.02999999999999936,-0.16000000000000014,0.370000000000001,0.1961750000000002,-0.1899999999999995,4.971894465779825,16.1573163641116,18.21084820669783
2020-08-19,0.0010767483244054077,-0.0003918196971845589,0.0003600809331827276,0.020005940362703332,0.03688327349094053,89108000.0,0.27999999999999936,0.3100000000000005,0.120000000000001,-0.23668810289388986,0.030000000000001137,5.119370110393032,16.06680235657077,18.3053596751669
2020-08-20,0.000956137278530278,-0.00014330069875061467,0.0006241267953974727,0.02223856085413416,0.032215047995486745,108033000.0,0.14000000000000057,-0.5,-0.11560975609756241,-0.08940239043824683,-0.6400000000000006,4.981481076665904,17.529082624668582,18.497947293971457
2020-08-21,0.0007165034937530734,-4.774409189529649e-05,0.00069284030630788,0.02300123165509573,0.03183839446049312,116336000.0,-0.21000000000000085,-0.1999999999999993,1.560248756218904,0.5355819902788443,0.010000000000001563,5.5204203766869995,17.73252110490346,18.571993113871976
2020-08-24,0.0009545401034998235,0.0006067632426425718,0.000761371431722248,0.01151955834012276,0.031556853271865186,125740000.0,0.39000000000000057,0.23000000000000043,-0.3112851405622479,0.10999999999999943,-0.16000000000000014,5.268425008683,17.030378361434938,18.64972684091919
2020-08-25,0.0024119702674614274,0.00025839178654543107,0.0005600351779605971,0.0237877772418229,0.033135715682531694,119718000.0,1.2699999999999996,-0.15000000000000036,1.2200000000000006,0.1878723404255318,-1.42,5.704082429665199,15.994797434613826,18.600649535162724
2020-08-26,0.0019348141090587134,0.00043000494347609217,0.0005198699985507561,0.02629532987519736,0.03254785949474031,134241000.0,1.3900000000000006,0.5,0.6364664804469271,-0.08999999999999986,-0.8900000000000006,5.492402790262234,16.477167719496773,18.71514724999988
2020-08-27,0.0011924637711624442,0.00047727024200252546,0.0005422015219383643,0.02664443542413229,0.03262527777865749,117027000.0,1.3100000000000005,0.5,0.18791164658634507,0.15249999999999986,-0.8100000000000005,5.262120078236149,16.33723118087499,18.577915235369677
2020-08-28,0.0013100698592580784,0.0005959835151035265,0.00036982539612920176,0.027305219670902468,0.028659977262437023,97501000.0,0.5899999999999999,0.08000000000000007,0.14031522468141944,0.4039320388349523,-0.5099999999999998,6.058071240601964,16.51754268674092,18.395373192325735
2020-09-01,0.0035769681634363337,-0.00031031813828370504,-3.411514005187873e-05,0.039696248394606996,0.02674413246545745,58523000.0,-0.47000000000000064,0.009999999999999787,-1.0859597754911121,0.05527918781725916,0.4800000000000004,5.057964073502634,16.18481928300123,17.884930397327164
2020-09-02,0.000238920082369809,0.00012429189873461866,-0.0001476913074763143,0.03519015361871352,0.02554344310253588,110053000.0,-0.8800000000000008,-0.09999999999999964,0.1800000000000015,0.21221649484536087,0.7800000000000011,5.1465638113205,15.000300542873436,18.5164726259014
2020-09-03,0.0053619431413851615,0.0008097177051999083,0.00022461856562565395,0.051108924996970444,0.030514050715641432,116035000.0,-1.17,-0.3000000000000007,,0.2787505441880711,0.8699999999999992,5.186379713307172,,18.569402427698996
2020-09-04,9.50638116554714e-05,0.0005902377132985138,0.0002826199254484558,0.05118491034858139,0.0301255250743733,114875000.0,-1.1500000000000004,-0.33999999999999986,0.34999999999999964,0.17727999999999966,0.8100000000000005,4.96953548321083,16.11809565095832,18.559355138640125
2020-09-07,0.005829124130674046,0.0014940485675817073,0.0005829706024154747,0.06371051240311286,0.03555286270981756,109462000.0,-1.1799999999999997,0.0,,,1.1799999999999997,4.844974178195408,,18.511088015027834
2020-09-08,0.001416598041170225,0.002492761808503019,0.0006618184061742178,0.04609944863971561,0.0355330823125559,134735000.0,-1.21,-0.16000000000000014,0.20999999999999996,0.26876045716978947,1.0499999999999998,4.721885985684052,16.43727639046947,18.71882044430298
2020-09-09,0.006232747877318978,0.0037870954004407763,0.0009016893810573277,0.04481674529747656,0.04043304919620456,152095000.0,-1.1900000000000004,-0.15000000000000036,-0.40669999999999984,0.2577835051546389,1.04,4.990228484318593,12.611537753638338,18.840015883579394
2020-09-10,0.0020184483582035284,0.0023110171005230385,0.0008716139012151778,0.0573527729230406,0.040939500970039254,124614000.0,-1.2000000000000002,-0.02999999999999936,0.13750000000000018,0.2736631905924112,1.1700000000000008,4.862521908632038,17.50439001207821,18.640731517556326
2020-09-11,0.0013148010909862506,0.002554964556389194,0.0008147333976694595,0.05498873186214556,0.04054464734093062,128910000.0,-1.0,-0.07000000000000028,0.09999999999999964,0.1083333333333325,0.9299999999999997,4.983127054679654,15.424948470398375,18.674625044419287
2020-09-14,0.00023460410664810638,0.0014360605515840064,0.0008395458653022,0.04788764501062562,0.04040627450278735,108190000.0,-1.04,0.0,0.040000000000000036,0.13999999999999968,1.04,4.92870191133357,15.07397154757428,18.499399498663756
2020-09-15,0.0004690431605691714,0.0012465495754637955,0.0008505136129732804,0.0483818392347799,0.04037098378475962,99815000.0,-1.08,0.0,,0.18973292244478657,1.08,4.809090142334542,,18.418829030588892
2020-09-16,0.006232747877318978,-0.0012465495754637955,0.0006640968840147347,0.04838183923477995,0.0461118063600908,95363000.0,-0.9299999999999997,0.0,0.02999999999999936,0.029509803921568434,0.9299999999999997,4.781725147887709,16.811242831518264,18.37320122051801
2020-09-17,0.002125650304391158,-0.0012679899647013216,0.0005947855831854284,0.04849544265216356,0.046911192238555846,132370000.0,-0.4399999999999995,0.0,0.541214066424784,-0.16326311441553187,0.4399999999999995,4.7336513476366315,18.08744326984108,18.701111589689955
2020-09-18,0.00539394972545626,-0.0026097401279898238,0.000286657104620587,0.0493653498604582,0.05122996725507101,148724000.0,-0.3800000000000008,0.14000000000000057,-0.17618904726181484,-0.2629999999999999,0.5200000000000014,4.763881877142913,17.098674872714838,18.81760279719651
2020-09-21,0.003026804579407738,-0.0020513000334378972,0.0003852603094242756,0.06189155748677657,0.052066260894798086,145657000.0,0.33000000000000007,0.0,0.16999999999999993,-0.02999999999999936,-0.33000000000000007,4.841269448462517,15.781223334315767,18.796765100633664
2020-09-22,0.004138834028537985,-0.0013173418598441343,0.000548228430128319,0.07533067616849731,0.05366573390324653,155120000.0,0.05000000000000071,-0.019999999999999574,-1.1569182389937112,0.34999999999999964,-0.07000000000000028,4.990772665000004,16.35868611587625,18.85970956889867
2020-09-23,0.0034163901992885215,0.0006124857554773655,0.000665459387070638,0.06626566265652178,0.05457056425024692,107550000.0,-0.1999999999999993,0.0,0.5,0.11481351161154052,0.1999999999999993,4.904237203306436,15.424948470398375,18.493466413678014
2020-09-24,0.002935825019832805,0.001624780820322158,0.0009201163055132204,0.06273816272733845,0.05391108761618666,124798000.0,0.22000000000000064,0.21000000000000085,0.7799999999999994,0.27999999999999936,-0.009999999999999787,5.0028047149810675,16.811242831518264,18.642206988130162
2020-09-25,0.00046893318561558317,0.0027973574025365266,0.0008503124520159286,0.021990834570416926,0.05380248982601222,93009000.0,0.08000000000000007,0.27999999999999936,0.2699999999999996,0.41999999999999993,0.1999999999999993,4.951451300742808,17.909855120186375,18.348206820628757
2020-09-28,0.004443932000584461,0.003080782886771871,0.001005144272464596,0.025015640171503938,0.055223249738372907,122380000.0,1.1400000000000006,-0.07000000000000028,0.19030769230769096,-0.6400000000000006,-1.2100000000000009,4.986205980173081,17.98989782785991,18.62264151599867
2020-09-29,0.0031455725826186054,0.0028821305975879953,0.0010925491640531924,0.02330427424818889,0.055714812990889685,149603000.0,0.9199999999999999,-0.17999999999999972,0.5526315789473681,0.08000000000000007,-1.0999999999999996,5.277706412643912,18.369387449564815,18.82349567677952
2020-09-30,0.004294591940978698,0.0030577709459260307,0.0014673853595015274,0.0253195035558276,0.0540501337050142,114486000.0,0.6300000000000008,0.28999999999999915,1.1337474541751504,0.19299999999999962,-0.34000000000000163,5.39671368840423,18.625660324638904,18.555963102740535
2020-10-01,0.005924394397203159,0.0012857270625188377,0.0011966484873666059,0.06880255799677062,0.05961360161048457,114500000.0,0.5800000000000001,0.2400000000000002,-0.07047619047619058,,-0.33999999999999986,5.091969475151227,17.50188688186009,18.556085380958567
2020-10-02,0.0063875718024268835,0.002469454785881098,0.0012454879474162119,0.0767476089102547,0.060614024906490684,136142000.0,0.39000000000000057,-0.40000000000000036,-0.38539607312119273,,-0.7900000000000009,5.183803979759276,16.508108654507563,18.729209016635682
2020-10-05,0.0037114401221014504,0.0008383803613439156,0.0010642258553325487,0.0849316023842531,0.06291491755135153,128503000.0,0.25,0.17999999999999972,0.75,,-0.07000000000000028,5.300864120814612,14.44144898883077,18.67146280833053
2020-10-06,0.0029091775914240614,-0.0003725696734646178,0.0006481162495183533,0.08544523118062802,0.06184922360420909,120473000.0,0.1899999999999995,-0.3100000000000005,0.8100000000000005,-1.1899999999999995,-0.5,5.3986150878634005,13.972514306773938,18.606936219398317
2020-10-07,0.00016316445848119088,-0.0012641209533565956,0.0005728894638206668,0.07537225623787336,0.06184400523463027,109436000.0,0.009999999999999787,-0.47000000000000064,-1.5341491085899515,,-0.4800000000000004,5.222030098375917,16.03144784423265,18.510850461462955
2020-10-08,0.00217028660615437,-0.0005132993951468378,0.00017274496460765017,0.06470617691930032,0.058936416698312795,102453000.0,-0.25,-0.009999999999999787,0.25,-1.25,0.2400000000000002,4.901564199041894,13.122363377404328,18.444914714797324
2020-10-09,0.001987723542509201,-0.0021883584641340546,0.0001742080510692848,0.02097200585437128,0.058922117887357954,80800000.0,-0.7300000000000004,-0.6300000000000008,,,0.09999999999999964,5.075048807420676,,18.207487523491324
2020-10-12,0.001870907935811239,-0.0010718888525515168,0.00020068932939428427,0.03064509261881492,0.059089010674082315,97986000.0,-0.9399999999999995,-0.40000000000000036,,,0.5399999999999991,5.249914627319869,,18.400335169286937
2020-10-13,0.0016341780221349467,-0.00016321772983971528,0.00026733570632222906,0.030458218529323133,0.059297664518664785,125138000.0,-0.9399999999999995,-0.39000000000000057,1.2971428571428572,-0.3100000000000005,0.5499999999999989,5.176940380381437,17.37085861945369,18.64492768630673
2020-10-14,0.00046641791890333906,-3.7301254362809286e-05,0.00026721069481433225,0.030784485539649718,0.05929755269734452,105007000.0,-0.7400000000000002,-0.7100000000000009,3.24,,0.02999999999999936,5.8431095398773,12.345834587905333,18.46953757256634
2020-10-15,0.0013999069015095955,0.00011677468656614564,0.0004973459793766839,0.02775881664574583,0.054816618577092746,133903000.0,-0.9700000000000006,-0.3000000000000007,,,0.6699999999999999,5.184028220145909,,18.712626215190102
2020-10-16,0.00035028314912466385,0.00044426276524305307,0.0005818872724846121,0.021713823860927548,0.05408635615479798,131253000.0,-0.8699999999999992,-0.7599999999999998,3.369999999999999,0.8699999999999992,0.10999999999999943,5.201861530730407,17.50439001207821,18.692637316317644
2020-10-19,0.0007009346081368051,-7.010574354655574e-05,0.0008053641828331575,0.018508029338420787,0.049828709996115605,103017000.0,-0.14000000000000057,-0.3100000000000005,,0.14000000000000057,-0.16999999999999993,5.395534817263396,,18.450404581118587
2020-10-20,0.0014947336785828824,-9.799461225696859e-05,0.0007324084256510215,0.017708272643932228,0.04924734966719755,97919000.0,0.46000000000000085,-0.5,1.0399999999999991,0.03999999999999915,-0.9600000000000009,5.572420156459374,15.424948470398375,18.399651164257843
2020-10-21,0.0013778771198751372,-0.00046685362001266386,0.0004697078947742062,0.018811056644950763,0.048134660757830544,60061000.0,0.7400000000000002,0.33999999999999986,-0.2400000000000002,,-0.40000000000000036,5.421640582580036,15.943742263813542,17.910871270397497
2020-10-22,0.0018678501811599801,0.0001866977965212513,0.00039596789391094234,0.02253588336626408,0.04723062865026503,50422000.0,0.8300000000000001,0.7100000000000009,1.0683773377337715,-1.0572727272727267,-0.11999999999999922,5.443326388458011,18.1021270078335,17.73593814573623
2020-10-23,0.002101576955626072,-0.00016356096477903036,0.0001560916093652815,0.027945235512967743,0.047040635814147615,80083000.0,0.7599999999999998,0.6999999999999993,1.0777501352082197,-0.9599999999999991,-0.0600000000000005,5.539104353034841,18.342178515797407,18.198574154806998
2020-10-26,0.004664187560104338,0.0009094634688691982,0.00035586562719807936,0.043225100522293745,0.04956911406087141,172950000.0,0.6099999999999994,0.03999999999999915,0.3495959595959608,-0.15444444444444372,-0.5700000000000003,5.698300811086963,17.717483227538917,18.96851309334745
2020-10-27,0.0005818351243442876,0.0004941497082837643,0.00011654338315385326,0.04396142040265193,0.047354474103233124,78503000.0,0.33000000000000007,0.15000000000000036,-1.2494465220643232,,-0.17999999999999972,5.527840524826286,17.507136237746234,18.178647398582914
2020-10-28,0.0032771292882127767,0.0014251509899013471,0.00012280798818214712,0.04389449787409805,0.04746257292837692,128940000.0,0.11999999999999922,0.22000000000000064,-0.7304563492063476,,0.10000000000000142,5.3906230373320625,17.7355017330416,18.674857737846747
2020-10-29,0.0047224496302114005,0.001996070879711631,0.00014318216385989486,0.049966520559785864,0.047956989140554566,123541000.0,-0.3000000000000007,0.1999999999999993,-0.4999191592562653,-1.1899999999999995,0.5,5.4115567621545475,17.94022265680277,18.632083642743545
2020-10-30,0.0004620004702182712,0.0023239861767931913,0.00040329616038298476,0.042256593891050624,0.042693204889673084,119781000.0,-0.40000000000000036,0.3200000000000003,-0.9202414014099549,,0.7200000000000006,5.37934420519041,17.661607413276254,18.601175633404914
2020-11-02,0.00552996800946115,0.0024971422666645537,0.0003624578845274736,0.0455926202709495,0.04125779550852335,130900000.0,-0.6300000000000008,-0.2599999999999998,-0.9666999999999994,-0.95695652173913,0.370000000000001,5.459840800704708,17.216707939626428,18.68994423088013
2020-11-03,0.0051834476479220015,0.001576819761949011,0.00029236228805982833,0.07022178953403539,0.04335120458453966,144427000.0,-1.0,-0.2599999999999998,-0.5098039215686274,,0.7400000000000002,5.5580242571692935,16.12804598181149,18.78828474755372
2020-11-04,0.0017338038210246154,0.0005746331401015325,0.0003483324676026591,0.07157568537524163,0.042439100246725925,110951000.0,-0.8900000000000006,-0.03999999999999915,-0.10999999999999943,,0.8500000000000014,5.512702676188347,15.201804919084164,18.52459922037121
2020-11-05,0.0005786032678924968,-0.0004855774395192469,0.0003285496671545017,0.061391491024844466,0.0425264998981644,66933000.0,-0.8900000000000006,-0.2699999999999996,-0.7059054593874832,,0.620000000000001,5.276991579833284,17.21804038486021,18.019202677021656
2020-11-06,0.0008099508686925105,-0.00023118717173709058,0.00047046573738530553,0.06208247665993381,0.04156221139129592,73576000.0,-0.7200000000000006,-0.14000000000000057,-0.8756043956043946,-0.7799999999999994,0.5800000000000001,5.3661629134431035,16.812242331851348,18.113829443564672
2020-11-09,0.002199966150998378,-0.0017771740038289962,0.0004603589465048685,0.03541929752603464,0.04172655794523646,111843000.0,-0.8399999999999999,-0.33999999999999986,-0.7567000000000004,-0.6600000000000001,0.5,5.580182553678253,16.213405830762646,18.53260666012435
2020-11-10,0.006162451918656053,-0.0019729748579758065,7.781800105404508e-05,0.04150917726407293,0.0472225751570428,101537000.0,-0.9600000000000009,-0.6999999999999993,-0.6366999999999994,-0.5399999999999991,0.26000000000000156,5.580446550210118,16.213405830762646,18.435933822040166
2020-11-11,0.004067041578242225,-0.0024396224094193285,-0.00019366864658296312,0.04389847279203949,0.048953192716676,97055000.0,-0.8800000000000008,-0.7100000000000009,,,0.16999999999999993,5.323741418888195,,18.39078838608733
2020-11-12,0.004486827493592749,-0.0014265362571222796,-2.220571597753124e-06,0.0663931743741087,0.051548575317896014,133899000.0,-1.0899999999999999,-0.3200000000000003,-0.5067000000000004,-0.41000000000000014,0.7699999999999996,5.492691004366133,16.811242831518264,18.71259634237362
2020-11-13,0.002352202488866695,-0.0011180859330874426,0.00017645130413445118,0.07044525878329483,0.05190414108094628,116034000.0,-0.9100000000000001,-0.2699999999999996,-0.6857963003028988,-0.5899999999999999,0.6400000000000006,5.334504637309749,17.648923162810508,18.56939380957249
2020-11-16,0.0011404765634681624,-0.0009061880155813995,0.00013882304630857028,0.06981893051006498,0.05207707293768228,76545000.0,-0.6300000000000008,-0.09999999999999964,3.130000000000001,0.026551724137931387,0.5300000000000011,5.58799744166249,13.353475098367715,18.153389361148317
2020-11-17,0.0011650939218457168,9.328358378066782e-05,0.00011672022184624116,0.05313807816567584,0.05219606634469935,106961000.0,-0.40000000000000036,0.009999999999999787,,-0.29999999999999893,0.41000000000000014,5.502278098445473,,18.487974840003712
2020-11-18,0.003035612371944829,0.00029956942504014703,-9.901054246460224e-05,0.04833835960341778,0.053041467219656156,85733000.0,0.6899999999999995,-0.10999999999999943,-2.2866999999999997,-2.1899999999999995,-0.7999999999999989,5.432585987353071,17.034386382832476,18.266748373627188
2020-11-19,0.0019858659642375542,-0.00020062288083089186,6.11676996360021e-05,0.03650131192072602,0.0532988708547574,137966000.0,0.9299999999999997,0.33000000000000007,-1.9299999999999997,-2.4299999999999997,-0.5999999999999996,5.512460535664947,15.424948470398375,18.742517835954132
2020-11-20,0.002523896551388738,-0.0011758426888819784,-0.00014796309715203209,0.031020104851013947,0.05359356035238459,103835000.0,0.4900000000000002,0.3699999999999992,-2.0867000000000004,-2.1100000000000003,-0.120000000000001,5.5245361843791745,17.785802471516394,18.458313658759216
2020-11-23,0.003445571634570932,-0.0016368617031025322,-0.00021196284376845398,0.03492525801150857,0.05440691010062717,170595000.0,0.07000000000000028,-0.46000000000000085,-1.3561111111111117,,-0.5300000000000011,5.590128403083495,17.175885945106174,18.95480288426879
2020-11-24,0.0015273456531970098,-0.001709312049372791,-0.0005067977586875658,0.03471101003860994,0.05156862922526819,86848000.0,0.39000000000000057,-0.11999999999999922,-1.3847107438016533,-2.0900000000000007,-0.5099999999999998,5.6901229398702355,17.225006742441124,18.279670022176678
2020-11-25,0.005541486797527639,-0.002210486934489353,-0.000742971647886773,0.044046595916433874,0.05444152522245681,109027000.0,1.1799999999999997,0.34999999999999964,-0.4299999999999997,-0.6799999999999997,-0.8300000000000001,5.7513973452640474,16.811242831518264,18.507106115941266
2020-11-26,0.0007091360656463763,-0.0024658329142075884,-0.0008652570394375539,0.036704193611229625,0.05275282192926901,115682000.0,1.2400000000000002,0.40000000000000036,,,-0.8399999999999999,5.619494658133612,,18.56635560529858
2020-11-27,0.0025958716641891755,-0.001441879271092006,-0.0009665226568671837,0.05129159434513597,0.05037543391142545,158365000.0,1.25,0.8399999999999999,-0.7222222222222197,-0.25,-0.41000000000000014,5.775110395569819,18.31532022829454,18.880413053333474
2020-11-30,0.0022364790676920876,-0.00030546913063940196,-0.0008380236312524048,0.05313667902649277,0.051569120625131956,96209000.0,0.9000000000000004,0.02999999999999936,-0.09999999999999964,0.09999999999999964,-0.870000000000001,5.779878944627502,17.034386382832476,18.382033466353484
2020-12-02,0.001364834549213434,-0.0002729669098426868,-0.0011663475626178612,0.05291330724425391,0.04608038079774102,119309000.0,-0.02999999999999936,-0.0600000000000005,-1.2246897285491425,-1.1367428333333338,-0.030000000000001137,5.833084101085435,17.9759549218909,18.597227324289744
2020-12-03,0.002404754082284022,0.0003543796332060367,-0.0010340288213970049,0.03483446642982068,0.043985968644836775,94810000.0,-0.35999999999999943,-0.5299999999999994,-1.1032860075187978,-1.1400380000000006,-0.16999999999999993,5.677951714621679,17.78956895431187,18.367385446894144
2020-12-04,0.006631166986887926,-0.0011136809773008237,-0.0012672365912000199,0.06000739980157693,0.0480514010983607,131858000.0,-0.6099999999999994,-0.33999999999999986,-0.975065560054845,-0.8900090000000009,0.2699999999999996,5.700978547323467,17.729574199876797,18.697236143932397
2020-12-07,0.0015433017843244912,-0.0013241949532737606,-0.0011661934934754012,0.0562561229932636,0.04898764666959292,98353334.0,-0.6999999999999993,-0.3800000000000008,-0.8963869341970705,-0.7998160000000007,0.3199999999999985,5.636395455954346,17.17237956186762,18.404077001563866
2020-12-08,0.0024942111630030794,-0.002270332999412794,-0.0013235345426037628,0.046586204800151194,0.048644176809825086,107102000.0,-1.0999999999999996,-0.4900000000000002,-0.49595900000000004,-0.4003140000000007,0.6099999999999994,5.6240175061873385,16.811242831518264,18.48929220937994
2020-12-09,0.0010708550014930651,-0.0022115370898687205,-0.0012697673450082717,0.04699118212097407,0.04854499980533709,73267000.0,-1.04,-0.40000000000000036,-0.5569152162941275,-0.4600179999999998,0.6399999999999997,5.465863637759837,17.64107714511199,18.109620860845872
2020-12-10,0.0008329863038918361,-0.0015639890126335487,-0.0009366512391726578,0.05155277517989819,0.045621746631802254,91933000.0,-1.04,-0.40000000000000036,-0.5531785569743368,,0.6399999999999997,5.507970327679748,17.600295855348914,18.336570608832982
2020-12-11,0.0030974530363900854,-0.0008572462225339805,-0.0008904803562273179,0.032107468788473766,0.044901427436042966,102861000.0,-0.7400000000000002,-0.5700000000000003,-0.4404561605813022,-0.7599609999999997,0.16999999999999993,5.607381700369847,18.26214096945903,18.448889120215956
2020-12-14,0.00023866348562062711,-0.0012136392765230042,-0.0011155037361898596,0.02553312325093394,0.04054329523315723,129373000.0,-0.9900000000000002,-0.5199999999999996,-0.4379194039790031,-0.01004899999999953,0.47000000000000064,5.627549168656612,18.881957454171403,18.67821026292722
2020-12-15,0.0016694494695412843,-0.0003809071500141314,-0.0011480157847291647,0.029220935875356024,0.03987090943064122,145221000.0,-0.4299999999999997,-0.5,-0.5647968941234467,-0.3200409999999998,-0.07000000000000028,5.73956780645899,18.95462578250613,18.79376727799651
2020-12-20,0.005615642931329212,-0.0012898647359813609,-0.0013611189451035006,0.04785367278320033,0.042768733409784855,74542000.0,-0.4900000000000002,-0.4299999999999997,,,0.0600000000000005,5.599051390494432,,18.12687328288699
2020-12-21,0.00785309982972393,0.00011415796918505805,-0.0009316811474097078,0.08155685783413484,0.053382082474298355,173416000.0,-0.6400000000000006,-0.6300000000000008,-0.4566799433866988,-0.35498216666666593,0.009999999999999787,5.9317410816281795,18.373902190137454,18.971203890256895
2020-12-22,0.001165709251894853,0.0005005067260841045,-0.0008426381416930422,0.07783244957256506,0.05284377600903268,174890000.0,-0.6799999999999997,-0.3100000000000005,-0.41720884916580037,-0.3201130000000001,0.3699999999999992,5.756627897202726,18.209858855698972,18.979667762825375
2020-12-23,0.0033269992665738712,0.0012136392765230042,-0.0007787746511055986,0.07979087502222845,0.053941097799593954,211806450.0,-0.6099999999999994,-0.25,-0.48259699886975227,-0.3899720000000002,0.35999999999999943,5.44077133434297,18.809238627038724,19.17118344392568
2020-12-24,0.003446025631054006,0.00019054425640394613,-0.0008226855596610875,0.08597478030759674,0.05440954358497954,84748000.0,-0.47000000000000064,-0.25,-0.6296274016594907,-0.505058,0.22000000000000064,5.490547999218772,19.08916662918155,18.25519270512632
2020-12-25,0.0014294225185524922,0.00102778833895929,-0.0007266784588983047,0.07219654630006615,0.05362756621645363,95278350.0,-0.21000000000000085,0.019999999999999574,,,0.23000000000000043,5.5268463901385845,,18.372313165481017
2020-12-28,0.00011919661495696232,-0.0005189923039941036,-0.0006482716842243061,0.03969705202523683,0.05362114414725665,179293000.0,-0.3800000000000008,-0.41999999999999993,-0.6203724796864352,-0.625109666666666,-0.03999999999999915,5.69073100691147,18.829473203614903,19.004531897099366
2020-12-29,0.0019052161038102255,9.519276714691216e-05,-0.0002936667841605982,0.042437234192319276,0.05120958958541384,139458100.0,-0.41999999999999993,-0.6300000000000008,-0.38073524005746684,-0.42849250000000083,-0.21000000000000085,5.7791991139409555,18.320381929576403,18.75327475568613
2020-12-30,0.0010938578600026005,-0.000351435514167342,-0.0002753466987150637,0.03380691417888725,0.05132173378434903,158936000.0,-0.5500000000000007,-0.5399999999999991,-0.4885329739280371,-0.4504879999999991,0.010000000000001563,5.747863153891376,18.022455906710753,18.884012163430036
2020-12-31,0.0006181204580704147,0.0002141455204293763,-0.00042839394263218704,0.021054845436602007,0.050252660211609575,102838494.0,-0.75,-0.40000000000000036,0.03936553216591854,-0.25698799999999977,0.34999999999999964,6.043226481666571,18.247619854505793,18.448670296147384
2021-01-05,0.0011883542693782445,0.0007377008780155237,-0.0004783046473137986,0.01570258281507985,0.049680237865758294,124204500.0,-0.7300000000000004,-0.4399999999999995,-0.36706099999999964,-0.2727619999999993,0.2900000000000009,5.778828102311668,18.28277403356959,18.637439958691353
2021-01-06,0.005597585031940078,-0.00040565545136388436,-0.0006798641941103055,0.04836570009010394,0.05270372038970371,135915401.0,-0.8599999999999994,-0.5800000000000001,-0.18462848462663572,-0.1421480000000006,0.27999999999999936,6.030541019089775,18.471224816743497,18.727543198675452
2021-01-08,0.0016706447799794688,-0.0004525697161300357,-0.0004857975816215678,0.047683477754868586,0.05291353676992449,183879101.0,-0.8399999999999999,-0.5,-0.21392447416521598,-0.16203500000000037,0.33999999999999986,5.967888810579276,18.62191193140044,19.02978903983227
2021-01-11,0.0008342769091242985,-0.0005044859063056961,-0.0001303002532400333,0.04718612933357345,0.048088598017524055,164031000.0,-0.8200000000000003,-0.5,-0.2039783965087283,-0.1870769999999995,0.3200000000000003,5.882932340284521,17.506886892276796,18.91556599231586
2021-01-12,0.0004764173506028868,-0.0002855783445710358,-0.00018110427389344302,0.047657518986496665,0.04776166413541875,134827100.0,-0.8599999999999994,-0.5,-0.22569064180216092,-0.10908466666666783,0.35999999999999943,5.848748244906387,17.511489749193434,18.7195037748126
2021-01-13,0.0023366167852030273,-0.0009905725554872902,-0.00017359977971248818,0.04735861628291039,0.04766852599238794,125143000.0,-0.8399999999999999,-0.3200000000000003,-0.25332145049504984,-0.16274166666666723,0.5199999999999996,5.816128534487739,17.51434034293138,18.644967641397212
2021-01-14,0.0017410596238915943,0.00047715637567904425,-3.969908326559962e-05,0.026404609898949025,0.04799573948357849,93826000.0,-0.8300000000000001,-0.28999999999999915,-0.266737,-0.1700759999999999,0.5400000000000009,5.708902677350773,18.049617062561534,18.356952561068717
2021-01-15,0.0011921794449696321,-9.540846931077596e-05,-0.00013613554749709812,0.02607220107818318,0.048044456328474316,141194400.0,-0.8100000000000005,-0.21000000000000085,-0.2871007796803644,-0.2035859999999996,0.5999999999999996,5.76578653676411,18.28829155590662,18.76564822218028
2021-01-18,0.0036911395126084656,0.00047596405138605746,0.00018713076435997574,0.03775925633030148,0.048525143666747504,84389999.0,-0.8100000000000005,,,,,5.976477804799659,,18.250959457284402
2021-01-19,0.0017843340248386852,2.3813776297743062e-05,0.00011352740534959203,0.041027144087881204,0.04898922131543678,89732400.0,-0.8699999999999992,-0.4800000000000004,-0.22713300000000114,-0.14730600000000038,0.3899999999999988,5.757765481854255,19.302380031056902,18.31234246582394
2021-01-20,0.0034587666421064256,-0.0002006161950829366,-0.0001306733618717275,0.045611781527526984,0.050144327446631394,112785400.0,-0.7699999999999996,-0.3200000000000003,-0.32688182673267363,-0.23019828571428658,0.4499999999999993,5.738344919005312,19.306099812159434,18.540997456026993
2021-01-21,0.0014326650014959696,-0.00026229511956206154,0.00020496034921518592,0.04483055787251928,0.04622089892643552,107753000.0,-0.6600000000000001,-0.39000000000000057,-0.43680360932093,-0.36363903278688525,0.2699999999999996,5.6334673007411755,18.839404236618723,18.49535212878792
2021-01-22,0.0033349244819769197,0.0006431256658272488,-1.0190857820386021e-05,0.050122751618304054,0.03886561964986677,109694400.0,-0.7100000000000009,-0.3200000000000003,-0.38719099999999873,-0.30424758064516055,0.39000000000000057,5.773215249371538,19.14869301183839,18.513208875628866
2021-01-25,0.0009507963635222438,9.505703601000448e-05,9.059512386614241e-05,0.04287586691806461,0.03876417007406261,105965600.0,-0.7100000000000009,-0.11999999999999922,-0.35184903706582293,-0.342579999999999,0.5900000000000016,5.8049241033124055,18.77231825430047,18.47862507110375
2021-01-26,0.004030829405431646,0.0012580897220640709,0.0001241108447641317,0.04653625428744024,0.03957281831115526,143282400.0,-0.75,-0.5299999999999994,-0.33378968755457095,-0.29759250000000037,0.22000000000000064,5.813383984571282,18.703377955102017,18.780328065995203
2021-01-27,0.0016577860516635567,0.0016182858401526446,0.00020926511044939118,0.035478600848479515,0.03799339709726181,59617000.0,-0.6999999999999993,-0.6300000000000008,-0.38630273514890856,-0.34999300000000044,0.06999999999999851,5.70754206519735,18.173089249801198,17.903451326263166
2021-01-28,0.004965136101664491,0.0023247800601863488,0.0005137679018882952,0.04248554850069985,0.040867100985281804,178121000.0,-0.7200000000000006,-0.6400000000000006,-0.3663749999999997,-0.32979536893203854,0.08000000000000007,5.822779587836936,18.858369178971135,18.997973652594695
2021-01-29,0.000117917575751747,0.0016813786789413143,0.0005137069952594754,0.04378542357092027,0.040867256823899696,102095400.0,-0.75,-0.6500000000000004,-0.311168137134052,-0.29999117441860434,0.09999999999999964,5.880197734679395,17.145575745705923,18.44141822825118
2021-02-01,0.0010606329436928519,0.001703345994975436,0.00047348874953960046,0.04367677322200455,0.04060882109646842,79523197.0,-0.8499999999999996,-0.6899999999999995,-0.2253489697003106,-0.20169995652173967,0.16000000000000014,5.874115792138089,18.01634456336566,18.19155932322678
2021-02-02,0.0028308582245246683,0.00033100846898417304,0.0002865975074192543,0.04762722959148667,0.04210179137275582,100340600.0,-0.6199999999999992,-0.6500000000000004,-0.4553350000000007,-0.42991000000000046,-0.030000000000001137,5.583233116254847,18.258341116026163,18.424080956671627
2021-02-03,0.00023621117388739066,0.0007098079140943625,0.0003272799660839117,0.044435751135032724,0.0419742970400968,109113229.0,-0.7300000000000004,-0.5800000000000001,-0.356611,-0.32015939999999965,0.15000000000000036,5.842993540689164,18.598221800675724,18.507896699181106
2021-02-04,0.0032172624268733685,-0.0009266717916132095,0.0001174886948338349,0.031011791991830472,0.04357932213623383,131998658.0,-0.5,-0.40000000000000036,-0.5795409069553106,-0.5072668636363638,0.09999999999999964,5.650803549865314,17.845260846383542,18.698302313832297
2021-02-05,0.004845384996477797,-0.0019193323060591183,0.00015330774414156254,0.03937057737510655,0.0423982928234513,189310250.0,-0.5299999999999994,-0.4299999999999997,-0.5560396655783508,-0.505375550000001,0.09999999999999964,5.887880230851412,17.901633700072004,19.058897761570503
2021-02-08,0.002741850677595359,-0.0026798290303167603,-5.68110871715245e-05,0.02917242018080856,0.043157114248855585,97304500.0,-0.2699999999999996,-0.40000000000000036,-0.8167000000000009,-0.7720832000000009,-0.13000000000000078,5.837905358981679,18.63901258553622,18.39335579480211
2021-02-09,0.0015530736052848937,-0.0024242721064688054,-0.00017049444500053364,0.03014969384287184,0.04332806097088567,88708150.0,-0.4499999999999993,-0.34999999999999964,-0.6361588331947203,-0.5360419263157894,0.09999999999999964,6.000201270550366,17.774348883602443,18.300862325809693
2021-02-10,0.001555489395295595,-0.0027826122203054027,-0.00026725190909093754,0.021683685025822127,0.043517124259992455,90531585.0,-0.47000000000000064,-0.3699999999999992,-0.6032404433626635,-0.5609617758620686,0.10000000000000142,5.8882129172975075,18.611481277411375,18.321209353306756
2021-02-11,0.0014359222282971373,-0.0018519752892713014,-8.760719416235827e-05,0.03614710849308915,0.04321798660288375,76074600.0,-0.35999999999999943,-0.10999999999999943,-0.7090110986270606,-0.6630594595791814,0.25,5.918006363795757,18.03150287079464,18.147224995764375
2021-02-12,0.0028656736028853658,-0.0003097635693986689,-3.405414754360725e-05,0.03735025826892314,0.04398632015461122,108076500.0,-0.4399999999999995,-0.27999999999999936,-0.6310928620337952,-0.5899260000000002,0.16000000000000014,6.087183734166526,18.20928463296985,18.498349867672175
2021-02-15,0.005619671631619028,-0.0008853277602034026,-0.00024488710881262607,0.051906986261898325,0.04795043160678562,113645971.0,-0.5099999999999998,-0.2699999999999996,,,0.2400000000000002,5.994634517438803,,18.54859865668854
2021-02-16,0.0008396809705857322,-0.0007426492332635703,-0.00046064046515520695,0.051574831662752944,0.045784074363387044,117081680.0,-0.5099999999999998,-0.39000000000000057,-0.5765316115224888,-0.4476317803861338,0.11999999999999922,5.936031115219069,18.136974809509855,18.578382368847976
2021-02-17,0.00011999760019154593,-0.00040755183416614217,-0.000369958006820434,0.05128205538080318,0.04556507735732351,115973400.0,-0.5399999999999991,-0.41000000000000014,-0.5460915330401495,-0.4420104516129033,0.129999999999999,5.9653258894982875,18.513022795947478,18.568871412430173
2021-02-18,0.0008402857465785729,-0.0008627934291412842,-0.00024526844036672674,0.04860314151114847,0.04421126919310929,110118420.0,-0.5,-0.2699999999999996,-0.5831340053923348,-0.5270594937204347,0.23000000000000043,5.9247369650572725,18.589478287138853,18.51706689015173
2021-02-19,0.002279134915678327,-0.000980101166582692,-0.00020496034921518592,0.045869992341880474,0.04471047447636519,108266600.0,-0.5600000000000005,-0.33000000000000007,-0.5263422284157597,-0.46199034686346785,0.23000000000000043,6.058328487361489,18.19737564208957,18.500107261819952
2021-02-22,0.0011988971583498653,-9.594627192885952e-05,-0.0004208566178021757,0.022465829917286614,0.042909823925399423,127782000.0,-0.3100000000000005,-0.47000000000000064,-0.7603463144350373,-0.6702124285714284,-0.16000000000000014,5.991039456769885,18.229744523264856,18.66583624491769
2021-02-23,0.005027009660337534,-0.0009334120098792198,-0.0007055140475097842,0.04219964510624782,0.04542506121255612,132598791.0,-0.08999999999999986,-0.13000000000000078,-0.1625837414557143,,-0.040000000000000924,6.080322135466783,17.951022878923293,18.702838518027413
2021-02-24,0.0021437784462525755,-0.0005286558406670139,-0.0007953736169945018,0.04749577257487491,0.0433697722076897,112920000.0,0.5600000000000005,0.05000000000000071,-0.0001519007564159125,,-0.5099999999999998,6.092440464447984,18.546282458366907,18.542190161349563
2021-02-25,0.0014447389943743616,-0.0006495464902261716,-0.0007852285190283496,0.04793742612735218,0.043322646528803584,117629300.0,0.9600000000000009,0.2400000000000002,-0.3293314027590686,-0.28552206436088134,-0.7200000000000006,6.098568542022183,17.88697877385207,18.583048712056044
2021-02-26,0.005766474412402189,4.792140911860088e-05,-0.0007470695518503641,0.0647905461896147,0.044728947043215526,182731200.0,0.9399999999999995,0.40000000000000036,-1.6598510533451218,-1.2070309148936165,-0.5399999999999991,6.072422220687907,18.726104497880304,19.023526778525376
2021-03-01,0.002153883805052992,0.0007184776017991723,-0.0006501187790264952,0.06509722987013991,0.04576898444217012,120987514.0,0.8300000000000001,-0.46000000000000085,-1.730210553060326,-0.9188042222222226,-1.290000000000001,5.958993006961019,16.93831591408174,18.61119790815391
2021-03-02,0.005483384820446524,0.002820556497955984,-0.0004395115468001299,0.04686631798985109,0.05020157121758169,141450000.0,0.3200000000000003,0.0600000000000005,-1.1450137100149487,-0.8200300000000009,-0.2599999999999998,5.955370939459743,16.409271612664355,18.76745685571185
2021-03-03,0.002261232739763308,0.0019395542607528072,-0.0004123865237162556,0.0595823183898152,0.04989754198718823,166315000.0,-0.03999999999999915,0.07000000000000028,-0.38656377956088583,-0.16057766666666673,0.10999999999999943,6.133289577244604,17.853372948231566,18.929394138532082
2021-03-04,0.0011907598453912982,0.002466654028705939,-0.00036693182507321236,0.052690528501029156,0.0501627394560671,130566581.0,0.10999999999999943,0.11999999999999922,-1.1506232669208236,-0.9499645999999995,0.009999999999999787,5.973096889749797,17.404514426650955,18.68739385385336
2021-03-05,0.0008487165993811274,0.0011436158263492756,-0.0002541439285259628,0.04723755911033169,0.04912730246719219,167780000.0,-0.14000000000000057,0.05000000000000071,-0.8411151430707875,-0.7420113181818184,0.19000000000000128,6.089203593009278,15.897947608623909,18.938164155382424
2021-03-09,0.00046119725270443723,0.0006205996147977899,-4.537308358437422e-05,0.04736213025993852,0.04622659116504775,87911835.0,0.019999999999999574,-0.1999999999999993,-0.42025499999999916,-0.9831936666666667,-0.21999999999999886,5.888794852386603,13.877263954239757,18.29184499523026
2021-03-10,0.0011670975136528483,-0.00024265784656094525,0.00014076730647506421,0.023184130079327795,0.04532811912812828,82627718.0,0.1999999999999993,-0.15000000000000036,-0.20013099999999895,-0.20013099999999895,-0.34999999999999964,5.933888398970386,15.068273526459642,18.229855751207783
2021-03-11,0.001882319859078052,-0.00016687527042389406,0.00012508891343729478,0.021174682963285875,0.04549717604823775,95731201.0,0.4499999999999993,0.0600000000000005,-0.8054787512690353,-0.8630887999999999,-0.3899999999999988,5.903889374852029,15.59215638938228,18.37705483254529
2021-03-12,0.0011931751803349044,-0.0006436622755691346,0.00014234197129256576,0.01808305879613359,0.0453456069834924,140451632.0,0.17999999999999972,0.08999999999999986,-0.3786304946773775,-0.5855882222222224,-0.08999999999999986,6.096905059565979,18.002905172067113,18.760373731240538
2021-03-15,0.0007165890668519026,-0.0006172367690632896,3.9841433428325755e-05,0.018012859966956184,0.04518468423180364,120267400.0,0.3699999999999992,0.0,-1.1703579999999985,-0.5945344302325566,-0.3699999999999992,5.975462189630476,15.424948470398375,18.605228155027017
2021-03-16,0.0005971932097459387,-0.00040555867657321443,-6.818144243545649e-05,0.020043196142549166,0.04406662045034153,103849347.0,0.5600000000000005,-0.15000000000000036,-1.2601530000000007,-0.7456645714285717,-0.7100000000000009,5.828857378423127,16.11809565095832,18.458451820351364
2021-03-17,0.0003582731273761297,-0.00071063280477901,0.00018236134348087197,0.014722053602162402,0.03921731803275277,110014800.0,0.47000000000000064,-0.03999999999999915,-0.8951402500000007,-0.7592601159420305,-0.5099999999999998,5.679114028440487,17.50439001207821,18.516125460160808
2021-03-18,0.0011698839806744132,-0.00010019203682851697,0.00027805491258849795,0.015351155072358331,0.03917525962636542,123571800.0,0.6999999999999993,0.0,-0.6351060045045038,-0.8000089999999993,-0.6999999999999993,5.495322260252552,17.608750027402454,18.63233292161667
2021-03-19,0.004428367791098786,0.0010241165574582211,0.0004832153978697951,0.03246860351091089,0.041716725446799253,137241000.0,0.5500000000000007,0.3800000000000008,-0.5608944178999806,-0.718058280000001,-0.16999999999999993,5.770568468334251,18.39731918536644,18.737249062433367
2021-03-25,0.00710146196633854,0.00258772676409631,0.0008613938603896576,0.049193805297297125,0.047246867364086446,211108089.0,-0.02999999999999936,0.009999999999999787,0.1571649624350151,-0.31359275829384003,0.03999999999999915,5.647952589695531,17.210522180539343,19.167880830416966
2021-03-26,0.0007073803643242726,0.0026097641950119767,0.0007865484055632741,0.04891836732536592,0.04696548979897322,121124500.0,-0.41999999999999993,-0.05000000000000071,-0.4577306910166197,-0.2386481351351346,0.3699999999999992,5.627872880555851,17.839210349350374,18.612329500199706
2021-03-29,0.0005658642548374004,0.0025682459695197226,0.0008166928295400581,0.049727376948686446,0.04667861737684982,117492800.0,-0.5500000000000007,0.08000000000000007,-0.33355911492575885,-0.1642117619047614,0.6300000000000008,5.470672759030141,17.42067639150766,18.581887613075256
2021-03-30,0.0018614300682306961,0.002706555187030979,0.0011447137689956882,0.04873468077349958,0.041640124094855485,146156100.0,-0.5700000000000003,-0.2400000000000002,-0.18738978811317786,-0.20496949999999892,0.33000000000000007,5.5215009170622675,17.36865095578511,18.800185786590998
2021-03-31,0.001646478085699954,0.0021501772459512126,0.0011210327994455632,0.04649283496825243,0.0415252619349717,190302000.0,0.3000000000000007,-0.09999999999999964,-0.7781800012092912,-0.8569600000000008,-0.40000000000000036,5.671741260444738,16.884342724302105,19.064122841932644
2021-04-01,0.004221394636550357,0.001574163779993576,0.0013908486866324548,0.027979935773665147,0.0417522511395959,161505455.0,-0.1899999999999995,0.0,0.2418773094436517,-0.38669667676767716,0.1899999999999995,5.52238049492163,16.973323797624072,18.900049477146336
2021-04-02,0.0011473933187939878,0.0012032090433699238,0.0010616168899088272,0.03404160280385987,0.039427228434750224,148574200.0,-0.33999999999999986,-0.16000000000000014,-0.46445388899773477,-0.5399816000000008,0.17999999999999972,5.556943885107578,17.784167645349985,18.81659505471655
2021-04-05,0.0025505740915860997,0.0018264967126546238,0.0010805069035532608,0.03088139899859554,0.03958931232631758,121801200.0,-0.5899999999999999,-0.35999999999999943,-0.024567498649759045,-0.09587600000000052,0.23000000000000043,5.680309118470559,17.85596932782725,18.617900765408287
2021-04-06,0.003266451807743209,0.0021075010605571265,0.0009749386648531031,0.03254748977413355,0.03715261554805982,152284924.0,-0.6199999999999992,-0.47000000000000064,-0.2720160989736069,0.07667374551971307,0.14999999999999858,5.5750395987634755,16.907653087834664,18.84126382412785
2021-04-07,0.006732468842271189,0.0031246992118713736,0.0014032101687595077,0.04547099655834574,0.040218240026262876,222213367.0,-0.5899999999999999,0.0,-0.4097219159847132,-0.09898910290237417,0.5899999999999999,5.5254529391317835,17.303627226264762,19.219148590876163
2021-04-08,0.0028880052418633895,0.00285802133293398,0.0014840313781153216,0.044418087359839875,0.04053378726002156,162447459.0,-0.5899999999999999,-0.34999999999999964,-0.4314422730511911,-0.20989699999999978,0.2400000000000002,5.660144017626371,17.514233084704173,18.90586517822113
2021-04-09,0.0006923609785003393,0.0029490278009927096,0.0014914768838715496,0.041877861507707205,0.040423877479673895,114582600.0,-0.5700000000000003,-0.15000000000000036,-0.4184151480457192,-0.2565806180371357,0.41999999999999993,5.6867719458227945,17.479854385289922,18.556806518256465
2021-04-12,0.0005770007661096699,0.0025543131358974234,0.0015409148847674594,0.0452674987582846,0.03994918170655509,124553760.0,-0.11999999999999922,-0.0600000000000005,-0.43117956391451706,-0.513882535714286,0.05999999999999872,5.667948021646985,17.023821166976262,18.64024798789604
2021-04-13,0.0005766680282057735,0.0020163563799899366,0.0015127991949842653,0.04660938078852121,0.040070966612528264,95179255.0,0.11999999999999922,-0.09999999999999964,1.327439514853431,-0.3005064722222208,-0.21999999999999886,5.872681011118015,15.779302723616242,18.37127256635197
2021-04-14,0.006733097314017833,-0.0006767568512678679,0.0012818097923680853,0.057527305622575325,0.04799021604213179,160126600.0,0.5099999999999998,-0.009999999999999787,-0.9497250230548229,-0.968456999999999,-0.5199999999999996,5.768227241398966,16.655001217210305,18.89147531032485
2021-04-15,0.001067359778340382,-0.0010408859439724693,0.0013894543142097657,0.05156251669322297,0.04715286148292408,204954100.0,0.4900000000000002,-0.17999999999999972,-0.8477086609073154,-0.19007566666666875,-0.6699999999999999,5.684327786822066,17.41282281855272,19.138296609593766
2021-04-16,0.002903096737881583,-0.0014830330958487182,0.0012853349013035903,0.05298993420017021,0.04895717630522049,142000800.0,0.14000000000000057,0.0,-1.0608240265448092,-0.7511452222222221,-0.14000000000000057,5.759185645253913,17.50808975956423,18.771343249352483
2021-04-19,0.001975022425328099,-0.0012034287640050323,0.0013509458163313123,0.05717792062518373,0.04894581596444746,79647427.0,-0.1899999999999995,-0.08999999999999986,-0.8694964322278524,-0.41000700000000023,0.09999999999999964,5.612361389177871,17.64513820707676,18.193120289969297
2021-04-20,0.00104511418675024,-0.001527785206996235,0.0013182390992182594,0.05511916600916888,0.04930454080726868,81573379.0,-0.2400000000000002,-0.2599999999999998,-0.7873509005872013,-0.36002199999999895,-0.019999999999999574,5.404432597336738,17.063195816989236,18.217013528962127
2021-04-21,0.0033636869852236018,0.0004915716528520519,0.001422705908958697,0.03942057881592673,0.04980451147926108,103687420.0,-0.33000000000000007,-0.11999999999999922,-0.644031352935599,-0.26983700000000077,0.21000000000000085,5.478302863544443,16.868376661722706,18.456891354365514
2021-04-22,0.0011572735928790934,0.0005095544157597942,0.001266939518567283,0.039508387430144204,0.04859144586746217,80313000.0,-0.4900000000000002,-0.16999999999999993,-0.010277999999999565,-0.31003899999999973,0.3200000000000003,5.677301597406604,13.754312584313086,18.20144205871537
2021-04-23,0.004985806606228493,9.301244209041215e-05,0.0006913553008259957,0.051721220121661395,0.04834421026968037,138767800.0,-0.46000000000000085,-0.09999999999999964,-0.4758016768644229,-0.3399669999999997,0.3600000000000012,5.686093611785117,16.45086797992637,18.74831259065087
2021-04-26,0.00011624527766684878,-0.0003252410985085774,0.0006521350321597518,0.04898565992071595,0.048424894123951144,67469150.0,-0.4900000000000002,-0.34999999999999964,-0.49751261394058055,-0.17469891891891898,0.14000000000000057,5.621487231929371,16.007202636994137,18.027181014332463
2021-04-27,0.001442565223755743,-0.000404731305909678,0.0006103873669731641,0.04943285176503866,0.0487965441306044,98889463.0,-0.41999999999999993,-0.33999999999999986,-0.569997651527796,-0.3799550000000007,0.08000000000000007,5.508456728726992,17.036393008212464,18.409513248955367
2021-04-28,0.0011182556379178976,-0.001301119830537978,0.00046849757144227865,0.03644054454428297,0.04892552143616078,107896384.0,-0.5199999999999996,-0.27999999999999936,-0.4815417106368063,-0.2798740000000013,0.2400000000000002,5.6352894782109,16.952783191570834,18.49668191715522
2021-04-29,0.002567395505245429,-0.0020460536501628822,0.0002678369242544033,0.0295529371001728,0.04981664499740954,109641000.0,-0.5600000000000005,-0.2699999999999996,-0.4661586116051506,-0.24006299999999925,0.2900000000000009,5.6316059693522265,18.301297929331724,18.512721950116113
2021-04-30,0.004430460785638246,-0.00016280017178953442,0.0002777924551633504,0.04306132975417805,0.050030508800372436,146138338.0,-0.6199999999999992,-0.2599999999999998,-0.2769008611594579,-0.17996300000000076,0.35999999999999943,5.629166681275411,17.025029341948002,18.80006425160632
2021-05-04,0.004196788626613213,-0.0009789088415788072,0.00013258315479100635,0.05166763036687871,0.05219344415732328,203049520.0,-0.6099999999999994,-0.34999999999999964,-0.3723741968038521,-0.19010200000000133,0.2599999999999998,5.748596490445994,17.64700735218322,19.12896044814402
2021-05-05,0.0037453227301620373,-0.0014394603428600661,-0.00016722145576842875,0.055419567178642784,0.05306774155590573,134692990.0,-0.8000000000000007,-0.5800000000000001,-0.2120437026209876,1.1999999999900979e-05,0.22000000000000064,5.9400133455169035,17.541203985200926,18.718508598452516
2021-05-06,0.0008204888229155216,-0.0010517114506933822,-0.0002836958836173663,0.057786095963280916,0.051733280804214535,101952900.0,-0.8900000000000006,-0.5700000000000003,-0.1692673803129825,0.09001199999999976,0.3200000000000003,5.948243844653419,18.578344369012893,18.44002149989651
2021-05-11,0.00011717148059542382,-0.0005616666457633812,-0.0006098692323253001,0.05633719697784019,0.04503639030803551,113969577.0,-0.9199999999999999,-0.5600000000000005,-0.13307199277142878,0.12004899999999985,0.35999999999999943,5.809912694016117,18.15823747636421,18.551442102322003
2021-05-12,0.0004688232622207522,-0.001541523455335181,-0.0007697182087102593,0.036082419951968064,0.04321577896825811,123568000.0,-0.9600000000000009,-0.6699999999999999,-0.10263408583967415,0.15989000000000075,0.2900000000000009,6.069674807644542,18.637282947223152,18.63230216979118
2021-05-13,0.004678371106100698,0.00023350849120760132,-0.0005139690618244956,0.047985077985334273,0.047161535452912864,136889000.0,-0.9399999999999995,-0.5899999999999999,-0.09984910513964884,0.1400030000000001,0.34999999999999964,5.855415702644706,17.766523480683617,18.734680936409504
2021-05-14,0.0010507268493400446,0.0007724276673719999,-0.0005914799006554344,0.03629910847971298,0.04702397462253107,189568570.0,-0.9600000000000009,-0.6099999999999994,-0.0768825327005338,0.10998000000000019,0.3500000000000014,5.87543622104786,18.353471994258914,19.06026136400163
2021-05-17,0.0012857228116800457,0.00035118534045288643,-0.0006801651787452353,0.03909541536164987,0.046883391252417916,137750490.0,-0.9600000000000009,-0.5700000000000003,-0.10382305587257612,0.15998100000000015,0.39000000000000057,5.918705664523555,18.381113170650057,18.740954563159754
2021-05-18,0.0019902833942211373,-2.3437042272256292e-05,-0.00045431689685015454,0.042612441974764374,0.04176773786111554,128633603.0,-0.9700000000000006,-0.6400000000000006,-0.094509187513788,0.03338901587301635,0.33000000000000007,6.082972051352103,18.51143510722083,18.67247863423557
2021-05-19,0.0037898328240819623,0.0008282941749882866,-0.00032467532324341263,0.04990883855599789,0.04402139114013031,82559712.0,-0.9600000000000009,-0.6899999999999995,-0.1045254594469931,-0.04020499999999938,0.27000000000000135,6.010727813288828,18.86536656521381,18.22903237131935
2021-05-20,0.0012367719499168928,0.00013997434375152552,-0.00012753871906253286,0.037660418668867636,0.043296096980709395,111662738.0,-0.9700000000000006,-0.6199999999999992,-0.017708457126468957,-0.07996399999999948,0.3500000000000014,6.1383963764763045,18.976575331085936,18.530993618412776
2021-05-21,0.00030321760760365635,0.00028947619209880316,-0.00023602633967833073,0.0365283666110498,0.04261601862527425,147640929.0,-0.9700000000000006,-0.6300000000000008,-0.09405144959781175,-0.08000031893687609,0.33999999999999986,5.872343116200119,19.002337839144083,18.810293728438978
2021-05-24,0.0029670492639413126,-4.6789098353450244e-05,-0.0003275470576398104,0.042549931087039514,0.04358483013009397,125534420.0,-0.7699999999999996,-0.5800000000000001,-0.2948593822553418,-0.2798600000000002,0.1899999999999995,5.8226020099981834,18.291539699629137,18.648090541881114
2021-05-25,0.0009363296564224299,0.00016400164920629123,-0.00053230975486105,0.04010473038443003,0.04149139026370122,152713864.0,-0.7699999999999996,-0.4399999999999995,-0.2943397777777781,-0.2573223146067418,0.33000000000000007,5.77122303081379,18.209959712636714,18.844076558470885
2021-05-26,0.0018717834196806393,-0.00021960823167397337,-0.0004982854773943097,0.030290868285622736,0.041929509893820105,104648454.0,-0.8300000000000001,-0.5,,-0.20199535040168826,0.33000000000000007,5.621016618131701,,18.466117233694128
2021-05-27,0.0023348131082867596,0.0,-0.00014968453860786908,0.03434819553643374,0.03966516478896011,165611881.0,-0.8599999999999994,-0.5199999999999996,-0.18632255725190916,-0.19008400000000059,0.33999999999999986,5.730846257538851,16.793587896279544,18.925157542510956
2021-05-28,0.0012367719499168928,-0.0001867108684626473,-0.00020304295157215688,0.035487887595494816,0.03984279137438378,158264085.0,-0.8599999999999994,-0.5999999999999996,-0.20002300000000073,-0.18995400000000018,0.2599999999999998,5.810871495587697,15.424948470398375,18.87977561976721
2021-05-31,0.00028023633447471497,0.00035065171743067227,-0.00014769395684448888,0.026114642340414534,0.039589817702398285,75556567.0,-0.8900000000000006,-0.5600000000000005,,,0.33000000000000007,5.973987713056649,,18.140392165473312
2021-06-01,0.0009346886998979897,0.0003509799087355603,-0.00013895267408163612,0.02610954965795117,0.03953818811038125,141367842.0,-0.9000000000000004,-0.5299999999999994,-0.16129112408759205,-0.15008399999999966,0.370000000000001,5.860672256857958,17.531518679466462,18.766875859819017
2021-06-02,0.0018685045725890248,0.0003503241393172374,7.228066295809976e-05,0.026097525331532864,0.03908877234597065,137819769.0,-0.8699999999999992,-0.5399999999999991,-0.07974400000000159,-0.11766784000000108,0.33000000000000007,5.686670225046239,16.67771143889374,18.74145736779267
2021-06-03,0.002102313318101068,-0.0005371011459603281,-0.00023880381817234376,0.02374608655449665,0.03636740870656143,124827598.0,-0.7599999999999998,-0.4299999999999997,-0.298815523953615,-0.2810468976660685,0.33000000000000007,5.684497713244334,17.451488846811422,18.64244412727275
2021-06-04,0.0019895845991921846,-0.0006876636758153864,-0.00013369886448562815,0.025667226410891985,0.03407198548970346,145774076.0,-0.7200000000000006,-0.5399999999999991,-0.32807499999999923,-0.3299229999999991,0.1800000000000015,5.919807415343751,16.523560759066484,18.797568556516993
2021-06-07,0.0005855829645575739,-0.0005144998160089287,7.253474002482954e-05,0.027221978016321976,0.031493058682822976,118689950.0,-0.6799999999999997,-0.46000000000000085,-0.37383275000000005,-0.3701990000000004,0.21999999999999886,5.846554375312174,16.811242831518264,18.592025188767117
2021-06-08,0.0014040016346346107,-4.67617491024086e-05,0.0001003210643924052,0.029881070066099677,0.031731638777781596,113878288.0,-0.6999999999999993,-0.41999999999999993,-0.3501550000000009,-0.3350163333333338,0.27999999999999936,5.779230025364274,15.363073066680286,18.55064078689265
2021-06-09,0.0024582979895404478,-0.0009121222615283032,-1.11611503192626e-05,0.028147264064783014,0.032946906593350624,148510474.0,-0.5600000000000005,-0.3699999999999992,-0.3009978717948716,-0.4359889999999993,0.19000000000000128,5.953347224994854,17.47907220409392,18.816166045706296
2021-06-10,0.0019905164349927063,-9.355631090954831e-05,0.00010595026383375923,0.03198053041280166,0.033611234739499854,102855125.0,-0.8599999999999994,-0.5,-0.17495948648648696,-0.19001600000000085,0.35999999999999943,5.9141244341332015,17.4264284706085,18.448832002671068
2021-06-11,0.001732696883811613,-4.2178767833433996e-05,-0.00019933868806682703,0.03105977983879833,0.029735858341954927,105995809.0,-0.8800000000000008,-0.5600000000000005,0.0356097333333345,0.10501550000000037,0.3200000000000003,5.972663917644264,17.216707939626428,18.478910113558854
2021-06-14,2.3435394476578608e-05,-0.00016398243964026448,-0.00015042004735904292,0.030581552153635626,0.029577773493011095,126616636.0,-0.8599999999999994,-0.4900000000000002,0.01012449999999987,-0.058108545454546245,0.3699999999999992,5.775730973968785,17.50439001207821,18.656674465044496
2021-06-15,0.00011717148059542382,-0.00042134847044810185,-8.361555725068724e-05,0.027648805027782004,0.02929719692038954,165642385.0,-0.8699999999999992,-0.47000000000000064,0.06984533333333331,-0.129842,0.3999999999999986,6.0156692358048,17.216707939626428,18.925341715233948
2021-06-16,0.0023460421317524904,-0.0003988972988905104,-0.000100556449514085,0.027134487832611395,0.02961313939886924,165097000.0,-0.8100000000000005,-0.5199999999999996,-0.017548659711074777,-0.19003499999999907,0.2900000000000009,5.783086447994246,17.94747198375768,18.922043737919694
2021-06-17,0.0022288706511570666,-0.0003512264556576383,-0.00017488798155812767,0.028476379214901794,0.027443468211411953,177015000.0,-0.5299999999999994,-0.4499999999999993,0.11885972727272609,0.030040999999998874,0.08000000000000007,5.739085266358588,16.90655301132259,18.991745032710096
2021-06-18,0.002691476670109161,0.0005336082551265165,-0.00010561632821563871,0.032051584952253256,0.02881470728915833,132031657.0,-0.11999999999999922,-0.2400000000000002,-0.45242891373801974,-0.8799970000000013,-0.120000000000001,5.915393110156686,17.25912865551038,18.698552277554622
2021-06-21,0.0012863242140843667,0.0002810304912049588,-0.00015243092852424396,0.034587938224055474,0.029099497763043516,170380453.0,-0.4399999999999995,-0.5199999999999996,0.11108454347825969,0.21588350000000034,-0.08000000000000007,5.906913776705081,16.951004773893423,18.9535444533382
2021-06-22,0.0005852402578234717,0.00014054814352117972,-3.901145204244201e-05,0.03515244079803487,0.02731151919243651,171182666.0,-0.5899999999999999,-0.5,-0.3102160512820511,,0.08999999999999986,5.860786223465865,16.292048958081757,18.95824176654579
2021-06-23,0.000679308068895601,0.0004738949560925576,-2.6772328826878728e-05,0.029214728188281167,0.027219476886803734,196656219.0,-0.5500000000000007,-0.39000000000000057,-0.34327870422535156,,0.16000000000000014,5.808202548236971,15.899192844959337,19.096967681056
2021-06-24,0.0009134452743673194,0.00021080988073460816,-7.240747860370349e-05,0.02549183578318678,0.02657198740123643,176746210.0,-0.5899999999999999,-0.5099999999999998,-0.24227250000000033,,0.08000000000000007,5.8092229871141985,16.213405830762646,18.990225419795358
2021-06-25,0.0034003667635209567,-0.0010075588059914153,-0.00034551128202311857,0.024821657679971597,0.027438489888486153,140355578.0,-0.6099999999999994,-0.4800000000000004,-0.035230451782583216,,0.129999999999999,5.666876413960221,16.655173645868377,18.759689603480812
2021-06-28,0.001173846830409886,-0.0005155245970925648,-0.00023071991153136718,0.02889196447600174,0.027721143224327994,125791844.0,-0.5299999999999994,-0.4900000000000002,-0.3022331288955371,0.23015700000000017,0.03999999999999915,5.706146345178138,16.590845505872082,18.650139067060497
2021-06-29,0.005031898745536445,0.0006079032035794185,2.223890180249758e-05,0.048740507983427134,0.033173160464354416,111174917.0,-0.5,-0.4900000000000002,-3.500000000045134e-05,-0.23903782608695678,0.009999999999999787,5.816039157001868,15.434898801251542,18.526615347790035
2021-06-30,0.007969103465417682,-0.0008500558757249977,-0.0003127332298889163,0.07897006565321393,0.043172750604029295,162159175.0,-0.5600000000000005,-0.4900000000000002,-0.27056554867256644,-0.28358725000000007,0.07000000000000028,5.962396124610635,16.808739701300148,18.904088972527244
2021-07-01,0.002115656642454944,-0.0006096136021074728,-0.00030096408370482495,0.08109406726287163,0.04333825861633963,166134969.0,-0.5500000000000007,-0.5,-0.5277857873303162,-0.41126291457286435,0.05000000000000071,5.765755206971041,17.827378898362138,18.92831108222656
2021-07-02,0.00023485204429274376,2.3489341738169855e-05,-0.00021203735638061904,0.07725396212498853,0.04284019211935998,147676274.0,-0.6300000000000008,-0.5,0.34616435355231623,-0.23667699999999847,0.13000000000000078,5.7507614758501955,18.513827539873844,18.81053309817301
2021-07-03,0.0003523815153627652,-0.0002817563274163604,-0.0001340753047696943,0.07657908217840384,0.042356936636411435,90918200.0,-0.6099999999999994,-0.5,,,0.10999999999999943,5.750347943803522,,18.325470759128358
2021-07-07,0.004922077205428366,-0.0003037206354379762,7.242442098605768e-05,0.07610148430471327,0.045808473846337926,134857230.0,-0.6999999999999993,-0.5299999999999994,-0.06983852238806065,-0.17667409302325687,0.16999999999999993,5.779353661503275,17.50937755358925,18.719727221240692
2021-07-08,0.006525308634921956,0.002595161784629951,0.00031629618290450267,0.048791523748896413,0.050842885211286985,129520346.0,-0.7300000000000004,-0.5099999999999998,-0.3212197380952375,-0.10567404761904697,0.22000000000000064,5.760824215023398,18.246327356807587,18.679348538732185
2021-07-09,0.004656585829950544,0.0012407132901488538,0.000211615809551641,0.07142327676269244,0.052883763074027514,120118279.0,-0.7599999999999998,-0.5099999999999998,-0.30302556607700293,0.03504716666666674,0.25,5.75085688204213,18.38089987394052,18.60398747363744
2021-07-12,0.0035067248092097714,0.0005863387371654483,-5.0157583029429376e-05,0.07905146873666474,0.05397125509072489,201747967.0,-0.7200000000000006,-0.5500000000000007,-0.11326740136830082,0.020032000000000494,0.16999999999999993,5.799183559419454,18.28943245734241,19.122529788235802
2021-07-13,0.001171646296890927,0.00042248578085981594,-2.344088841415861e-05,0.07987405424928333,0.05378554796330644,166491900.0,-0.6999999999999993,-0.5999999999999996,-0.3317034545454556,-0.26701228301886815,0.09999999999999964,5.890455660474498,18.159315979817958,18.93045721755274
2021-07-14,0.0021124289042990796,-0.0009844154410856732,-0.0001229167698342777,0.06989756246677864,0.05427017235191671,176107030.0,-0.5999999999999996,-0.4900000000000002,-0.35915102135231436,-0.3108847537313437,0.10999999999999943,5.909684915187837,17.84442731486392,18.98660249316935
2021-07-15,0.0009394082419360572,-0.0021015955196828527,-8.376263834186659e-05,0.034245356006393744,0.054390616866523675,122093692.0,-0.6400000000000006,-0.47000000000000064,-0.19513172340425555,-0.2543459572901323,0.16999999999999993,5.879191304625196,17.665658159674333,18.620299275174713
2021-07-16,0.0004693733951457446,-0.0010764036746635953,5.0304767700906506e-05,0.029100407128485127,0.05378617579387371,129807000.0,-0.5700000000000003,-0.41000000000000014,-0.12041433333333273,-0.1299159999999997,0.16000000000000014,5.78129891708403,17.958645284355807,18.681559289901866
2021-07-19,0.003279459486373426,0.0002808331844530443,0.0001003328074731141,0.033012133859619014,0.054441479862187864,180282266.0,-0.5600000000000005,-0.5,-0.3544752217973226,-0.3029806855575856,0.0600000000000005,5.773059750140946,18.177972037143316,19.010034325044316
2021-07-21,0.0010529395532623553,0.0003045745331787586,-7.797272697314857e-05,0.032692298408712676,0.05373661760568219,120796500.0,-0.5999999999999996,-0.4800000000000004,-0.305285164594002,-0.2713768571428581,0.11999999999999922,5.756722745366695,18.040152121134234,18.609617869535313
2021-07-22,0.004810804232882937,-0.0002351005325380129,-0.00024580510882069956,0.04751347309710424,0.05607146880070884,150058178.0,-0.6400000000000006,-0.4900000000000002,-0.3005307049180317,-0.22256236447275235,0.15000000000000036,5.606757492084327,17.638702349685804,18.826533630198202
2021-07-23,0.0018836831564659207,-0.0007997188122184085,-0.00030763572304176855,0.04734370462916969,0.05635022304660689,194180000.0,-0.6500000000000004,-0.5,-0.30361317073170646,-0.12621078498293414,0.15000000000000036,5.664625759455007,17.529082624668582,19.084296121906274
2021-07-26,0.0019072067565186757,-0.0005121521399438222,-0.00018446835040299346,0.050749770295964634,0.056845427931208024,164243052.0,-0.3699999999999992,-0.3200000000000003,0.7102436453521115,0.44051851282051047,0.049999999999998934,5.682831187903269,17.385043254445645,18.9168579130644
2021-07-27,0.0012710669256721374,-0.0014222574223529349,-0.00028849274088106283,0.03801584140339844,0.05681749708908808,192968353.0,-0.4399999999999995,-0.5299999999999994,0.2744823333333333,0.14684443749999865,-0.08999999999999986,5.732693818150621,17.216707939626428,19.078036759330676
2021-07-28,0.0001884081868928078,-0.0011739878743219022,-0.00011759869562326452,0.039757172001653525,0.055689771875673436,171691276.0,-0.5,-0.6199999999999992,0.014944470588234893,0.003318860759494058,-0.11999999999999922,5.797424597359829,16.64872390202049,18.961208515025312
2021-07-29,9.419078350170196e-05,-0.00019298887104497454,-0.00016901088833317805,0.023356921696919386,0.055499565674335775,178931300.0,-0.7400000000000002,-0.5800000000000001,-0.0005618749999989348,-0.060662847299813194,0.16000000000000014,5.836476016381666,16.588099280204055,19.002512491252705
2021-07-30,0.0016024511500214444,-0.00013674246975607928,-0.00048493231193117277,0.022127400529371413,0.05233411587546119,155921917.0,-0.5099999999999998,-0.5299999999999994,0.055454970088430144,-0.07330366666666777,-0.019999999999999574,6.159961820642162,17.01577424662049,18.864865907854547
2021-08-02,0.0016758923326207764,-0.0008533622875839697,-0.00018525559132179633,0.014625474316236889,0.045024517058966464,159608585.0,-0.6899999999999995,-0.5299999999999994,0.48468179310344794,0.4401469999999996,0.16000000000000014,5.965864648057697,17.182806387950748,18.88823503226013
2021-08-03,0.0004959790373399997,-0.0004999530949815423,-0.0002623830963272699,0.016681577749611397,0.044325767396791185,117711134.0,-0.5700000000000003,-0.4800000000000004,0.24884414285714307,0.2329164435318276,0.08999999999999986,5.8593892367381235,17.37085861945369,18.58374416418815
2021-08-04,0.0012742462434918167,-0.0002827854836617405,-0.00019052127309943367,0.020781660824713534,0.04464469927125303,131599148.0,-0.6699999999999999,-0.6099999999999994,-0.06985058974358971,0.004540031250000354,0.0600000000000005,5.933491095332481,16.785925023533974,18.6952711026704
2021-08-05,0.002990453975176166,0.00029646715467315234,-3.133863069281788e-05,0.03149951459820912,0.04597400073880024,138933100.0,-0.7300000000000004,-0.4900000000000002,-0.13848580459770155,-0.021548242424241693,0.2400000000000002,6.018982433144721,16.671980764184756,18.74950308027134
2021-08-06,0.0026367846523038807,8.960045421666508e-05,-0.00039128443344197246,0.035966903054594185,0.043077864002386945,140271500.0,-0.7300000000000004,-0.5999999999999996,-0.3546221304347821,-0.14621476190476201,0.13000000000000078,6.072583598392774,16.951004773893423,18.7590903883009
2021-08-09,0.0057589628520116065,0.0015765714911431417,-0.0004277770897710367,0.04925122781872631,0.04158337586919511,112762600.0,-0.6999999999999993,-0.5,-0.40138009213051973,-0.35422116666666703,0.1999999999999993,6.190048976921489,17.768675506723596,18.540795281766282
2021-08-10,0.0024640669551585503,0.0009845622926434316,-0.0003233714290666561,0.05718658783413664,0.03941084741235868,115361888.0,-0.6500000000000004,-0.46000000000000085,-0.3135999278350514,-0.30454809302325536,0.1899999999999995,6.2014215366180165,17.697074355907713,18.563584597525104
2021-08-11,0.0004698144319439379,0.0008236759303338559,-0.00013401241758314613,0.05721501809091461,0.03773551747366881,141830925.0,-0.5399999999999991,-0.4900000000000002,-0.312462142857143,-0.40941017857142903,0.049999999999998934,6.247404372837274,17.37085861945369,18.77014623714193
2021-08-12,0.0026573557326212693,-0.0003058860112256312,-0.00020476048595125768,0.05778645007354479,0.038591529575240625,142744000.0,-0.35999999999999943,-0.3200000000000003,-0.17360993150684934,-0.35443115555555593,0.03999999999999915,6.239125085835267,17.41282281855272,18.776563374093403
2021-08-13,0.0012472497410351835,0.00047092086744218167,-4.4775788554388e-05,0.05439558491408601,0.03825238280680837,119228760.0,-0.14000000000000057,-0.3800000000000008,0.29719850000000037,0.16273345454545485,-0.2400000000000002,6.18517928773138,17.14771506813948,18.596554558661136
2021-08-16,0.00011758480817825046,-0.0006573547413244896,-8.391023778095022e-05,0.02835585814319839,0.03809156222694642,113265100.0,-0.1999999999999993,-0.21000000000000085,-0.08562092105263197,-0.724984000000001,-0.010000000000001563,6.10441369611448,17.45309671769066,18.545241646772652
2021-08-17,0.000587716737458166,-4.69980028011463e-05,-7.827484052797777e-05,0.02405667632998488,0.03811541953062335,92988975.0,-0.21000000000000085,-0.3000000000000007,0.16491600000000162,-0.3276713877551014,-0.08999999999999986,6.133940195354737,17.312018119430753,18.347991495703017
2021-08-18,0.0002349900140057315,-9.396288638878758e-05,-0.0002232495773073918,0.023795198587863418,0.03614420068445759,102456110.0,-0.1899999999999995,-0.15000000000000036,-0.16671028813559374,-0.08505775000000071,0.03999999999999915,6.125339630664009,15.590462908875947,18.444945069719076
2021-08-19,0.0030498557364815326,0.0010474794074317728,-2.7878373033873332e-05,0.01909176686582233,0.03771758715288437,99359000.0,-0.3000000000000007,-0.22000000000000064,0.3712458883604466,0.16999460000000077,0.08000000000000007,6.157529681382414,17.21654112571376,18.41425011168656
2021-08-20,0.001872221468946833,0.0011724737530141027,0.00029036094610087763,0.019997811957571995,0.03395684137899216,95277692.0,-0.39000000000000057,-0.33000000000000007,-0.14406969533414582,-0.1429163157894724,0.0600000000000005,6.151433979397919,17.11389971964475,18.3723062593762
2021-08-23,0.005744783956892263,0.0,0.00010649900322343275,0.053955819473834425,0.03928737959485407,180973014.0,-0.21000000000000085,-0.3000000000000007,0.2036256751914607,,-0.08999999999999986,6.1501975690933195,17.267948020931524,19.013858484191843
2021-08-24,0.0012706482014550602,-0.00037167298778264526,-4.4827423346745155e-05,0.054292464126788224,0.03899332201650771,98184200.0,0.7300000000000004,0.22000000000000064,0.3857734180655754,,-0.5099999999999998,6.325308332375503,17.73173936658985,18.402355864249177
2021-08-25,0.0013882191850722592,-0.0001410271535693397,8.180524859346421e-05,0.055703256792769634,0.0390277538048085,162308152.0,0.4800000000000004,0.019999999999999574,0.6903038283409799,0.770089742574255,-0.46000000000000085,6.388376514504754,17.348291603324533,18.905007259196328
2021-08-26,0.0008226100704780137,-0.0005864762867700435,0.00011200533828799782,0.049572183111338645,0.039111326077773734,175538156.0,0.5099999999999998,-0.02999999999999936,1.0399360902861225,0.9160594799999995,-0.5399999999999991,6.219834417393773,16.770110111644552,18.983366990344802
2021-08-27,0.00023490721273145,-0.0009139391380131201,0.00011870612063227153,0.0456648692597677,0.039113556084174335,138327300.0,0.5099999999999998,0.13000000000000078,0.5689042222222227,0.4076425769301846,-0.379999999999999,6.35565616990037,17.622173047734595,18.745133174117893
2021-08-31,0.0005873715293684967,0.0001175433474916332,0.00016704324542526905,0.016929794621449133,0.038706687989502206,139812000.0,0.0600000000000005,-0.16999999999999993,-0.26296246488410624,0.3899790000000003,-0.23000000000000043,6.4669375669309765,17.75271555865458,18.755809220990077
2021-09-01,0.0006108592159499437,0.000493844830972634,0.00027593617630958906,0.01165928824436808,0.03814127980315602,139927500.0,-0.5099999999999998,-0.08999999999999986,0.3103809999999996,0.48867962979995916,0.41999999999999993,6.180823781253587,16.64872390202049,18.7566349892964
2021-09-02,0.0017866383049618406,-0.00014112666703418596,0.0001672401123904538,0.016916810980689995,0.038789483525861645,95716078.0,-0.6799999999999997,-0.5,0.2741532561171969,,0.17999999999999972,6.189515906010436,17.79958256016753,18.37689684649179
2021-09-03,0.0004939956111318367,-0.00020684955890342137,0.0001300853203733119,0.01586559597652944,0.038602632300174175,110781046.0,-0.7100000000000009,-0.47000000000000064,0.15450577654154785,0.4100506000000017,0.2400000000000002,6.180968581377955,17.751855375537485,18.523066252662225
2021-09-06,0.0006116495909136432,-0.00037616091963244003,-4.1443420869059976e-05,0.015515032158378482,0.03723198557143054,103479057.0,-0.7899999999999991,-0.5700000000000003,,,0.21999999999999886,6.158482092642064,,18.454879802368527
2021-09-07,0.0021626204333804466,0.00017383747291734863,0.00018709967844924132,0.0234239136903054,0.03672517737598028,124756500.0,-0.7699999999999996,-0.5199999999999996,0.11455261538987926,0.18056860714285605,0.25,5.976274764266995,17.19060349754032,18.64187439544694
2021-09-08,0.0011264698100426074,0.00027695959173588134,-3.349522831118721e-05,0.024299603939815867,0.03091610901567607,126641700.0,-0.8200000000000003,-0.6300000000000008,0.13959274081800643,0.4594977241379308,0.1899999999999995,6.128788737971201,16.502221623946504,18.656872397325643
2021-09-09,0.0,0.0006342872527282494,8.384129336302948e-05,0.016935218326308333,0.029626680594215835,82880000.0,-0.8499999999999996,-0.7200000000000006,0.06085071366786465,0.1102588965517235,0.129999999999999,6.097287455845649,16.769951977100384,18.232904336475446
2021-09-10,0.0,0.0005354881305018822,6.146917755617529e-05,0.017545171728277506,0.029594243516533225,112347002.0,-0.9299999999999997,-0.6400000000000006,-0.0022508727696486375,0.1581002500000004,0.28999999999999915,6.146586183975282,17.080238903014564,18.537102871771395
2021-09-13,7.03622483380073e-05,0.0006718904983522122,0.00019136050998280751,0.015254460480915723,0.027896535027427016,117673953.0,-0.9000000000000004,-0.5500000000000007,-0.13093583355261273,-0.026994612903225246,0.34999999999999964,6.05886615320344,17.39130529700805,18.583428247825026
2021-09-14,0.0005395704680895008,0.00013145231805822277,0.00010627383335782255,0.009651592458791892,0.02773057773999548,136465600.0,-0.9199999999999999,-0.5199999999999996,-0.1217429578237752,-0.10909435483871022,0.40000000000000036,6.066015278372278,17.294784561974083,18.731583126176247
2021-09-15,0.00021121554624947692,-0.00013608475320019408,9.061667362316886e-05,0.003953548038656891,0.02775227085748194,105999030.0,-0.9600000000000009,-0.5299999999999994,-0.03282263000016883,-0.039917999999998344,0.4300000000000015,6.06856446748883,17.79918715601939,18.478940501091074
2021-09-16,0.0020205349542647966,-0.0005401917440531534,-3.35857878874484e-05,0.01366551051703898,0.028620812286127173,170435075.0,-0.9199999999999999,-0.75,-0.09815397943459381,-0.07995599999999925,0.16999999999999993,6.0235928608595035,17.561771734316316,18.953864990379387
2021-09-17,0.0004704775433754804,-0.0006342872527282494,-6.717948109607754e-05,0.012879422137985787,0.02864172528734291,162053288.0,-0.8699999999999992,-0.7699999999999996,0.08698164736126657,0.03332316666666557,0.09999999999999964,6.097647224698044,17.32335228082746,18.90343577737993
2021-09-20,0.0024675413495476306,-0.00015485143248632481,-9.490873761673955e-05,0.02585221532270336,0.027904786825805508,134927719.0,-0.8000000000000007,-0.5600000000000005,-0.18281746704870905,-0.12362831826737342,0.2400000000000002,6.091581338442754,17.367997387172654,18.720249778202195
2021-09-21,0.00011735023190162508,-2.3467292488099645e-05,-0.0001784740346188923,0.025656245402405988,0.02699333412117919,120336100.0,-0.6300000000000008,-0.5,0.1929475164835175,0.25962770370370514,0.13000000000000078,6.253059284796445,17.633222883921178,18.60579921905449
2021-09-22,0.0011741224784316273,-0.00021604867892452973,3.917651197447131e-05,0.026976880620843857,0.018390218624185533,112357000.0,0.3800000000000008,-0.23000000000000043,0.18187958120222092,-0.13650219672131314,-0.6100000000000012,6.416438121604189,17.29578972422277,18.537191859950667
2021-09-23,0.004002359668842992,-0.0006124136218401688,-9.090498647257306e-05,0.03709855404692387,0.022757730640918978,158339099.0,0.7300000000000004,0.03999999999999915,-0.03884297594484387,0.27007099999999973,-0.6900000000000013,6.344389970371531,17.994246818813032,18.880249487404647
2021-09-24,0.0009431738496870068,-0.0003296833432276713,-0.0001120976214909184,0.03875956984472773,0.022443317487474086,162089000.0,0.39000000000000057,0.16000000000000014,0.21760854571819976,0.35665525925925934,-0.23000000000000043,6.360231092100106,18.266762172185945,18.90365612505727
2021-09-27,0.000117848093942996,-0.0008467612319257966,-0.0001568813436062046,0.030462576459328365,0.02218476709026577,160017581.0,0.46000000000000085,-0.05000000000000071,0.1075610883977891,0.40476058823529293,-0.5100000000000016,6.230146745902833,18.320860408670153,18.8907942484116
2021-09-28,0.0005894488823781074,-0.0009881210547817432,-0.00019613639575427876,0.02944972097858851,0.02218512383875083,144260000.0,0.25,-0.25,-0.12740694105822925,0.2708687708333315,-0.5,6.203749355087316,17.937599980494934,18.7871277850398
2021-09-29,0.00306134702763039,-0.0001410271535693397,-2.2387893040046048e-05,0.04089203614676561,0.024818628313352256,109090431.0,-0.15000000000000036,-0.25,0.07110813693908113,-0.15496529999999886,-0.09999999999999964,6.2624644934315326,17.30535963722099,18.50768773843239
2021-09-30,0.0013862947038596474,0.0009367037209711881,1.4537606384225552e-05,0.022669864949447924,0.02521019990374153,132007408.0,-0.5199999999999996,-0.3200000000000003,0.09600880827581726,0.12511394894894678,0.1999999999999993,6.231878109587146,17.159285479164534,18.69836860018803
2021-10-01,0.00131402980167028,0.0010108749113678429,0.00016218846860480273,0.022828859641710452,0.024701937259398676,136416816.0,-0.8200000000000003,-0.5199999999999996,0.03038755793375536,0.11017600000000094,0.3000000000000007,6.170948749081776,17.548765684797765,18.73122558023221
2021-10-04,0.0022301787516889604,0.0005884087798186499,3.246587989905049e-05,0.032348916697202246,0.026008862393361816,129781954.0,-0.9000000000000004,-0.6300000000000008,-0.0951837320596205,0.3553535373665486,0.2699999999999996,6.117700643653124,17.423722109010754,18.681366323292988
2021-10-05,0.0011757790890118969,0.000471142738491892,5.602570465800313e-06,0.03392338993410983,0.026257125022047845,120372200.0,-0.8900000000000006,-0.46000000000000085,-0.14813575350701313,-0.16003399999999957,0.4299999999999997,6.094472297182211,17.72553156072175,18.60609916716821
2021-10-06,0.00023526644032756394,-9.407337896867318e-05,-8.617619110814648e-05,0.025119549520612322,0.025084816985983475,143156200.0,-0.8100000000000005,-0.4800000000000004,-0.23284107916666663,-0.19012399999999907,0.33000000000000007,6.164345851270085,17.686711568872166,18.77944689978251
2021-10-07,0.0017627362223455734,-1.8785075271487984e-05,-5.587779052229096e-05,0.026614848024805574,0.025564614680983092,101363183.0,-0.7899999999999991,-0.4399999999999995,0.0903849999999995,-0.17983840482476587,0.34999999999999964,6.14158569067631,16.11809565095832,18.43422049640438
2021-10-08,0.002704134267864866,-0.0008224178891785173,-0.0001846460889920465,0.02910844279210084,0.02715676495897658,136200000.0,-0.7899999999999991,-0.4399999999999995,-0.2064555856739254,-0.21000700000000094,0.34999999999999964,6.108891963983946,18.052077800576768,18.729634951679685
2021-10-11,0.00014128617538311516,-0.0004046393739173482,-0.00019137400210552817,0.026395020881740547,0.027149070119556206,125714100.0,-0.7899999999999991,-0.41999999999999993,,,0.3699999999999992,6.168103320766439,,18.649520839107396
2021-10-12,0.0017881516222946203,0.00018814676834395528,-0.00010957450810759421,0.029179944384876727,0.027996637791896654,103812900.0,-0.7200000000000006,-0.35999999999999943,-0.3664914071786143,-0.27976477777777653,0.3600000000000012,6.210258653284353,18.053955464160133,18.458100798430905
2021-10-13,0.0011746741630309643,0.00037602831288463534,-2.794381138757206e-05,0.030025386426803278,0.028293108051543895,133928650.0,-0.6300000000000008,-0.28999999999999915,0.12974200000000025,-0.17189607911219795,0.34000000000000163,6.20125939965246,15.201804919084164,18.712817753420023
2021-10-14,0.0,2.3481068415520666e-05,-1.7885928232835064e-05,0.02738857868097284,0.028285328694260845,127988957.0,-0.5800000000000001,-0.35999999999999943,-0.2551161538461546,-0.35665376826196393,0.22000000000000064,6.234175403914721,16.38045991542581,18.667454544724624
2021-10-15,0.00046948357669851504,0.0006582046373281969,0.00010068638276541786,0.012924704897013344,0.02736419139082712,108252700.0,-0.5899999999999999,-0.41999999999999993,-0.47716939478260834,-0.4099409999999999,0.16999999999999993,6.163883063597219,17.86729550576758,18.4999788667991
2021-10-18,0.0009861702177529352,0.0004892278288542329,7.612958874744383e-05,0.016974542299728557,0.02755744496523036,129813203.0,-0.6199999999999992,-0.4399999999999995,-0.24159387353324746,-0.22563735307517163,0.17999999999999972,6.127087500892697,18.155412266337486,18.681607075089072
2021-10-19,0.0001644292546840731,0.00016448335533212344,-3.354241576986843e-05,0.012460652013397126,0.026158572309040784,127850200.0,-0.6400000000000006,-0.40000000000000036,-0.31297386629156954,0.039829000000001,0.2400000000000002,6.0763340485857364,18.616337186305817,18.66636982403345
2021-10-20,0.0015255533088369688,0.00023465918449332434,3.351487360800508e-05,0.01435737509672476,0.026709961079803037,136492685.0,-0.6099999999999994,-0.33999999999999986,-0.411820674037255,-0.31478988764044935,0.2699999999999996,6.141241389926207,18.793687424097975,18.731781581409717
2021-10-21,0.0007038123457681067,9.389671533970301e-05,5.591059421102987e-05,0.015871660631954488,0.02649082153194566,140904237.0,-0.6300000000000008,-0.23000000000000043,-0.3965220341880329,-0.3395978484848481,0.40000000000000036,6.155494833929685,18.57768449276203,18.763591047389106
2021-10-22,0.0021144140380737753,-0.00042288280761475504,0.0001458127671048021,0.02158995921151476,0.023483153341951828,124430000.0,-0.5899999999999999,-0.3100000000000005,-0.42422165531914935,-0.36336299999999966,0.27999999999999936,5.938696481569326,18.58194889154849,18.639253866751815
2021-10-25,0.00047025629834429594,-0.0001315975043953088,0.00012329288370753014,0.021671755653712307,0.023337517745641422,126212960.0,-0.5099999999999998,-0.33000000000000007,-0.1026996938775504,-0.1585814294871799,0.17999999999999972,6.090404494962885,17.7073308560749,18.653481196934997
2021-10-26,0.0006814790708933316,-2.8187541153457118e-05,0.00016135608203306955,0.02241482964901901,0.023397638942185855,126575713.0,-0.09999999999999964,-0.3100000000000005,-0.23920166704864876,-0.14990599999999965,-0.21000000000000085,6.2424956019090825,17.837076341186986,18.65635120882828
2021-10-27,0.002486979837519776,0.00016409776458310433,0.0003078526877424926,0.02715200065818479,0.02455230261324221,159560077.0,0.3200000000000003,-0.21000000000000085,-0.9097811497205956,-0.5701940000000008,-0.5300000000000011,6.2350379799337,18.419837368411173,18.88793106757845
2021-10-28,0.00222365355831311,0.0007495909453993476,0.0002679625225369078,0.0291380174193332,0.02351829937072921,113514804.0,0.25,-0.14000000000000057,-0.7538175047684597,,-0.39000000000000057,6.176469999031094,18.549081592816513,18.547443818098316
2021-10-29,0.0010526932371632824,0.0009619351055814463,0.000151820239631054,0.022862633941310096,0.023574538469718624,135471228.0,0.6500000000000004,-0.05000000000000071,-0.8837038274201348,,-0.7000000000000011,6.296464544892024,18.4704038061704,18.724269836253416
2021-11-01,0.00011703434971455096,0.0008444769759696769,8.367432766034777e-05,0.02400972853145283,0.023203914519341073,138576916.0,-0.05000000000000071,-0.13000000000000078,-0.6228470407115108,-0.5797781999999998,-0.08000000000000007,6.208066750378769,18.19540993162198,18.74693607962233
2021-11-02,0.0014035090023201136,0.0009888829622550332,0.00025670707785125605,0.024246919309311662,0.022022462066025185,138060820.0,-0.3100000000000005,-0.3200000000000003,-0.43962599999999874,-0.3933242025403363,-0.009999999999999787,6.125908023657472,17.281246460764002,18.74320487066858
2021-11-03,0.0024514107881250524,0.0009817691523760885,0.00042943040533396796,0.024109393165691086,0.022625875659360466,105640346.0,-0.8800000000000008,-0.5199999999999996,-0.1978633047512126,,0.3600000000000012,6.288193076695595,19.037373355097724,18.47555092066236
2021-11-04,0.0010487677940842488,0.0007467919995303163,0.00046816856503666723,0.02160994443334695,0.022713239664221053,82690900.0,-0.9700000000000006,-0.5199999999999996,-0.10457606472566283,0.04361180555555677,0.45000000000000107,6.172889869070121,18.974364687520257,18.23062011766379
2021-11-05,0.00011646188797875823,0.0009806230245587243,0.0003897745491144379,0.0164558227522351,0.022242016676605376,111222275.0,-0.9800000000000004,-0.5700000000000003,-0.10288688232579624,0.01324250000000049,0.41000000000000014,6.045668601121494,18.808361985694603,18.527041234468637
2021-11-08,0.0008155181904765385,0.0008409262564063269,0.0004797086480376916,0.01979865971171014,0.019755023780443,136389492.0,-0.9600000000000009,-0.5,-0.1165866778461524,,0.46000000000000085,6.0426565863694055,18.57768449276203,18.73102526228288
2021-11-09,0.0,0.0005602244559423042,0.0004864365611511733,0.019793392934617755,0.01970506302403188,138830400.0,-0.9600000000000009,-0.5199999999999996,-0.11283605542978492,-0.0899259999999984,0.4400000000000013,6.01937150036099,18.788702172380916,18.748763602228472
2021-11-10,0.0006995453240854488,-6.996676649979605e-05,0.0003679748017997414,0.011888496455132559,0.01951790646719808,121831582.0,-0.8900000000000006,-0.6199999999999992,-0.1870393886161974,,0.27000000000000135,6.065086686978596,18.771337615565535,18.618150173553676
2021-11-11,0.0008160886491985764,-0.00011650259547693053,0.00035089930114105627,0.010548289041639312,0.019370133038938652,137337100.0,-0.75,-0.46000000000000085,,,0.28999999999999915,6.040921155820574,,18.737949045454037
2021-11-12,0.0015138285278188945,0.00016297073249109672,0.00042298637389433696,0.015833406705502394,0.019731089708880118,153643938.0,-0.5,-0.5600000000000005,-0.3044893219132021,,-0.0600000000000005,6.132117396855113,18.150057629880372,18.850148392459506
2021-11-15,0.0009304490087416184,0.0005121641723347282,0.0004449371087535324,0.013750512587596759,0.01980923767979123,158271419.0,-0.6699999999999999,-0.39000000000000057,-0.10394712555922503,,0.27999999999999936,6.121132235230019,17.68324724168095,18.879821958960814
2021-11-16,0.00046490005486354846,0.0006051441833074378,0.0005140356931638411,0.01303719307088975,0.019113918927504192,188319564.0,-0.6999999999999993,-0.35999999999999943,0.0162193308409595,9.999999992515995e-07,0.33999999999999986,5.977086679162027,16.920338687099417,19.053650886265405
2021-11-17,0.001045235563484681,0.0009541003608214638,0.0005559788507257748,0.006047566674427481,0.0191544187534913,191889300.0,-0.6899999999999995,-0.4399999999999995,-0.19456493106971706,-0.04826315384615221,0.25,6.1169070627984965,18.438363478804675,19.072429201215982
2021-11-18,0.001855503257627511,0.0011619832825072508,0.000571690753049134,0.008541046607127352,0.019397420438996584,172553300.0,-0.7699999999999996,-0.28999999999999915,0.08662458719197552,,0.4800000000000004,6.083998148510915,18.45686801471408,18.966216732216743
2021-11-19,0.001855503257627511,0.0004881169254179696,0.0005168483286748767,0.02226520526283865,0.020717023275654643,181028629.0,-0.7899999999999991,-0.35999999999999943,0.052313266238533274,0.22310999999999837,0.4299999999999997,6.153710939470885,18.790753534573053,19.01416574799306
2021-11-22,0.0022030271533930446,0.0007426325543482548,0.0007224407663637729,0.025461452708823405,0.01914676362746015,163377400.0,-0.7899999999999991,-0.21000000000000085,0.13625677177905082,0.4999205999999994,0.5799999999999983,6.049945696858054,18.764483191668422,18.91157341993083
2021-11-23,0.0004633920379495393,0.0005569741357856373,0.0006779813217783521,0.026910992220433735,0.01957018979323249,241910200.0,-0.4399999999999995,-0.14000000000000057,0.9082689655172391,,0.29999999999999893,6.12662898059514,18.579051079923808,19.30407714087566
2021-11-24,0.003947526315072558,-0.0004415782399258106,0.0004575524938752145,0.040907172062379926,0.025292619540007253,210703056.0,0.6400000000000006,-0.09999999999999964,0.617378594455797,0.43630010526315743,-0.7400000000000002,6.311734809152915,18.830907829162022,19.165960382703407
2021-11-25,0.0,-0.0008126788914513128,0.000339124882564749,0.03619220886613711,0.02422291016024624,194123019.0,0.7200000000000006,0.08999999999999986,,,-0.6300000000000008,6.438631262763409,,19.084002634616084
2021-11-26,0.004642533872297072,0.0004869285345336039,0.0004543096594211281,0.05083478003733262,0.027781902077567356,195678550.0,0.8100000000000005,0.03999999999999915,1.1490067083333333,1.0347018421052638,-0.7700000000000014,6.488155748907036,18.09217667698033,19.091983819818445
2021-11-29,0.00392927813989008,0.0008321787318330109,0.0006915463916617645,0.05574610744707396,0.029672830118000284,258763100.0,0.5,0.22000000000000064,0.9196244240727474,,-0.27999999999999936,6.636405767817916,18.568298703380034,19.37142352928162
2021-11-30,0.002994359026457616,0.001523728944714442,0.0008397079810032961,0.05608710298636831,0.030549101304033998,263461876.0,0.8200000000000003,0.5199999999999996,0.7899224320076392,1.1799689999999998,-0.3000000000000007,6.726581063740067,18.33868947239404,19.389419232366127
2021-12-02,0.0026643407740563063,0.002846102362540215,0.0008997475891812101,0.02812494213400198,0.031148636875905605,292383400.0,0.8000000000000007,0.34999999999999964,0.5013252666748027,0.44996800000000015,-0.45000000000000107,6.865828507754102,18.69121157108625,19.493576512682505
2021-12-03,0.0008261049623055072,0.0026808813700791136,0.0007436754105892787,0.03349113927805619,0.031160644388339324,255705600.0,0.8900000000000006,0.0600000000000005,0.40098561098752583,0.3599110000000003,-0.8300000000000001,6.850560393888885,18.77170374571481,19.35953734068644
2021-12-06,0.00045903145171433124,0.0018441808859625652,0.0007155927276192827,0.031140213316252382,0.031154857400849046,258379794.0,0.9199999999999999,0.5800000000000001,0.6420981479361885,0.48638399999999926,-0.33999999999999986,6.871070547507359,18.721314699968786,19.36994113022078
2021-12-07,0.0029874778050729134,0.00046082969696996655,0.000567786075569203,0.039544145185078275,0.03366158080283288,219436838.0,0.8699999999999992,0.21000000000000085,0.5020054142857173,0.6301060000000014,-0.6599999999999984,6.908824706940157,18.75715298057358,19.206574995084047
2021-12-08,0.0013818519011419284,-0.00041441248854994227,0.0005408178036327559,0.033644708506976956,0.03401018681107907,209528477.0,0.8699999999999992,-0.09999999999999964,0.0742414960546327,0.25547983333333235,-0.9699999999999989,6.7166553043766,18.95805150722309,19.160370216489994
2021-12-09,0.0006224568803787633,-0.0010717720194369563,0.0005111769998051958,0.02003535507149765,0.03420271128090303,201642100.0,0.9100000000000001,0.22000000000000064,0.1566783658536579,0.19719899999999946,-0.6899999999999995,6.781137077944371,18.915376985788473,19.12200490172475
2021-12-10,0.0010832863816219174,-0.0006898937506514713,0.0005960737476960227,0.025382393933102133,0.033964286672623495,229711085.0,0.9399999999999995,0.33000000000000007,0.1388550644164699,0.3600235000000005,-0.6099999999999994,6.91280252020365,18.022655392098084,19.25233292509309
2021-12-13,0.0006913239127737114,-0.0009199648235490798,0.0005242921971259138,0.023333032721429083,0.034241533544222755,213495356.0,0.9100000000000001,0.17999999999999972,-0.19062981495596887,-0.16000600000000098,-0.7300000000000004,6.80743758246727,18.39247363775797,19.179125638639942
2021-12-14,0.0020725396019720677,9.203865785991638e-05,0.000550897486371303,0.022730873790331257,0.034498705944858744,217522942.0,0.9600000000000009,0.41999999999999993,0.24772385714285683,0.28998099999999916,-0.5400000000000009,6.857440453106523,18.594634051075804,19.19781488339011
2021-12-15,0.0022059846254638416,0.0008096059631810704,0.0006116372776437897,0.022342164675146655,0.03495546764971541,261023642.0,0.8800000000000008,0.15000000000000036,0.004807429579351208,-0.01001960000000146,-0.7300000000000004,6.766491208977956,18.53374153623638,19.38012154356011
2021-12-20,0.001926252659446348,0.0013193478711460926,0.0006812254969096374,0.019148831956838572,0.03524354661916609,232633762.0,0.8399999999999999,0.2599999999999998,0.07216152836310208,0.16003399999999957,-0.5800000000000001,6.7136242642286845,18.691784713387182,19.264975937988442
2021-12-21,0.0017196908795265031,0.0007587524189164085,0.0005495623329567238,0.029086518572288934,0.03617295368702801,214742241.0,0.8699999999999992,0.40000000000000036,0.030385274126844664,0.1300460000000001,-0.46999999999999886,6.710145449841071,18.916322550796064,19.184948987791753
2021-12-22,0.0019755588525747214,0.0005019054309562066,0.0003671308038994747,0.03411437102521514,0.03685821310271223,169651800.0,0.6099999999999994,0.21000000000000085,0.08259159739410116,0.1400060000000014,-0.3999999999999986,6.682947844181225,18.79368464190515,18.9492586592178
2021-12-23,0.003778196951840229,-0.0006682418798062528,0.00027557396131791664,0.04160743271886622,0.0388661766435942,182006845.0,0.35999999999999943,0.13000000000000078,0.2474309064036948,0.3899860000000004,-0.22999999999999865,6.6389211298757,18.88952119697085,19.019554854223944
2021-12-24,0.004024243369736169,-0.001914287478846255,-2.096273025966494e-05,0.037831189596216966,0.04090790387232413,176907188.0,0.13000000000000078,0.1999999999999993,0.23143208455927144,0.26289099999999976,0.06999999999999851,6.77304605012363,18.947141156925422,18.99113579143057
2021-12-27,0.0006718328547279384,-0.0021651714397899367,3.30955979630721e-05,0.030057992868959556,0.04094220994859228,194449796.0,0.41000000000000014,0.17999999999999972,0.0059331407928961966,,-0.23000000000000043,6.745506901117262,18.999326939530476,19.085684569452596
2021-12-28,0.0016224363276178266,-0.0021457205294082016,0.0001438141687942498,0.030156567984922396,0.038831732026719294,162706565.0,0.40000000000000036,0.10999999999999943,0.08693340206428424,0.05897554545454575,-0.2900000000000009,6.734900767961095,18.603878683277607,18.90745892171326
2021-12-29,0.001390820808342852,-0.0014724445972246869,0.00021004373109629037,0.03940499496653614,0.03906501638340796,180760900.0,0.7300000000000004,0.4399999999999995,-0.020966764320570874,0.01995400000000025,-0.2900000000000009,6.676453539966464,18.444021223310273,19.012685721472607
2021-12-30,0.00037069645019283115,-0.0007909444968952073,-2.86815223556098e-05,0.03388196637125971,0.035604686151345086,176891705.0,0.8599999999999994,0.9000000000000004,-0.13863447422659014,-0.007794805071315025,0.040000000000000924,6.795616285710839,18.164152964024375,18.991048267131788
2021-12-31,0.0006023119694678059,0.00013436657094558768,-0.00018710848285190856,0.0184922094314132,0.032690741436080535,210006200.0,0.8100000000000005,0.5899999999999999,-1.086506946149827,-0.32246624999999973,-0.22000000000000064,7.213031659834869,18.51029582835206,19.162647612055448
2022-01-05,0.00023156188594875005,4.631237718975001e-05,-0.00031867025144756883,0.017942011882194058,0.03063950829916982,169505200.0,0.22000000000000064,0.009999999999999787,0.2878575384615374,0.3974100652173913,-0.21000000000000085,6.793297957004312,17.98989782785991,18.948394162780282
2022-01-10,,,,,,,0.5999999999999996,0.9000000000000004,,,0.3000000000000007,4.382651439442724,,
2022-01-11,,,,,,,0.2400000000000002,0.16999999999999993,,,-0.07000000000000028,6.7709499614808495,,
2022-01-12,,,,,,255198800.0,-0.03999999999999915,0.14000000000000057,0.42129320072844934,0.3257583809523794,0.17999999999999972,6.685274008311679,18.63215649039889,19.357553407229496
2022-01-13,0.0005302165943685822,,,,,219575000.0,-0.13000000000000078,0.25,-0.37095062138196155,0.3521432222222227,0.3800000000000008,6.736717816648441,19.05460856485234,19.207204417767453
2022-01-14,0.0021421916123927076,,,,,185751800.0,-0.27999999999999936,-0.5399999999999991,-0.4607103146379323,-0.016279542288556215,-0.2599999999999998,6.726760841176086,18.71341005762566,19.039921931959334
2022-01-17,0.0002300701724173848,,,,,194406100.0,-0.3699999999999992,-0.07000000000000028,,,0.29999999999999893,6.55552757425639,,19.085459828099136
2022-01-18,0.0016116038943412292,,,,,192500000.0,-0.15000000000000036,0.009999999999999787,-0.4122103169897837,-0.09982100000000038,0.16000000000000014,6.549693659767775,18.41514545245369,19.075606711692114
2022-01-19,0.00016127731669435263,7.834372255892675e-05,,0.021759711482973062,,166366000.0,0.40000000000000036,0.17999999999999972,0.7932337219589254,-0.059804590062112695,-0.22000000000000064,6.622909181349564,17.963395887114405,18.929700738550714
2022-01-20,0.0002994460270917543,0.00024427624685099405,,0.021084591883425697,,148057066.0,0.7100000000000009,0.5,0.2846824658523026,,-0.21000000000000085,6.701554878398147,18.315875629586237,18.81310833849219
2022-01-21,0.0016338556867250276,0.00014260906171745802,,0.018330890557615984,,153654300.0,0.7899999999999991,0.0,-0.2727658206388188,-0.4387537323039279,-0.7899999999999991,6.810120399155368,18.21488583097277,18.85021583183092
2022-01-24,0.0018641908253682615,-0.00027624313783967123,,0.0231082974516762,,181784727.0,0.7599999999999998,0.34999999999999964,-0.3848475801404643,-0.3965107272727284,-0.41000000000000014,6.732234544085353,18.20418504660962,19.018333726277632
2022-01-25,0.00046061723522861087,0.00013820108807429676,,0.020043791110791166,,166684235.0,0.7799999999999994,0.07000000000000028,-0.17514769911504402,-0.43001999999999896,-0.7099999999999991,6.710291657578157,18.542898376676614,18.931611772163112
2022-01-26,0.0,0.00010594562473542624,,0.020064783930684373,,129265043.0,0.8000000000000007,0.4399999999999995,-0.19820752108215345,-0.20629887499999988,-0.3600000000000012,6.739798059342597,18.613679438368543,18.677375451427583
2022-01-27,0.0018437433201796694,-0.0003226922447188585,,0.024121415364782475,,130767855.0,0.7899999999999991,0.4900000000000002,-0.309925472286789,-0.19188663855421595,-0.29999999999999893,6.751931533694394,18.44850017027863,18.68893420990347
2022-01-28,0.0009222965837079045,-0.0004650040653222831,,0.020783259795274896,,162825000.0,0.7400000000000002,0.5800000000000001,-0.20286673423728807,-0.15997480000000053,-0.16000000000000014,6.822861657963508,18.116191553184205,18.90818656239674
2022-01-31,0.0006916426788681207,-0.00023049443602225496,,0.01716158352451047,,159251872.0,0.7699999999999996,0.9499999999999993,-0.24379117116738946,-0.4576371612903216,0.17999999999999972,6.933111086244446,18.61689809708005,18.885997607449497
2022-02-01,0.0013828073187545087,-4.605641931707538e-05,,0.020437373313512964,,156159088.0,0.7799999999999994,0.7400000000000002,-0.1722512996996599,-0.45360361538461547,-0.03999999999999915,6.624901531386997,18.230404835013772,18.866385840448068
2022-02-02,0.0013828073187545087,-0.0003226178830679771,,0.02249520644628867,,113120643.0,0.8300000000000001,0.8699999999999992,0.921645777777778,-0.3799259999999993,0.03999999999999915,6.493799224600905,18.209959712636714,18.54396544432552
2022-02-03,0.002763705121617832,0.0005988718052915232,,0.026322669271180234,,95283220.0,0.7799999999999994,0.5600000000000005,-0.8781119949225236,0.26993000000000045,-0.21999999999999886,6.460968051312035,17.860577337150186,18.37236427757042
2022-02-04,0.006344832959646496,-0.0008545541033793569,,0.05530297809546077,,103988640.0,0.4299999999999997,0.9000000000000004,0.32001460000000037,0.44730200000000053,0.47000000000000064,6.378545022090869,17.034386382832476,18.4597922203703
2022-02-07,0.0040586824428539,-0.0015279620561765128,,0.05967149506056087,,98192000.0,0.4499999999999993,0.5,-0.563898071726836,0.0488419268292688,0.05000000000000071,6.300804143118763,17.22568089531429,18.402435303611014
2022-02-08,0.005476273516935137,-0.002899778223314442,,0.058448610823770536,,96066000.0,-0.33000000000000007,0.11999999999999922,-0.19656095499058068,,0.4499999999999993,6.239671374015861,17.797264828866087,18.380546013212246
2022-02-09,0.004801789398451106,-0.0035835746392537614,,0.05789550299527046,,90514270.0,-0.16999999999999993,-0.17999999999999972,-0.018602554020546336,,-0.009999999999999787,6.157000171801804,17.686524051291844,18.32101807579805
2022-02-10,0.003632745543074911,-0.003409766554962346,-0.0007131795396220008,0.06391380367161352,0.042369756781829415,77603400.0,-0.16000000000000014,0.03999999999999915,-0.1907234482471445,0.4099120000000003,0.1999999999999993,6.086115418707319,17.94973266885802,18.167121798626614
2022-02-11,0.005947886215365017,-0.0009512227199600431,-0.0004046984534442104,0.0845865981244825,0.04825613382472894,166273000.0,-0.03999999999999915,-0.03999999999999915,-0.2793630885341081,-0.20995000000000097,0.0,6.145579512011755,17.35501955542394,18.92914157379599
2022-02-14,0.003366420266708303,0.0005337978219523976,-0.00034640185085775343,0.08382319962934776,0.04924644425129642,129249600.0,-0.009999999999999787,0.009999999999999787,0.3531514173913042,1.2601099999999992,0.019999999999999574,6.326346233760684,17.356469882001587,18.67725597657046
2022-02-15,0.0049956537238013965,0.0006299217805791457,-0.0005952458459157906,0.08169462955934002,0.0517396943057883,124113362.0,-0.1999999999999993,0.1899999999999995,0.3295998743961359,1.4499829999999996,0.3899999999999988,6.178504123191311,17.538791438795542,18.636705915611582
2022-02-16,0.0037339599976515814,0.0008434876607390507,-0.0006963104222639027,0.07746395181988817,0.05277695490864909,96861000.0,-0.23000000000000043,-0.07000000000000028,0.1948349131455398,0.9798190000000009,0.16000000000000014,6.147228211090879,17.5673648112396,18.38878751906529
2022-02-17,0.0026851922035673326,0.000653976992837535,-0.0005761239990794751,0.07558373861341795,0.05400364416337912,147070000.0,-0.39000000000000057,0.07000000000000028,0.3248924018341981,0.8399580000000011,0.46000000000000085,6.0918979444292525,17.53963649226528,18.806419221876496
2022-02-18,0.0016336059642299006,-0.0008623214430814486,-0.0006681740939043158,0.05960488388615794,0.054023904883823234,146194200.0,-0.3699999999999992,0.019999999999999574,0.16120781968305486,,0.3899999999999988,5.97319873830109,17.631774825000733,18.800446432810382
2022-02-21,0.003861234540466718,-0.002307852404516453,-0.0009298450571039227,0.04831705627975554,0.054425710763664384,171101600.0,-0.009999999999999787,0.17999999999999972,,,0.1899999999999995,5.975868559483426,,18.957768090075273
2022-02-22,0.0254643388659348,0.0037841461134307864,0.00037151349962479446,0.19692777451016413,0.1062114690239636,170270717.0,0.8000000000000007,0.46000000000000085,0.2554154742101229,,-0.33999999999999986,6.3088813771940355,18.470232522781615,18.952900181347026
2022-02-23,0.0,0.004530938112961102,0.0003495793455662892,0.18959466626872107,0.10621858544824077,171147230.0,0.8000000000000007,0.5299999999999994,0.479215287878759,0.9498909999999992,-0.27000000000000135,6.309900096243044,18.391351825285568,18.958034738176135
2022-02-24,0.06909953246513378,0.017813806165274393,0.0036400332724774217,0.49275564870301974,0.2607117318996329,211457927.0,0.9199999999999999,-0.11999999999999922,-0.002510236350458328,-0.4824389999999994,-1.0399999999999991,6.630604226836573,18.37035625380661,19.169536609948114
2022-02-25,0.02132212585951887,0.013876102186216599,0.0027124912467946026,0.5573054019807608,0.2742539630738993,138684257.0,0.9299999999999997,-0.4900000000000002,0.9746189003572283,,-1.42,6.838265855662298,19.14889364261655,18.747710374877606
2022-02-28,0.0757036501654067,0.02978907912739128,0.0062735080840183545,0.6721831374213155,0.3727581551701417,159500000.0,0.9700000000000006,0.6999999999999993,0.9958045224304826,1.0098894285714266,-0.27000000000000135,6.906164013590645,19.36996783473882,18.887554480189173
2022-03-01,0.022782821241738915,0.02013964710585654,0.005221547200072126,0.771648507711162,0.3855935265247035,145000951.0,0.9499999999999993,0.47000000000000064,0.9465113429020864,0.9998270000000016,-0.47999999999999865,6.77936493420962,19.877263470377933,18.79225085898403
2022-03-02,0.011609520643613536,0.022461551234579248,0.005708533548874938,0.7568184145267413,0.3859379507603145,183949422.0,0.9600000000000009,0.46000000000000085,1.0218911919061586,1.0149214999999998,-0.5,6.625670843818828,20.33126862816331,19.030171397351925
2022-03-03,0.01409831150903873,0.011461307043360236,0.006445729683531758,0.6340603259043207,0.38607975688368595,165013839.0,0.9499999999999993,0.3800000000000008,1.044242655425295,1.0500310000000006,-0.5699999999999985,6.601800608142754,20.27037584564845,18.921539901075008
2022-03-04,0.011117346212125234,0.017949201457689058,0.006843522116413063,0.5666315008674473,0.3861604188090001,211521400.0,0.7100000000000009,0.75,1.2239818442385353,1.2900029999999987,0.03999999999999915,6.555499129205115,20.23563577078361,19.16983673336515
2022-03-05,0.00961498213667955,0.004731467851943627,0.007603513311476208,0.24550500324116895,0.38323917855171924,207485464.0,0.6600000000000001,0.5,,,-0.16000000000000014,6.373695145743232,,19.150571842169153
2022-03-09,0.006195623889962754,0.01052715687828396,0.008091813613038906,0.046191286193153026,0.3809468031331848,210724273.0,0.33000000000000007,-0.4299999999999997,1.6371274689288846,,-0.7599999999999998,6.553805190678626,20.039998366924294,19.1660610738478
2022-03-10,0.002936859673310366,0.008792624684223326,0.008492439003050597,0.06886010915546338,0.3782766889585581,252090354.0,0.3100000000000005,0.0,1.6590978983180271,1.6900490000000001,-0.3100000000000005,6.511745329644728,20.0147978905279,19.345298128831907
2022-03-11,0.0007823196174472358,0.005816498458926134,0.008683842325955543,0.07716216047723103,0.37674997833362944,249892000.0,0.4800000000000004,-0.28999999999999915,1.4828195517018443,,-0.7699999999999996,6.534544366403305,18.876648834233638,19.336539382487636
2022-03-14,0.0022475213447750164,0.00404253348545609,0.008617879268893644,0.06320555111711657,0.377014448323845,250898900.0,0.3800000000000008,0.5399999999999991,1.5715219838209435,1.6199659999999998,0.15999999999999837,6.495537422301262,19.00596984810011,19.34056062711022
2022-03-15,0.0004881620795016417,0.0020219046422198517,0.008311400778661897,0.045229873495898146,0.3782459633672435,248810700.0,0.6600000000000001,0.5999999999999996,1.3155704973205395,,-0.0600000000000005,6.291365415104199,19.401417492685702,19.332202924335416
2022-03-16,0.005876608488985191,-0.00039254183356973726,0.007871256552200303,0.05515729340547077,0.3811128678182868,158087049.0,0.6600000000000001,0.4900000000000002,1.298314919659207,,-0.16999999999999993,6.309281712024872,19.379084042000805,18.87865638231582
2022-03-17,0.001828783189346872,-0.0013456704061011848,0.00802205991098385,0.04677360470119482,0.37992173049339373,142857425.0,0.7599999999999998,0.47000000000000064,0.6433194661438719,1.2400160000000007,-0.28999999999999915,6.409763613196232,19.548584808922506,18.77735766288915
2022-03-18,0.005486711482771689,-0.0022865487791660756,0.00793859555454956,0.05449091371685979,0.380652916138098,189927413.0,0.8499999999999996,0.47000000000000064,1.088792694425532,1.1499900000000007,-0.379999999999999,6.5053803912209505,19.230098252158186,19.062152520287988
2022-03-24,0.023609663004867443,-0.0074579856490945675,0.006686459592243142,0.147967470165225,0.3958216012263115,105263607.0,0.5700000000000003,0.5899999999999999,1.3480706707947334,,0.019999999999999574,6.693571469039399,18.575778215430923,18.471978304830813
2022-03-25,0.0010136848308466284,-0.0075630901993635645,0.006715979646213775,0.14644718671479082,0.39566320963069945,72892840.0,0.5099999999999998,0.5399999999999991,1.2099324547002315,,0.02999999999999936,6.554930058198152,18.846087620002997,18.104500975420052
2022-03-28,0.024641903936928777,-0.011316149288952282,0.005726423960667962,0.187634979178973,0.4089870538281153,68823654.0,0.33999999999999986,0.3699999999999992,0.6807442735582558,,0.02999999999999936,6.467869518971837,18.794097795394322,18.047058051954632
2022-03-29,0.02945236299995635,-0.01684086525107418,0.0031113429194350502,0.2016029923104081,0.41969658323554965,251529340.0,0.33000000000000007,0.4299999999999997,0.5809432728360306,,0.09999999999999964,6.423766309169706,18.63169912965382,19.343070200739575
2022-03-30,0.004807701568102729,-0.016705063268140384,0.0028824047495253965,0.20405492179596554,0.4204753759728068,157615168.0,0.1899999999999995,0.34999999999999964,0.21348239689689308,,0.16000000000000014,6.43060618157553,18.725787663137037,18.87566697441175
2022-03-31,0.010486987495247568,-0.009885733168117384,9.133117953081487e-05,0.2656485145324092,0.3467270059545982,121133523.0,0.1999999999999993,0.46000000000000085,1.1789859155948523,,0.26000000000000156,6.47055179508676,18.761038322846343,18.61240399102476
2022-04-01,0.010694156659445397,-0.007544164870058978,0.0016159160613862561,0.3009411567089309,0.33947536979793935,160882000.0,-0.27999999999999936,0.3699999999999992,1.0079771872545997,,0.6499999999999986,6.475001190636302,18.74464363537725,18.896181734977457
2022-04-04,0.02503969756726221,-0.007623723596125664,-0.0031813862115979774,0.30237481363246316,0.22123576516239074,78434281.0,-0.33000000000000007,0.05000000000000071,1.331639316301704,,0.3800000000000008,6.4039383700267045,18.866519746198804,18.177771647404427
2022-04-05,0.007938000830637115,-0.00014565083000697143,-0.0017184899224372142,0.24300809058071451,0.21235760241849067,68858632.0,-0.5099999999999998,-0.33999999999999986,1.6018938649666161,2.009988999999999,0.16999999999999993,6.363269453723511,18.998585409000032,18.047566149281728
2022-04-06,0.003649247368413988,8.604000993077676e-05,-0.0024450979230099534,0.2417438156322336,0.20679654731977493,114786480.0,-0.7400000000000002,-0.5399999999999991,1.5190446255893981,,0.20000000000000107,6.297495985500661,19.086919107955094,18.55858426487946
2022-04-07,0.02724964244737471,-0.007461285978593679,-0.004414048111410594,0.2841791172288365,0.21457618932841388,78361000.0,-0.8000000000000007,-0.7799999999999994,0.18709226432154935,1.5999550000000013,0.02000000000000135,6.302270929835968,19.092369326853742,18.176836912572252
2022-04-08,0.02121799309484551,-0.01384371592945186,-0.005953826173647296,0.243069146833495,0.2143223409464044,126169184.0,-0.6300000000000008,-0.9600000000000009,-0.12914041314603608,0.0033501666666690966,-0.33000000000000007,6.521283647366507,19.1058058334094,18.65313429441848
2022-04-11,0.011134172669357234,-0.006608941882127972,-0.005881483767329311,0.2720353354587546,0.21577254496166287,110635143.0,0.10999999999999943,0.39000000000000057,0.3882460770218188,0.7229883333333333,0.28000000000000114,6.810704585362041,19.435110378292535,18.52174834522486
2022-04-12,0.00042405508887810583,-0.008111731030479774,-0.00615632037690477,0.2511500633110207,0.21260523516774943,99782403.0,0.6500000000000004,0.16000000000000014,1.0506255775407602,0.9674595882352932,-0.4900000000000002,7.0393272531996045,19.723288558340055,18.418502403089736
2022-04-13,0.005673931893231732,-0.00624709517815063,-0.006025983604527562,0.26962822176808726,0.2142850433267211,79096078.0,0.5299999999999994,0.5,1.3223594757295611,1.3886256499508498,-0.02999999999999936,6.808818531122114,19.485579394322453,18.18617384870204
2022-04-14,0.006193339858588942,0.00044150128304210057,-0.005693809343763935,0.20141385148760102,0.2177699787790638,80997014.0,0.5099999999999998,-0.02999999999999936,1.326990834987754,1.4745876050058957,-0.5399999999999991,6.826002777109878,19.776129224901155,18.20992284775968
2022-04-15,0.0038514490525258793,0.005455389712516379,-0.0056174318338710364,0.06185349807975821,0.21857633709711974,82086000.0,0.5199999999999996,-0.16999999999999993,1.167553775847825,1.4806263238705597,-0.6899999999999995,6.731220943869785,19.648231393404785,18.223278036130306
2022-04-18,0.02899399746846676,-0.00257024431504842,-0.006974852566678899,0.23721443868049158,0.23203881388146905,93057000.0,0.4499999999999993,0.2400000000000002,1.3296728019907693,1.5511053139120108,-0.20999999999999908,6.604986641111885,19.57903883701743,18.348722766594864
2022-04-19,0.008466230880813441,-0.0009618091566613529,-0.006291860215736108,0.25012907884369556,0.2381335014006472,98722150.0,0.47000000000000064,0.08000000000000007,1.3665696752008394,1.532600203745245,-0.39000000000000057,6.679385595196329,19.629542577474474,18.40781989665243
2022-04-20,0.007652524403114924,-0.0036271004159306843,-0.006569181225915538,0.24570921976816512,0.2376122103942419,83774971.0,0.4900000000000002,0.4900000000000002,1.3166950709056096,1.5114995560779043,0.0,6.63200177739563,19.687966318490055,18.243644845422264
2022-04-21,0.0009033424281863489,-0.004685099902011203,-0.006264892944441346,0.23502703007923947,0.23900599449522547,60150000.0,0.5500000000000007,0.2599999999999998,1.1528322733764789,1.4499434584534754,-0.2900000000000009,6.669396561861447,19.664016558999112,17.912352000384963
2022-04-22,0.002254792387089033,-0.005004431235098572,-0.005033252211491038,0.2316221450054713,0.23204839504557812,68935555.0,0.47000000000000064,0.22000000000000064,1.3793409123424105,1.531235981218508,-0.25,6.701063157734742,19.66925782095801,18.04868264061805
2022-04-25,0.012756131344437094,0.0033455945274821985,-0.00437754667933467,0.12370209223164441,0.2398260599526667,49794173.0,0.4800000000000004,-0.4299999999999997,1.2842347279898227,1.4905192916666667,-0.9100000000000001,6.6973181579774215,19.656152215337674,17.723408527116778
2022-04-26,0.006207069363319384,0.002893762223983387,-0.0029085479507514242,0.1187511190094098,0.23061451939052033,67135000.0,0.4299999999999997,-0.5299999999999994,1.4634077679797084,1.574581654320987,-0.9599999999999991,6.655375998232743,19.62993955270754,18.022216075488945
2022-04-27,0.013348362823427884,0.001754594539920795,-0.002141690799488164,0.15266219923894545,0.21336140709497403,115572164.0,0.3800000000000008,-0.4900000000000002,1.51270717753677,1.6223950581395332,-0.870000000000001,6.662391680766084,19.634257284420997,18.565405689358826
2022-04-28,0.002242153405688896,0.0011254953731457463,-0.002019521839373219,0.15537628774200068,0.2131424689134375,110592394.0,0.41999999999999993,-0.3699999999999992,1.4393704946913104,1.5824234823680055,-0.7899999999999991,6.7373701981605505,19.759490338500513,18.52136187434414
2022-04-29,0.013332024381398355,-0.0019918679805517314,-0.0031537605001658825,0.18484735008695546,0.21149695051602996,96139500.0,0.5299999999999994,-0.28999999999999915,1.387727928933959,1.4718751251559734,-0.8199999999999985,6.7701699660295125,19.77129352180407,18.381310819667657
2022-05-03,0.0020452228467684463,-0.004134049680085461,-0.003565614491245737,0.14158773576048614,0.20642289561242633,86495000.0,0.46000000000000085,-0.13000000000000078,1.4540622582298184,1.5434076426186891,-0.5900000000000016,6.712251213471345,19.778410688964904,18.275597166763216
2022-05-04,0.006833739578565812,-0.0067422114684625,-0.002698664110831623,0.1078254173230061,0.19166584750391485,128310000.0,0.4399999999999995,0.13000000000000078,1.493544978127881,1.5647605000000002,-0.3099999999999987,6.672969215883853,19.942436509026138,18.669959768871202
2022-05-05,0.024995515603714047,-0.009071642024519733,-0.004266926798181679,0.16780402588032492,0.20229573675396395,138825998.0,0.3699999999999992,-0.09999999999999964,1.4153826622302628,1.6323210896614828,-0.46999999999999886,6.555726666963144,19.773806043680743,18.748731893973
2022-05-06,0.03051170200560449,-0.0025208709422610553,-0.0026402149232284174,0.33228492557080974,0.23549722641854562,79544000.0,0.4399999999999995,-0.1899999999999995,1.39204813114754,1.5646935714285721,-0.629999999999999,6.714388952655429,19.312678783257475,18.191820885642045
2022-05-11,0.0017714796483820905,0.0004998298636950338,-0.0012582567281923794,0.3183335295766244,0.21810085126126733,85520000.0,0.14000000000000057,-0.23000000000000043,1.726855084073435,1.8617071052631573,-0.370000000000001,6.668596668471244,19.49675767481521,18.264260824681063
2022-05-12,0.015319837747536091,-0.0029731822551658737,-0.0009773921878443118,0.33638193242912756,0.2121762342704726,112045924.0,-0.39000000000000057,-0.08999999999999986,2.074630873779956,2.3887230893854774,0.3000000000000007,6.654642091045495,19.43373514425883,18.534419380931983
2022-05-13,0.006936443996657715,-0.0029937231387842543,-0.001837897743368833,0.33645697292057664,0.20837936989137257,152324926.0,-0.4900000000000002,-0.6899999999999995,2.019047476190476,2.4844398888888897,-0.1999999999999993,6.6321862136141565,19.162618088681743,18.841526468295335
2022-05-16,0.003474236268186992,0.0027002272355959533,-0.0016926510205446004,0.2740971758683442,0.20906331357072522,105774615.0,-0.1899999999999995,-0.47000000000000064,1.321957178552232,1.5583588563538626,-0.28000000000000114,6.729262383501663,19.269548799509085,18.476821114762316
2022-05-17,0.004383442247791081,-0.0025254247159667287,-0.0017541029084227268,0.13407754858255924,0.20853750182968062,76600000.0,0.10999999999999943,-0.4499999999999993,0.5016121004177485,1.8474970555555572,-0.5599999999999987,6.690419827950904,19.269266346272477,18.15410763471082
2022-05-18,0.004383442247791081,-0.003756409095201363,-0.002257759199202728,0.1286614141117408,0.20666891050843617,97872000.0,0.2699999999999996,0.009999999999999787,0.6779503731454,1.6797591891891877,-0.2599999999999998,6.621392336096254,19.412449937002425,18.399171060464482
2022-05-19,0.010459130790137827,-0.0027842677037217102,-0.002939215382186714,0.10325949097077526,0.20728339982233288,54848201.0,0.34999999999999964,-0.019999999999999574,1.3089988387037383,1.6185919999999996,-0.3699999999999992,6.587205602904739,19.41965684244513,17.820079945606153
2022-05-20,0.004683849312425714,-0.00233374876687531,-0.0017815892795180926,0.09869023172691165,0.18465274989157388,128842882.0,0.16000000000000014,-0.09999999999999964,1.5333558939725798,1.7926420555555556,-0.2599999999999998,6.468583427808069,19.32303481008765,18.67410425100665
2022-05-23,0.01418463499195699,-0.005865523018904107,-0.0028602019401262084,0.11195272609101758,0.18548289501047913,66546215.0,0.5199999999999996,0.0,1.176081313779937,1.440301580645162,-0.5199999999999996,6.564052968252204,19.478818200054757,18.01340722665755
2022-05-24,0.009569451016150587,-0.00865610167169244,-0.0029514841597945733,0.06578073555908576,0.18622432762914704,137525258.0,0.8499999999999996,-0.09999999999999964,0.9317080952241437,1.1528371764705891,-0.9499999999999993,6.676554354040194,19.648272413876935,18.739318152746577
2022-05-25,0.003250469364050268,-0.008429507094944277,-0.00314928472132965,0.07072299283360617,0.18569610114784207,166125000.0,0.8900000000000006,0.1999999999999993,0.9617675242966754,1.112963333333333,-0.6900000000000013,6.724589365819652,19.78421811794964,18.928251074997682
2022-05-26,0.020291935218901713,-0.0022792938931363695,-0.002290373157909999,0.21165383614279049,0.20209762944932036,143314150.0,0.8699999999999992,-0.05000000000000071,0.9249759932151775,1.1335325294117649,-0.9199999999999999,6.644362485760242,19.0220744122607,18.780549631817472
2022-05-27,0.02761930497256948,0.004181336963862669,-0.00158260298514179,0.2959770555143788,0.22165314565169025,120588500.0,0.9199999999999999,0.5600000000000005,0.9870745258774516,1.0822233000000008,-0.35999999999999943,6.702156906883676,19.633216778938788,18.607894481160052
2022-05-30,0.031526253646774194,0.000713013232899229,-0.0033794278903843413,0.3780076095552693,0.24250509138086696,114986000.0,0.7899999999999991,0.2699999999999996,,,-0.5199999999999996,6.508977759023789,,18.56032093978628
2022-05-31,0.00826939148250716,0.004280781732630778,-0.002350011018673149,0.36853279758674784,0.24287012189923513,195943500.0,0.8900000000000006,0.03999999999999915,0.9331443576477199,1.104629352941176,-0.8500000000000014,6.675406993788242,19.617931002517476,19.09333691033224
2022-06-01,0.010043512300809354,0.006939578065602703,-0.0017649793183637083,0.3634672650166918,0.2466384797198367,95518068.0,0.8800000000000008,-0.17999999999999972,0.9872259540679185,1.1194794705882352,-1.0600000000000005,6.614470876075316,19.829958941462632,18.37482598127336
2022-06-02,0.01321334986345768,0.005523860994513896,-0.0005009138781324685,0.3503210285482832,0.24809015214927538,69888645.0,0.5500000000000007,0.33000000000000007,0.47790218825391584,1.448140454545456,-0.22000000000000064,6.737654740405138,19.160960334413733,18.06241374765627
2022-06-03,0.0023014969882790837,-0.00046029939765581675,-0.0007079005369442557,0.29076684036625916,0.24798498791181017,77391175.0,0.5800000000000001,-0.8699999999999992,0.3331589541253166,1.3978141081081077,-1.4499999999999993,6.750469690459392,19.104746038751518,18.164383313971545
2022-06-06,0.00461894585629441,0.00492116216044014,-0.0006024341692170461,0.12534579002557691,0.24741365710912336,63252500.0,0.2599999999999998,-0.6099999999999994,0.03888954536450662,1.2384895128205127,-0.8699999999999992,6.410322897327142,19.161997267440682,17.962645210482485
2022-06-07,0.0018535686493237336,0.0028965701340739614,0.0004995633048015403,0.1288628337148524,0.23111605014707456,119380446.0,-0.05000000000000071,-0.5999999999999996,0.5374704996990776,1.6974414117647072,-0.5499999999999989,6.5151718447045335,19.32046804020744,18.59782597666697
2022-06-08,0.006472514505618143,0.002182370575035719,-0.0006451599094835238,0.11845925852838544,0.20534906827154892,57454530.0,-0.3200000000000003,-0.8800000000000008,0.7763004116899648,2.0201100000000007,-0.5600000000000005,6.552693319199044,19.27976600205574,17.866504410325383
2022-06-09,0.005514719858510375,0.0006426445740462583,-0.00046691037566789123,0.07949463343818468,0.2063112764220001,81698000.0,-0.35999999999999943,-0.8900000000000006,1.4527818014158562,1.9591975999999995,-0.5300000000000011,6.468598941906506,19.219713802143364,18.218540079726434
2022-06-10,0.0009170106098812525,0.0009195418497258245,0.00021893853564900585,0.07682715654671976,0.1991550940067738,94797575.0,-0.5800000000000001,-0.9199999999999999,1.2650286579634464,1.9598276666666674,-0.33999999999999986,6.426261894577431,19.070398366584975,18.367254386729297
2022-06-13,0.002977215069840611,0.0024387740349528287,0.0006910175388155928,0.05924186827296541,0.19762219340047132,69963145.0,-0.6699999999999999,-0.9399999999999995,1.6377602380157406,2.1484192238805964,-0.2699999999999996,6.3218468490917905,19.160950031581045,18.06347916136384
2022-06-14,0.00011434452016345631,0.002786618860784884,0.0005201327393703334,0.052167234481192454,0.19737622343308,96488220.0,-0.75,-0.5299999999999994,0.8599628080763537,2.1585976315789477,0.22000000000000064,6.273235432869815,19.487079710255824,18.384931486318894
2022-06-15,0.003994299176460103,0.002290975794953276,0.0005016021169260011,0.04335913635682736,0.19728483364275357,75503069.0,-0.8000000000000007,-0.7799999999999994,0.2232356858029494,1.545665152542373,0.02000000000000135,6.25776336873612,19.36769464846936,18.13968386239973
2022-06-16,0.011707958958989906,0.003529623615049182,0.0012678593172489052,0.07955382051446107,0.20011897020928143,148583500.0,-0.8900000000000006,-0.7899999999999991,-0.11099973764597593,0.45956800000000086,0.10000000000000142,6.284432623989,19.475104265766266,18.816657647743778
2022-06-17,0.004111579985902836,0.004535341734206,0.001961702687536556,0.06917993229944658,0.19567659784302363,103825609.0,-0.9299999999999997,-0.9399999999999995,-0.16621011335659475,0.07280214285714415,-0.009999999999999787,6.318229102005774,19.644255273041978,18.458223213103185
2022-06-20,0.0011204482964890516,0.004163988379535688,0.0022380978117705922,0.07296676650249612,0.19422043095492167,76692081.0,-0.5800000000000001,-0.8300000000000001,,,-0.25,6.486602764429265,,18.155309014592603
2022-06-21,0.006696453595121277,0.005526148002592634,0.003232435363536224,0.06317084598686463,0.1852352983550255,97226607.0,-0.8900000000000006,-0.7799999999999994,-0.05792155664625476,0.25922061538461705,0.11000000000000121,6.210057761323374,19.334492405469337,18.392554966540096
2022-06-22,0.014795455938613422,0.007686379355023298,0.004392669028048796,0.08823665901997704,0.1832364522451427,126856400.0,-0.9199999999999999,-0.9499999999999993,-0.09286048157209947,0.3947348333333327,-0.02999999999999936,6.241600503485793,19.075643074667337,18.65856629602813
2022-06-23,0.023290875705439085,0.010002962704313135,0.005656542602786384,0.14288756396690291,0.19213761275944685,163461499.0,-0.9100000000000001,-0.9299999999999997,-0.06311053335364036,0.3301797919075167,-0.019999999999999574,6.23687826706792,18.916291201911875,18.91208804044946
2022-06-24,0.00010707211317040333,0.009202061129766648,0.004695358645370608,0.15555602747234537,0.185368791951074,99219957.0,-0.9299999999999997,-0.9199999999999999,0.5141341135324176,0.5353517619047619,0.009999999999999787,6.4980411565845575,19.040450454707535,18.412849731456717
2022-06-27,0.01510276818575651,0.005957417833317535,0.002660974209259846,0.232341174795157,0.1777184879089061,122607165.0,-0.9199999999999999,-0.9800000000000004,0.1843909046321528,0.41991400000000034,-0.0600000000000005,6.559615237493242,19.027725225458898,18.624496021846806
2022-06-28,0.0006519613400550739,0.004748519382304295,0.004193270161013621,0.23507653243715482,0.1276205124345639,103821869.0,-0.7699999999999996,-0.9100000000000001,0.9488791528545111,0.2527584827586189,-0.14000000000000057,6.3910624769380995,19.419472697338264,18.458187190513012
2022-06-29,0.01658984509445105,0.005107397213471821,0.004589482237772853,0.24019741468746675,0.1340612437236832,88427279.0,-0.7799999999999994,-0.9000000000000004,1.7019335868263479,1.026107923076923,-0.120000000000001,6.346407992868566,19.626651550940974,18.297691065977865
2022-06-30,0.004264398786457235,0.0013021018296754505,0.004314286356137039,0.17985558842148408,0.13258546127682544,88145899.0,-0.6099999999999994,-0.8300000000000001,1.0857208669683232,2.3155787928231,-0.22000000000000064,6.3839626119917225,19.213673259482025,18.29450394275372
2022-07-01,0.010910366007565564,-0.0009013857944717429,0.0031655379813264077,0.2003115581062578,0.13839238008635174,79441250.0,-0.9399999999999995,-0.8300000000000001,1.174828717629845,2.0510873333333333,0.10999999999999943,6.459920103707352,18.733299301694178,18.190528312723416
2022-07-04,0.005577020032203173,0.0032345718491201937,0.0035407054584922293,0.1570814587792839,0.13715642749855894,79697392.0,-0.9499999999999993,-0.8900000000000006,,,0.05999999999999872,6.4030276910112125,,18.19374742051488
2022-07-05,0.003213714603096385,0.002461436660489902,0.00360762123245404,0.16335746094697715,0.13618602548422531,109219902.0,-0.9900000000000002,-1.0199999999999996,0.16963260507937683,,-0.02999999999999936,6.112863260538543,19.128218876247672,18.50887385741632
2022-07-07,0.029392114738554298,0.005021890589310551,0.005095510917591089,0.24028412804092655,0.1611274443740888,102744993.0,-1.0199999999999996,-0.9800000000000004,0.0074096529999998495,0.3700039999999998,0.03999999999999915,6.1374462371230445,19.11382792451231,18.44776068022627
2022-07-08,0.013425836238067035,0.0014838435844056973,0.004147970405987033,0.274221237190608,0.17327118383917395,111230999.0,-1.1999999999999993,-1.7100000000000009,0.1180511740852026,-0.8000470000000011,-0.5100000000000016,6.272933608717819,18.767280099193492,18.52711966891779
2022-07-11,0.002114165692335135,0.003243083647451783,0.0037846901416610564,0.255656268143994,0.17452377245585793,192980544.0,-1.0199999999999996,-0.9800000000000004,0.11988425455109919,,0.03999999999999915,6.160426426158207,18.813742581876692,19.07809993349751
2022-07-12,0.004223871116185052,0.002972453864248159,0.004029494033378499,0.2550578009901503,0.17368530383112438,84253175.0,-1.0199999999999996,-1.33,-0.08742710076489679,,-0.3100000000000005,5.886465077376342,18.751673711041274,18.249336811946606
2022-07-13,0.004206105044273656,0.004456417793722167,0.004088012603589597,0.2490898582219214,0.1736436575576904,102361000.0,-1.0,-1.0,0.04513605071733373,,0.0,5.917495026907807,18.720370435528423,18.44401633864933
2022-07-14,0.00727671327293411,3.333750059812957e-05,0.004439967736594243,0.1311930311309589,0.17327707306948378,96223194.0,-1.0,-1.0299999999999994,-0.20202718230191685,-0.19419000000000075,-0.02999999999999936,5.890593936723008,18.72586132065818,18.382180988446652
2022-07-15,0.002538547733333729,0.003226214294878282,0.004370646239302511,0.05461995252329284,0.17339758914548492,159600000.0,-1.0,-1.1799999999999997,-0.2508848714340033,,-0.17999999999999972,5.906178952825622,18.694137109140165,18.888181242979982
2022-07-18,0.010645545214925,0.00577815647633031,0.0043200551086327536,0.05102077638788238,0.17286939578105284,131183750.0,-1.0,-1.0199999999999996,-0.033887147063556,,-0.019999999999999574,5.911203065505174,18.63820855648094,18.692109570096072
2022-07-19,0.012829974231467922,0.002367387406799715,0.0035133144316150983,0.14353034330299314,0.182803246149225,215827204.0,-1.0,-1.0700000000000003,0.11420642479773235,0.44990800000000064,-0.07000000000000028,6.220093028652761,18.789551021590974,19.189988664011015
2022-07-20,0.003326752210494277,0.002191516840043839,0.0036183765227582043,0.14295525435029394,0.18259901286768004,120852050.0,-1.1400000000000006,-1.0399999999999991,0.23252554841796425,,0.10000000000000142,6.310663455058738,18.541667531001192,18.610077628147387
2022-07-21,0.0023842855850206846,0.0012130313024611538,0.0034130351889438905,0.13604346028285333,0.18229386369656192,73591442.0,-1.0,-1.1400000000000006,0.16655606493806197,0.6999110000000002,-0.14000000000000057,5.647282667416716,18.45967066124356,18.114039299764478
2022-07-22,0.005398684208717697,-0.0003744150859491313,0.0024514094676424086,0.14267924915866298,0.17981175062010393,85912000.0,-1.0,-1.08,0.2389735380116953,0.6000770000000006,-0.08000000000000007,5.701780471985528,18.44634849070094,18.26883407452019
2022-07-25,0.00584674874999358,-0.0036728738789328476,0.001063903541193234,0.10567003802214757,0.16498037317361106,174194086.0,-1.0,-0.9100000000000001,0.15288061335846415,-0.024877000000000038,0.08999999999999986,5.9720013621947174,18.670645372774835,18.975680672323026
2022-07-26,0.005221943981151611,-6.24902364089408e-05,0.0013074688682399582,0.0822306915853295,0.16555704737444363,97211275.0,-1.0,-1.0500000000000007,0.3246514234174782,,-0.05000000000000071,5.928231839691119,18.507757118829588,18.39239726064581
2022-07-27,0.006688988150796327,-0.0020656383086670614,0.0017081250603809192,0.08683661722602483,0.15741416302778585,145767250.0,-1.0,-1.0,0.4194763503949144,,0.0,5.781360609301576,18.54792113968686,18.797521729536438
2022-07-28,0.005646778572352851,-0.0014131397112006282,0.0019459735000141468,0.09953038326429657,0.1579419463734593,93507498.0,-1.0,-0.9900000000000002,0.6214726960057444,0.4999300000000009,0.009999999999999787,5.9410918814433105,18.45070545705806,18.353552183557035
2022-07-29,0.005227403435151601,-0.0013788835564874091,0.0009070569033664015,0.09910480433625342,0.1503543946068033,116409954.0,-1.0099999999999998,-1.1099999999999994,0.5099509999999992,0.5100789999999993,-0.09999999999999964,5.995082992630693,18.494767287305063,18.57262860506929
2022-08-01,0.006269613013595077,0.0010443887962303222,0.0010025432951348702,0.10197979067129118,0.1510772840880265,71837970.0,-1.0399999999999991,-1.3800000000000008,0.41383090728867344,,-0.34000000000000163,6.042585326615696,18.454183216006367,18.089923724320666
2022-08-02,0.012051495086812913,-0.0024102990173625826,0.0009482038151707107,0.12784974534027815,0.1522581521244717,176642450.0,-1.0099999999999998,-0.9700000000000006,0.16137292094514066,,0.03999999999999915,5.945839369081707,18.662088484872157,18.989638190974933
2022-08-03,0.002421946110970019,-0.0005881121650093135,0.0007979621998738938,0.12496950590386799,0.15143966290559452,90996000.0,-1.0099999999999998,-1.0,0.5910784553163495,0.5100259999999999,0.009999999999999787,5.99248902215417,18.510850461462955,18.326326107471072
2022-08-04,0.003988669085757124,-0.0009197340623284589,0.001140932851724061,0.12022204009142265,0.15109051543428162,65683197.0,-1.0,-1.0700000000000003,0.38102121978643666,0.9999110000000009,-0.07000000000000028,6.1878328185852025,18.43190827863535,18.000353697319696
2022-08-05,0.0014676593472087163,-0.000167785244739882,-0.00032858019997893974,0.11456489179809665,0.11084340056344195,77327265.0,-1.0,-1.0,0.23189546172530484,0.7999349999999996,0.0,6.194527832587999,18.585627902913266,18.16355716805597
2022-08-08,0.0014676593472087163,-0.0011281759780171542,0.0003806338755103817,0.10194288978529903,0.10016208398337371,87009000.0,-1.0,-1.0,0.17976123935818578,0.5003200000000003,0.0,6.16709711575114,18.419099494436036,18.281522119544316
2022-08-09,0.005119910875958311,0.002306105214537091,0.0007251137120957839,0.040242920882511884,0.1010229015709598,60187300.0,-1.0,-1.0299999999999994,0.18975129683364322,,-0.02999999999999936,6.111001599133422,18.4405814056587,17.91297192456798
2022-08-10,0.001982161203991417,0.0014252837515448037,0.00042958836351595205,0.0503267032953609,0.10060132687575654,100131000.0,-1.0,-0.9900000000000002,0.178950321342926,-0.3000120000000006,0.009999999999999787,6.105663389432819,18.64462397543714,18.421989886650994
2022-08-11,0.00439561147303813,-0.00025157236021424725,1.9982815072533676e-05,0.05803183336402399,0.10094499116222441,90883804.0,-1.0,-0.9600000000000009,0.015462870242407334,,0.03999999999999915,6.364113720941144,18.64642890033595,18.325092369455486
2022-08-12,0.00020975354036067984,8.3910217299632e-05,-0.00031653907695477254,0.05703051806641826,0.09745184516621526,90487095.0,-1.0,-1.0199999999999996,0.04355927340824017,,-0.019999999999999574,6.40004147514509,18.891933592598534,18.3207178018172
2022-08-15,0.0012591816983782422,-0.0004614579918177597,-0.0004973833356077236,0.05614094856431411,0.09693655328439241,108611431.0,-1.0,-1.0,0.13581634182419933,0.4999210000000005,0.0,6.357148785204302,18.824865032160808,18.50328721775178
2022-08-16,0.0011543104277667027,-0.0012545780814560814,-0.0009493468969009758,0.033993786297957594,0.08838858528463162,85038000.0,-1.0,-0.9600000000000009,-0.023731793887469266,,0.03999999999999915,6.326024241700372,18.79684061766794,18.258608773377098
2022-08-17,0.0005245213862723475,-0.0009630501179122674,-0.00036337295189166276,0.03360109021926074,0.07710694041079462,87730000.0,-1.0,-0.9900000000000002,-0.025266940815772188,,0.009999999999999787,6.350047669316016,18.837277003622248,18.289774474104565
2022-08-18,0.0005247966533454829,-0.000188887153973738,-0.000546780040645937,0.014493065085041152,0.07592979276561802,98994540.0,-1.0,-0.9399999999999995,-0.4239767783261392,,0.0600000000000005,6.37980045113741,19.177154774372635,18.410575255062813
2022-08-19,0.0006297229427243423,-0.00010489327350100552,-0.0006303306426600486,0.015492989669161076,0.07531718466821485,89470021.0,-1.0,-0.8399999999999999,-0.011546082202112729,0.35006263636363677,0.16000000000000014,6.33776334454693,18.702847635716036,18.3094141662393
2022-08-22,0.007900183291746465,-0.0014330935921746501,-0.0007494496466137994,0.05855500437862502,0.07777116873582118,92925000.0,-1.0,-0.7799999999999994,-0.022005356066044257,,0.22000000000000064,6.369438547154207,18.752140438750033,18.34730327414759
2022-08-23,0.015560369374767014,-0.004776029552681393,-0.0012120030096982486,0.10981923987786062,0.09180599753126602,103368420.0,-0.9600000000000009,-0.8499999999999996,-0.03852366942056484,,0.11000000000000121,6.318265164032464,18.780534629697115,18.453810057528944
2022-08-24,0.0021505384632289903,-0.005101232968072722,-0.0015630736022878011,0.10640713538873241,0.08879888675103254,174521543.0,0.03999999999999915,-0.75,-0.4646626264199547,,-0.7899999999999991,6.62472901806655,18.955886736443734,18.977558747574136
2022-08-25,0.0021505384632289903,-0.004566165944757827,-0.0011421437635246907,0.11500388439789919,0.08764165946574651,143309705.0,0.47000000000000064,-0.5,0.42056563866877994,,-0.9700000000000006,6.887654607275135,19.569669239945544,18.7805186155575
2022-08-26,0.015983291774810837,-0.0014954521783405283,-0.0006499288491219295,0.1875059871002672,0.10359325232406545,92110000.0,0.75,-0.47000000000000064,0.9058871701383318,,-1.2200000000000006,6.812510097065403,19.57621197334458,18.33849407296442
2022-08-27,0.012766130823035127,-0.0024686416845982606,-0.0010089158675925737,0.2006953891466859,0.11082942229821136,113100000.0,0.5399999999999991,-0.6199999999999992,,,-1.1599999999999984,6.601922813543027,,18.54378294108635
2022-08-31,0.013083205285344235,0.003260073247423989,-0.0006844590927473756,0.18541928329601878,0.11870131891303458,55089266.0,0.6300000000000008,-0.34999999999999964,0.955464331203606,,-0.9800000000000004,6.513215274006988,19.75860647704398,17.824465445707933
2022-09-01,0.004554368937824016,0.002779307152504984,-0.00032745308565266623,0.19055267613908997,0.11232515002158906,77774533.0,0.7100000000000009,-0.28999999999999915,0.9902534528718689,,-1.0,6.554175539950707,19.419840953648816,18.16932459622979
2022-09-02,0.0,0.002349199459859186,-0.00044278385284171476,0.19160842672421544,0.11189068328647091,42838424.0,0.7899999999999991,0.33999999999999986,0.8491878938406501,,-0.4499999999999993,6.533352696325791,19.33863409291242,17.572946014818573
2022-09-05,0.0031796529173799826,-0.00021152831162698504,-0.0004813084322882453,0.15159388376732916,0.11152145148763139,88628147.0,0.5999999999999996,-0.07000000000000028,,,-0.6699999999999999,6.384047029385132,,18.29996005135397
2022-09-06,0.0,0.00234169785298004,-0.00041141989194497307,0.10488142869025553,0.1114737737115585,92826110.0,0.5899999999999999,-0.2400000000000002,0.4705507529909383,,-0.8300000000000001,6.138007792213395,19.50268250514834,18.34623851594138
2022-09-07,0.0023253366359980987,0.00019012412311081306,-0.00037057811628833583,0.047675698110956004,0.11169531309717122,68266035.0,-0.0600000000000005,-0.2599999999999998,0.8232505341262524,,-0.1999999999999993,6.253059284796445,19.072740269707488,18.03892290948902
2022-09-08,0.004003798415649129,0.0019017575938054421,-0.00042372632868401114,0.02912482851053014,0.11106919362313021,61561642.0,-0.5500000000000007,-0.6899999999999995,0.1958488519359527,,-0.1399999999999988,6.227386110781407,19.00178401352921,17.935549539743622
2022-09-09,0.005482932335614699,0.0008051711266825023,-0.0005904297159041674,0.060640219642706515,0.11234284487495699,92252450.0,-0.8900000000000006,-0.8200000000000003,-0.04878778958899588,,0.07000000000000028,6.489159337580771,19.042471547860497,18.340039398797828
2022-09-12,0.0006341824544016106,0.00029607703408682793,-0.0003509157193594179,0.0569406108942551,0.11154456893833459,107288880.0,-0.9600000000000009,-0.9100000000000001,-0.026140912853202636,-0.039909999999999,0.05000000000000071,6.3620966353759,18.87889009331539,18.491035567561333
2022-09-13,0.0010571943050408095,8.463817307866606e-05,-0.00041124656914044114,0.057775449830368954,0.1115506710255377,66326345.0,-0.8300000000000001,-0.9100000000000001,-0.14030101264911998,-0.16984700000000075,-0.08000000000000007,6.0068456491462845,18.76956844587353,18.010097736711977
2022-09-14,0.0021132721305150426,4.2225271982054835e-05,-0.00025065352966933236,0.057274753690623854,0.11183904089332139,45621164.0,-0.16000000000000014,-0.9100000000000001,-0.7608984962406016,-0.5050296198704096,-0.75,5.788705561574039,18.349184742247296,17.635882289619957
2022-09-15,0.005893513164550335,0.000420168221762296,-2.4977208870111783e-05,0.0663599544429358,0.11377734170964171,78097466.0,-0.5199999999999996,-0.8100000000000005,-0.44169551260504214,0.03377743538510991,-0.2900000000000009,5.7214586596691435,18.63094166943556,18.173468168700957
2022-09-16,0.00210084110881148,0.0010965864671229398,-0.00010004005280054666,0.04964451755284525,0.1139953701457667,75642789.0,-0.15000000000000036,-0.3699999999999992,-0.43988699497695904,-0.8499660000000002,-0.21999999999999886,5.882625767073831,18.684582287738742,18.14153267310016
2022-09-19,0.005557608810106807,0.002081271738263979,0.0001895983026019433,0.058304608761951086,0.1156450908351237,54284001.0,-0.03999999999999915,-0.39000000000000057,0.33164828193832285,,-0.3500000000000014,6.1919738659132575,18.952778502993898,17.809740100605033
2022-09-20,0.0037716126427636,0.001538388070719421,-1.998910623081583e-05,0.06960018539896973,0.11643638718301662,84224668.0,0.17999999999999972,0.08999999999999986,0.7663490122446124,0.27010633333333445,-0.08999999999999986,5.957726775123123,18.960117147913436,18.248998405426622
2022-09-21,0.008049805634364304,0.0027256947714892734,0.0007395341759649351,0.08396677563424491,0.11594349903848294,99124500.0,0.15000000000000036,0.07000000000000028,1.1714027882049631,,-0.08000000000000007,6.112420322077599,18.927612797602343,18.411887193770372
2022-09-22,0.0022933398980757858,0.001088324158964049,0.0013712974843788032,0.08462100780091958,0.10052627040165593,102409999.0,-0.13000000000000078,-0.05000000000000071,1.2187640727204183,1.4633500000000002,0.08000000000000007,6.03925421094383,18.91804415742911,18.44449491228695
2022-09-23,0.005619746291694483,0.002632441639065242,0.0017413110441370637,0.08403886340473678,0.10069977211978902,92272741.0,-0.16000000000000014,-0.03999999999999915,1.3943434079703305,1.409917,0.120000000000001,6.073505257444191,18.777690631791128,18.340259325410255
2022-09-26,0.007500035156546403,2.091284573459973e-05,0.0012817599193858545,0.1041305188812336,0.10563392030981063,152191000.0,-0.07000000000000028,-0.3100000000000005,1.3996943714446282,1.319827,-0.2400000000000002,5.835745972108561,18.8915902128015,18.840646868923347
2022-09-27,0.0006271558687842571,0.0009006665480441711,0.0005505153524322079,0.09857167542046422,0.09109959530856797,125769187.0,-0.10999999999999943,0.10999999999999943,1.3544823523593088,1.609957999999999,0.21999999999999886,5.948687517751924,18.728165443700327,18.649958935821797
2022-09-28,0.0010454784015525576,-0.0009183902591392012,0.001108641658217092,0.0754501138546405,0.0775526279135393,124338550.0,-0.15000000000000036,0.23000000000000043,1.9595858567244822,,0.3800000000000008,5.869014387351418,18.880861284249338,18.638518645164364
2022-09-29,0.002094241603114888,-0.0008785706001470217,0.00038590609209999103,0.07523446701518204,0.06479766645217469,151579303.0,-0.25,-0.10999999999999943,1.55748680960534,1.750036999999999,0.14000000000000057,5.791610185021721,19.07116569613323,18.83661949810563
2022-09-30,0.0014685830815270862,-0.0022962364747913357,0.0005328482757331781,0.04887437912060795,0.06268044171315908,116155464.0,0.17999999999999972,-0.39000000000000057,1.1354633262213891,1.3199740000000002,-0.5700000000000003,5.971618918887276,18.935723463258373,18.570440058691528
2022-10-03,0.0012605043685782746,-0.0010483303171977098,0.0004728242581818317,0.016116383951357834,0.06296689606066697,71327770.0,-0.13000000000000078,-0.6099999999999994,0.8842790821852429,0.9049434999999999,-0.47999999999999865,5.78400978067503,18.844640434696693,18.08279629062238
2022-10-04,0.008211041267492725,-0.002815969744453106,-6.958975062163053e-05,0.04827863736205904,0.06888266835341395,117148996.0,0.5199999999999996,0.09999999999999964,-0.018690445034183156,,-0.41999999999999993,5.705580856597581,18.888062188274205,18.57895715267222
2022-10-05,0.004162867341669596,-0.003439447532476514,-0.0002678215287963732,0.046099747122513274,0.07032407349161457,88146609.0,0.33000000000000007,0.10999999999999943,0.7399862640692643,0.6324722499999993,-0.22000000000000064,6.07823839589002,19.034784717171856,18.294511997548653
2022-10-06,0.0024445991873438544,-0.0025316793743847656,-0.00026214235968467054,0.06271200857585148,0.07038067572088957,114420485.0,0.28999999999999915,-0.009999999999999787,0.7716796379753337,1.2100170000000006,-0.29999999999999893,6.048978453308589,19.129573312726045,18.55539068556512
2022-10-07,0.002967990306789403,-0.0016443646967214676,-0.0003114665553446575,0.0742906996835501,0.06967756565642212,70490000.0,0.3800000000000008,0.1899999999999995,0.6041836331338093,1.1199469999999998,-0.19000000000000128,5.928498122911523,19.349117414370077,18.070981413750058
2022-10-10,0.005067578412305984,-0.0003787481405446158,0.00019093871836585121,0.08856310793869834,0.06939574934258129,91551600.0,-0.02999999999999936,-0.3100000000000005,,,-0.28000000000000114,6.239944406235359,,18.332413305720717
2022-10-11,0.00462282815282844,0.002188025743519617,0.0003808742278147479,0.05898618948960931,0.07107203180492927,129286900.0,0.05000000000000071,-0.07000000000000028,0.9496421415667147,1.3501899999999996,-0.120000000000001,6.2463392965836455,19.193188861371393,18.67754452383755
2022-10-12,0.005227403435151601,0.0040660798988838565,0.0006801407868715293,0.020230876498422513,0.07278350182017383,111980400.0,-0.3100000000000005,-0.25,1.236009486443681,1.7098399999999998,0.0600000000000005,6.393724524267198,19.30104995435034,18.533834413945083
2022-10-13,0.005227403435151601,0.0025316793743847656,0.0003305848075540701,0.07030827805989823,0.07535885159666077,63783055.0,-0.25,-0.47000000000000064,0.05167253420692042,1.2499839999999995,-0.22000000000000064,6.057088416541946,19.274644906518756,17.970998117426973
2022-10-14,0.0037807228399060477,0.0011819367450456753,-0.00013009309742004338,0.0828716885866349,0.07379604433714364,127837540.0,-0.34999999999999964,-0.03999999999999915,-0.303557587147246,-0.15005200000000052,0.3100000000000005,6.210901236490865,19.347254424623532,18.66627079699359
2022-10-17,0.005274830249245355,-0.0008865449872645925,-0.00028123543744070406,0.08482467290633039,0.07565960607085734,185882063.0,-0.41000000000000014,-0.40000000000000036,0.0016091672232363408,0.6098967999999996,0.009999999999999787,6.265092065392643,19.35023512345951,19.040622960677673
2022-10-18,0.002563044858331587,-0.002323719589496598,-0.0006679332311758657,0.06934999468949868,0.07294417274519699,120753000.0,-0.4900000000000002,-0.2599999999999998,0.48511483878504613,0.8782146987926289,0.23000000000000043,6.093027862517423,18.958343021671915,18.609257694908827
2022-10-19,0.0024207945228980066,-0.0038533591811065193,-0.0006036085588013137,0.02192608926715741,0.07236779457489001,100795000.0,-0.23000000000000043,-0.23000000000000043,0.054173547913380915,1.1585995714285726,0.0,6.1406170425104225,19.146304795145067,18.42859930919666
2022-10-20,0.0009571923091904466,-0.0029993169559142884,-0.0010325132227801113,0.025699855701542595,0.0651650940478344,153744966.0,-0.16000000000000014,-0.16999999999999993,0.3976394563589807,,-0.009999999999999787,5.899267017976436,19.230790508134397,18.850805722651472
2022-10-21,0.007420790971113256,-0.0007590141937104278,-0.0005699355623425379,0.07669092972230528,0.07120544989354942,99646017.0,0.03999999999999915,-0.08000000000000007,0.6612955047971294,1.1599465000000002,-0.11999999999999922,6.013421714460024,19.50482893000965,18.417134633929628
2022-10-22,0.005719748672786906,-0.0008479978784187381,-0.0011099115130321277,0.07838769605383109,0.06960238227606706,81950000.0,0.08999999999999986,-0.3000000000000007,,,-0.39000000000000057,6.091717038997073,,18.221619863154114
2022-10-26,0.005111832217600032,-0.0013577553502724272,-0.000996187563558491,0.08380231391494733,0.06729308132178195,149262000.0,0.14000000000000057,0.40000000000000036,0.6185583012820501,,0.2599999999999998,6.208328422464883,19.558513745773755,18.821213709014966
2022-10-27,0.009009069942366388,-0.0026754104341661033,-0.0014550554593275695,0.1004634837543355,0.07244611646270344,186626914.0,-0.2400000000000002,-0.07000000000000028,0.5301076455646676,1.1297035382691352,0.16999999999999993,6.190089970608466,19.110251536855156,19.04462206963172
2022-10-28,0.00836824967051708,-0.0008103220382245979,-0.00100678269399092,0.12843210888909243,0.08005636396112838,171932000.0,-0.5800000000000001,-0.4399999999999995,2.092357666099252,2.079953999999999,0.14000000000000057,6.259390241194085,19.067391238738722,18.96260960776956
2022-10-31,0.002567395505246317,-0.0028079593334965126,-0.0010293138321876547,0.10565961976251242,0.0801540653915921,174017334.0,-0.5899999999999999,-0.46000000000000085,1.3456126481069042,1.9882310555327507,0.129999999999999,6.314290524195323,19.229386265146584,18.974665472906647
2022-11-01,0.00795788692569488,-0.003255586984078107,-0.0013383283009575496,0.11062351680650895,0.08367700324711409,173958900.0,-0.7699999999999996,-0.6099999999999994,0.9474049050442943,1.2698660000000004,0.16000000000000014,6.123018986848283,18.881713000508984,18.97432962238101
2022-11-02,0.0038944229229311844,-0.0030121051251443378,-0.001463752994021974,0.10967006651349219,0.08414229407356659,178113464.0,-0.8599999999999994,-0.5800000000000001,-0.6622752695704612,1.174269428571428,0.27999999999999936,6.18447873344068,18.88563414222212,18.997931343381172
2022-11-03,0.011852309848626064,0.0011601708330541527,-0.0005083553218258411,0.13490083637132283,0.09218989837566922,107983396.0,-0.9100000000000001,-0.6500000000000004,-0.5277049879518074,-0.09005900000000011,0.2599999999999998,6.3863236094289215,18.327468362230185,18.497488032528434
2022-11-04,0.00472408007609193,-0.0014582951162676494,-0.0005350797377507142,0.12225614722878028,0.09249022131092116,123069740.0,-0.9900000000000002,-0.9199999999999999,-1.4697710495821692,-0.15085646478873116,0.07000000000000028,6.47586405663745,18.745730852872885,18.628261744527453
2022-11-07,0.0008613264959720368,-0.0011170813144127933,-0.0006925047702895661,0.12188045762140515,0.09185508002852391,87010000.0,-1.0,-0.9600000000000009,-2.072894960496887,-0.4112939014084507,0.03999999999999915,6.460358185541786,18.378002861670637,18.28153361254221
2022-11-08,0.0011841327612165387,0.0007113226229694902,-0.0007774503676977977,0.10576963898596908,0.09116463401733181,135339500.0,-0.9900000000000002,-0.7899999999999991,-1.5007313269791673,-1.2281966198347103,0.20000000000000107,6.407473869091818,18.37985874943211,18.72329699436224
2022-11-09,0.005471823104826967,0.0025845718285211206,-0.0007582006204348938,0.10086217627666086,0.09150133644757515,123569032.0,-0.9900000000000002,-1.0,-1.5920358043709602,-1.5201323076923074,-0.009999999999999787,6.428056806243558,18.110098451614252,18.632310521433116
2022-11-10,0.000642192037482836,8.567145129934062e-05,-0.0010089158675925737,0.058745088829818305,0.08939347263374914,102889328.0,-0.9900000000000002,-0.9700000000000006,-0.49376601626016203,-0.7699824,0.019999999999999574,6.298195286228459,17.934547732776746,18.449164483083702
2022-11-11,0.01510276818575651,-0.0019900661706335754,-0.0019770192781120074,0.12316539066117096,0.09877241698023285,230860000.0,-0.9399999999999995,-0.9000000000000004,,,0.03999999999999915,6.392268810333952,,19.25732202415104
2022-11-14,0.002171553513507618,-0.0013834901687376443,-0.001624687994842521,0.12674640306599755,0.09902968707237207,148564000.0,-0.9600000000000009,-0.9100000000000001,-1.6349744356846472,-0.7021759594594599,0.05000000000000071,6.124508320865746,19.30030749145493,18.816526399794338
2022-11-15,0.0016282228834612056,-0.0019459612976731933,-0.001522187996916576,0.12471337926456277,0.09871944184742709,155731000.0,-0.9800000000000004,-0.8499999999999996,-0.7740480801644232,-0.855105,0.13000000000000078,6.001538632679456,18.72629605041417,18.863640717821227
2022-11-16,0.0015220703090692567,-0.003344739980452438,-0.001343485142622476,0.1071538224311007,0.0977734166004695,77215327.0,-0.9299999999999997,-0.7100000000000009,-0.1427552664418208,-0.3429580262751166,0.21999999999999886,5.942142991775271,18.5912670445279,18.16210853155872
2022-11-17,0.003051108392895685,-0.0038265232515350077,-0.0013667262633160046,0.10466193199338586,0.09786469780291478,131300100.0,-0.9299999999999997,-0.6199999999999992,0.0018034409524112505,0.0487649999999995,0.3100000000000005,5.804200797774708,18.57847050855699,18.692996100887356
2022-11-18,0.00771868810172105,0.0007377680059605041,-0.0008838937573817638,0.06912676198099071,0.10267364880705646,84306690.0,-0.9700000000000006,-0.8100000000000005,0.5080788657371968,0.3562977272727288,0.16000000000000014,5.939091722869282,18.303385964079723,18.249971779253897
2022-11-21,0.004322461884471274,0.001167949680153235,-0.0006324816529216818,0.07348643904328717,0.10424309553561868,125000000.0,-0.8499999999999996,-0.8399999999999999,0.23049850343249645,0.27559144680851233,0.009999999999999787,5.921444362401172,18.509149391939975,18.643824295266576
2022-11-22,0.0002156334240162039,0.001536720941648717,-0.0009755843932596367,0.07015685039347072,0.10013671674234897,90863916.0,-0.6699999999999999,-0.7400000000000002,0.37514447980480803,0.10086626108241958,-0.07000000000000028,5.77622715955237,18.837052820899203,18.32487351664039
2022-11-23,0.0025839807659249203,0.0023579311566475523,-0.0005801687057019307,0.06472408052513916,0.09930785389366492,134374081.0,-0.75,-0.75,0.9672955005892909,1.4161285913174417,0.0,5.894127314219024,18.860682535330767,18.716138117753047
2022-11-24,0.00043001505715345445,0.0030541558466573803,-0.00031627121642795517,0.04926909350749874,0.09796799102289125,95328661.0,-0.019999999999999574,-0.6400000000000006,,,-0.620000000000001,6.118339459442583,,18.372841068425455
2022-11-25,0.0007520816900292715,0.0016608345643190248,0.00014854552797183813,0.02791140021578464,0.09275141363995199,165991060.0,0.75,-0.3800000000000008,0.4459957286314804,0.12502549999999957,-1.1300000000000008,6.477295387634649,19.18195375355991,18.927444489448874
2022-11-28,0.00524879358310848,0.001846100904046466,0.0,0.03365937147809895,0.08985234250288568,110504354.0,0.7800000000000011,-0.3699999999999992,0.5616872668759783,-0.030139000000001914,-1.1500000000000004,6.4701336474745625,19.380682094252656,18.520565480860746
2022-11-29,0.0,0.0018029742192432253,0.0001222569288212532,0.03434525105537075,0.08936685847379405,167791489.0,0.7399999999999984,-0.08999999999999986,0.5387326896005078,-0.272240825441056,-0.8299999999999983,6.502984929473315,19.569352232493213,18.93823262961448
2022-11-30,0.0017079423451562548,0.0016277665350894921,0.0005825345131474977,0.03364620712135413,0.08449510001565752,157458478.0,0.9200000000000017,-0.0600000000000005,-0.02172659744539729,-0.44992684615384704,-0.9800000000000022,6.458730056121593,19.005264100402538,18.87467234972697
2022-12-01,0.0021353841127247364,0.001114686701113854,0.0006662982660144714,0.04302237730999274,0.08353501638035847,150858835.0,0.8900000000000006,-0.019999999999999574,-0.13019319039722177,-0.4245315157306564,-0.9100000000000001,6.456487041072158,18.852550676028816,18.831855089968318
2022-12-02,0.004691840554025717,0.001902638473913143,0.00032532353770016914,0.049529970826385265,0.07466538741439777,87427486.0,0.35999999999999943,-0.11999999999999922,-0.01308456946439307,-0.1933566666666664,-0.47999999999999865,6.564630966280546,19.156491229180087,18.28632027631154
2022-12-05,0.000744403713856201,0.0010017605000626872,0.0005857275276976992,0.039707548929464445,0.0723735780215255,111112000.0,0.03999999999999915,-0.1899999999999995,0.1943979105111282,0.13138117857143072,-0.22999999999999865,6.568723770216,19.18053327762296,18.52604925957819
2022-12-06,0.0013809955984571687,0.001277959619754121,0.0006925047702895661,0.038710437373759427,0.07222536198365724,122820604.0,-0.379999999999999,-0.39000000000000057,0.16074481874988678,-0.04005620000000221,-0.010000000000001563,6.66463858583497,18.622330959528018,18.62623534461927
2022-12-07,0.004237294475514908,0.0017838300458258515,0.0008378934233513933,0.04424898771216871,0.07325428430512113,125888333.0,-0.4800000000000004,-0.7300000000000004,-0.4536243469290202,-0.2072318863187057,-0.25,6.454946959363452,18.680719228967316,18.65090582593581
2022-12-08,0.003388397989901648,0.0015332272703904692,0.0004159781331262211,0.05153511099868634,0.07261941763082148,139706408.0,-0.6999999999999993,-0.4299999999999997,-0.2232507431846269,-0.1257164512868414,0.2699999999999996,6.422711105701639,18.97488189918629,18.755053692896038
2022-12-09,0.0029742957979266293,0.0,0.00030492557310508807,0.05066407482689265,0.07349171334791334,99698268.0,-0.8699999999999992,-0.5899999999999999,-0.08901713165936798,0.007140410256409879,0.27999999999999936,6.431797961656036,18.559198434306058,18.41765886266482
2022-12-12,0.00031919987503048475,-0.00021272071777733714,0.001008905016472994,0.05024045233326363,0.04778708158358059,100100700.0,-0.8900000000000006,-0.8800000000000008,-0.405127854693875,-0.07759622077921868,0.009999999999999787,6.551280315046071,18.623621587949057,18.421687237267992
2022-12-13,0.0003193017961242717,-0.0005527801966936253,0.0008902928588714755,0.04825325131449008,0.04780249534250041,193457273.0,-0.9199999999999999,-0.8300000000000001,0.11682734043373522,0.18214660000000116,0.08999999999999986,6.2601931316426755,19.03110370813906,19.08056723468218
2022-12-14,0.0009585175663318068,-0.001591942605062968,0.0009221835882585897,0.023517412712180448,0.047412621803024455,109245782.0,-0.7300000000000004,-0.7599999999999998,1.8262838435103568,0.25770681818181984,-0.02999999999999936,6.251017170306356,19.60960285264979,18.509110782498986
2022-12-15,0.005770479786586513,-0.002068358964399941,0.0007198783750434822,0.0371247407125317,0.05221327539196096,166923612.0,-0.8300000000000001,-0.7100000000000009,1.4098611249770574,0.9640308000000015,0.11999999999999922,6.234116564810234,19.335034400907716,18.933046852562057
2022-12-19,0.002461869051809451,-0.000981125994452725,0.0009824011105056315,0.04740394470584214,0.050666055430921876,90618314.0,-0.9299999999999997,-0.8200000000000003,0.6979264331376385,0.9554130761432411,0.10999999999999943,6.191687415037624,18.847907343842042,18.322166891865766
2022-12-20,0.0036282186850824516,-0.00019164228243013782,0.0007876168525704603,0.05798015017253164,0.0455352296617156,127320010.0,-0.9299999999999997,-0.8100000000000005,1.5230914328261775,0.7911128518518531,0.11999999999999922,6.204093008122425,19.042950667972246,18.66221423892042
2022-12-21,0.0011723955512890072,-0.0003622610334630849,0.0005259569746771135,0.05841317887806068,0.04411697187727839,135460853.0,-0.8599999999999994,-0.7399999999999984,1.3819082084249708,0.8242775000000009,0.120000000000001,6.297422346442471,19.281205033920443,18.724193248793068
2022-12-22,0.010075112019692689,-0.0021855799241352614,3.592147735764244e-05,0.09102677386244878,0.05742452192074519,174212968.0,-0.8900000000000006,-0.7399999999999984,2.4922831846508195,1.4430903846153846,0.15000000000000213,6.320246575445179,19.560402985676692,18.97578906278069
2022-12-23,0.00572572190303422,-0.002176628347424803,-0.00035977864973564994,0.09091621145684241,0.05993842273031721,172668889.0,-0.7599999999999998,-0.8900000000000006,2.396369955027369,1.084981166666667,-0.13000000000000078,6.148852837356725,19.851068542582766,18.966886382129193
2022-12-26,0.0021645030095722717,-0.0022361015558722388,-0.0002771839853347539,0.08998010013963392,0.06052468149568837,133767304.0,-0.370000000000001,-0.379999999999999,,,-0.00999999999999801,6.116752682250139,,18.71161231107301
2022-12-27,0.004768106129283467,-0.0039153665187454225,-0.0005400500719686938,0.07379329452150578,0.06233559904911527,205869413.0,-0.14999999999999858,0.0,1.7190481704869427,0.2934488135376725,0.14999999999999858,5.909494984240731,19.914550665705633,19.14275260826749
2022-12-28,0.00605821527493422,-0.002469244353500777,-0.0005015061818817538,0.10285646531821534,0.06333771691705203,161913915.0,0.03999999999999915,-0.14999999999999858,1.7769372189413453,,-0.18999999999999773,5.960412380352513,20.18237439909676,18.902575363070657
2022-12-29,0.003455279599529071,-0.0011452778694680532,-0.0006660433056688524,0.0802748070968816,0.06411915625456623,244298000.0,0.6400000000000006,-0.05999999999999872,1.2622676308998066,-0.38394536363636433,-0.6999999999999993,6.0871610159294605,19.97992791186211,19.31389934953871
2022-12-30,0.0012999313776198562,0.00025985278666276204,-0.0006854723993610619,0.06983567647690511,0.06394415412841749,98282488.0,0.879999999999999,0.28999999999999915,0.9856860781675572,1.0449961935483891,-0.5899999999999999,6.280601810256014,19.650870851595343,18.403356420722137
2023-01-04,0.0077603321121104685,0.0013790186071704013,-0.0002142478172260521,0.0883070350433768,0.07001706783201023,85292000.0,-0.6499999999999986,-0.379999999999999,1.2529145978186556,1.495910519999999,0.2699999999999996,6.499591532823639,19.566446938213762,18.26159122142826
2023-01-05,0.001074229343822175,0.00211779396426266,-0.0004888225742664279,0.07499853146706664,0.06773833147530717,114196573.0,-0.8499999999999996,-0.6499999999999986,1.2433728405797115,1.4919814891437948,0.20000000000000107,6.4572561933943815,18.96590779443569,18.553431845979343
2023-01-06,0.0022596447985678836,0.00045422194956223905,-0.0006318725034294795,0.07058352669795746,0.06784847468006461,122274500.0,-0.9299999999999997,-0.7300000000000004,0.6445992158122529,0.8664109090909093,0.1999999999999993,6.445703946243728,19.07657247895498,18.62177907523801
2023-01-09,0.004513023066727406,0.00024267325612257196,-0.0009125400589144593,0.07456181527367721,0.06871185602360351,151443414.0,-0.8900000000000006,-0.8300000000000001,0.0876483030303028,0.6485726836176156,0.0600000000000005,6.287561118160781,18.921456031864853,18.835722608192857
2023-01-10,0.0009518041732654581,0.00017304781525169234,-0.0010689919780691951,0.07429129694565753,0.06651672935970229,107449299.0,-0.9700000000000006,-0.9100000000000001,0.7107744305624681,0.9388891891891884,0.0600000000000005,6.1889004708783855,18.42517064922522,18.49252965706688
2023-01-11,0.0010816658707408777,-0.001595351781318577,-0.0009591475914424917,0.03172672030277421,0.06598106685448495,78251300.0,-0.9900000000000002,-0.9499999999999993,0.9618414936694695,1.1154750925221233,0.040000000000000924,6.191830650732204,18.712417086732188,18.175436000665066
2023-01-12,0.00025970653307894054,-0.0013285646059383537,-0.0008051474804422265,0.03440717824370513,0.06568697121539936,82420415.0,-0.9900000000000002,-0.8699999999999992,0.7708977302959124,1.100283882352942,0.120000000000001,6.303424512019286,18.535092770804383,18.227343719047905
2023-01-13,0.00038943337936192535,-0.000798748970352392,-0.0007714030397568736,0.03502516507692017,0.06579879906257612,70881748.0,-0.9900000000000002,-0.9000000000000004,0.044573299123610965,0.3422164333333324,0.08999999999999986,6.49266398747934,18.707524314960047,18.07652352535656
2023-01-16,0.002376581004096323,0.0005791718438123538,-0.0006430276683177976,0.019868478533849463,0.06668890033961868,82347867.0,-0.9700000000000006,-0.9100000000000001,,,0.0600000000000005,6.408100363218319,,18.226463112613125
2023-01-17,0.0018325882345395783,0.0007553286560671779,-0.0005101178682763031,0.021799313413121888,0.06722129448589201,92588459.0,-0.9900000000000002,-0.8000000000000007,0.39494498451007765,0.7848230852554092,0.1899999999999995,6.423993438098797,18.09385969047381,18.343675059019716
2023-01-18,0.0005386480065601162,0.0008639322289033302,-0.0002609830216083795,0.01908883983596105,0.06444865953186937,89589388.0,-0.9900000000000002,-0.9100000000000001,-0.04719374621714856,0.32685877869709223,0.08000000000000007,6.4243178185350125,18.542986868336335,18.310747433430883
2023-01-19,0.00258955690673357,0.0002940795409408281,-0.0005015271148723329,0.031471695312825766,0.06413442576166209,210237150.0,-0.9900000000000002,-0.9100000000000001,0.23314013117376575,0.4413339425146834,0.08000000000000007,6.353969960776011,17.727733543395086,19.163746737232564
2023-01-20,0.0006484383670422034,8.650519166000236e-05,-0.0007051774506877926,0.032129235412027286,0.062350879308192234,150973500.0,-0.9900000000000002,-0.9100000000000001,0.37761697152394724,0.9022903339718145,0.08000000000000007,6.336949617277547,18.74259387353694,18.83261488268911
2023-01-23,0.0008652390762584616,-0.0005618588244109546,-0.0006905509518768142,0.025030694472262544,0.062330954294574574,108669360.0,-0.9700000000000006,-0.9299999999999997,0.29671077845748606,0.6073442955404698,0.040000000000000924,6.301977744559099,19.174499604045042,18.503820435631795
2023-01-24,0.0012991825662975742,-0.001188212984578385,-0.0002726495493341897,0.013266574397610188,0.05228693259593408,106809748.0,-0.9800000000000004,-0.8900000000000006,0.17024044730613674,0.5384384205607482,0.08999999999999986,6.311408077015902,18.711230792326727,18.486559753733445
2023-01-25,1.7256558404454836e-07,-0.0010805178963831708,-4.3427889432715956e-09,0.015319510171016047,0.04837888037019286,95038657.0,-0.9800000000000004,-0.9100000000000001,0.2033010427467037,0.7531495616373185,0.07000000000000028,6.385531610263777,18.735053431657192,18.36979428258651
2023-01-26,0.0010847355410854576,-0.0007795536232535483,-0.00015472998805835894,0.007917856512439286,0.04785368388456679,100457960.0,-0.9900000000000002,-0.9399999999999995,0.08280429507351172,0.4732376960986979,0.05000000000000071,6.2868171258639824,18.56485240140057,18.425249889490303
2023-01-27,0.0009757997690096332,-0.0008450259036470343,2.5856029097537898e-05,0.007917411886835566,0.04496300315239185,90747293.0,-0.9900000000000002,-0.9299999999999997,0.22567382735664054,0.5344460943396232,0.0600000000000005,6.298691860793816,18.632962155241742,18.323589201463232
2023-01-30,0.0022824856385028625,-0.0011284752160959145,-0.0003713202048756565,0.012943251726154752,0.039856790206416116,64171000.0,-0.9399999999999995,-0.9600000000000009,0.2560542998343731,0.7315411452730824,-0.02000000000000135,6.3113172991402235,18.552699743486798,17.977061953211322
2023-01-31,0.0024830393250656613,-0.0003720308378232673,-8.854311322828831e-05,0.028410520591860975,0.0393729124852947,59010690.0,-0.5899999999999999,-0.7899999999999991,0.017526843867656794,0.5590712537266533,-0.1999999999999993,6.4719134342152564,18.951214872938134,17.89322917189839
2023-02-01,0.0007435302976110947,-0.0005207023842286774,-0.00018585081204880978,0.028287424052360965,0.03910032283605099,72026000.0,-0.6900000000000013,-0.6999999999999993,-0.13936608777767923,0.26257235506003695,-0.00999999999999801,6.22784016719091,18.40142656623022,18.092537722906517
2023-02-02,0.003588747194808839,-0.0010215047149733536,-0.0007262831599973483,0.03597423595702676,0.028317337134383443,142589966.0,-0.7199999999999989,-0.6600000000000001,-0.08714143958094489,0.4890687499999977,0.05999999999999872,6.353012598149689,18.418352265148467,18.77548369881238
2023-02-03,0.0015296957793911048,-0.001132283917049648,-0.000747972037881583,0.03614441344569815,0.028431577853401415,132704725.0,-0.8800000000000008,-0.8499999999999996,0.014873029116653669,0.5698014224422447,0.030000000000001137,6.543350536981463,18.2329151110313,18.703637105300036
2023-02-06,0.0013110457466227743,-0.0009379959386736303,-0.0007028006544556254,0.03483094232674088,0.02798243419021575,103776469.0,-0.9299999999999997,-0.9299999999999997,-0.2741628644492806,0.3635769342553026,0.0,6.464167654481823,18.090395828321352,18.457749807428335
2023-02-07,0.002956152587986871,-0.0020258343212841367,-0.0006286639649917904,0.018965832838179816,0.025741324696388176,107957190.0,-0.9800000000000004,-0.9100000000000001,-0.4308006118232761,0.6397736129032268,0.07000000000000028,6.424885231229478,17.986583973875256,18.497245317616763
2023-02-08,0.0029649173424646236,-0.0024701117302548424,-0.0008151745133598895,0.015795394037330854,0.026281360249098978,131901000.0,-0.9900000000000002,-0.9199999999999999,-0.1472470672221995,0.6489113214285727,0.07000000000000028,6.471217373119395,18.420680743952367,18.69756219915994
2023-02-09,0.005403332328052457,-0.0028330287569035663,-0.0010209681541842504,0.02590771681347364,0.03072220718833423,129537918.0,-0.9900000000000002,-0.9700000000000006,0.1941150337268116,0.7829515637612428,0.019999999999999574,6.4163237023227815,17.898119863967953,18.679484199334212
2023-02-10,0.0024355154295188086,-0.003014192686929107,-0.0011493120571650956,0.023744679272996567,0.03072526269285238,128193841.0,-0.9900000000000002,-0.9199999999999999,0.1440264542095715,0.7750609495731648,0.07000000000000028,5.7745515455444085,17.883887528488792,18.6690540591751
2023-02-13,0.0008863284426894324,-0.0025747178490666657,-0.0011256503874828333,0.035759092319758636,0.031084922684039656,116738298.0,-0.9900000000000002,-0.9399999999999995,-0.3866120538326694,0.6260507419354848,0.05000000000000071,6.307934493644584,18.730842416233465,18.57544521822641
2023-02-14,0.004550759837631979,-0.002893639298995687,-0.0014555237608984669,0.03851631433652288,0.03050816346339944,143884619.0,-1.0,-0.9700000000000006,-0.5674396236927599,0.7351621851851853,0.02999999999999936,6.350396941087929,19.118715043070686,18.78452227941791
2023-02-15,0.00528706350199748,-0.0033580685309022584,-0.00179455479597166,0.04214423835939433,0.03080720660320456,180049750.0,-1.0,-1.0099999999999998,-0.4896922027811019,0.8154669032258077,-0.009999999999999787,6.2669917981017536,19.052253837096035,19.008743759555
2023-02-16,0.007814294041198266,-0.0038402608735314202,-0.0021410141309544293,0.051869175642127306,0.03679726135722327,199113695.0,-1.0,-1.0199999999999996,-0.621595315957272,0.17000146666666716,-0.019999999999999574,6.204941527305421,18.789676177993424,19.109386551199265
2023-02-17,0.011208366609895215,-0.0011114844656486156,-0.001483970153972106,0.12036439783727912,0.059014142366083745,170832132.0,-0.9900000000000002,-0.9499999999999993,-0.2820398979301899,0.4570780645161303,0.040000000000000924,6.008813185442595,18.878742097238913,18.95619194808888
2023-02-20,0.0035730274725382927,-0.0020033556486941605,-0.0016232363018528722,0.11986369991634806,0.05936100790898176,128646572.0,-0.9800000000000004,-0.9600000000000009,,,0.019999999999999574,6.158037746933798,,18.672579450398423
2023-02-21,0.00022368862636579223,-0.0010484659558946063,-0.0015713826017279078,0.11825279660756445,0.059655331762892325,161231410.0,-0.8399999999999999,-0.9000000000000004,-0.38002472234685136,0.07544326865671636,-0.0600000000000005,5.756058619221572,18.973910470045773,18.898351220172415
2023-02-22,0.004908532836179091,0.0009906533117407079,-0.001275777106371876,0.11737853075333667,0.06374769667087112,128425000.0,-0.46000000000000085,-0.7699999999999996,-0.5761276666666664,-0.3079165599999989,-0.3099999999999987,5.895036242434962,19.114327799553962,18.670855634317604
2023-02-23,0.002897583661129133,0.0019739953877545347,-0.0014137490633025945,0.09767997627177613,0.06380729397663157,88734000.0,0.10999999999999943,-0.5899999999999999,-0.6911433438655266,-0.6100520726996344,-0.6999999999999993,6.032630482473802,18.767605307046594,18.30115368837696
2023-02-24,0.003008861689397513,0.0003340944036549942,-0.0012188158618510244,0.058219311722273966,0.06562318046923249,117390000.0,0.48999999999999844,-0.3299999999999983,-0.8280262540828573,-0.9729059629080119,-0.8199999999999967,6.245641541002365,18.977492604555053,18.581012282854704
2023-02-27,0.006362693787829166,-0.00022383885940318037,-0.0014753346246519545,0.07179873545171822,0.06798261521981097,128785974.0,0.7399999999999984,-0.4800000000000004,0.7528768924867251,-0.9139955384615384,-1.2199999999999989,6.616413183476645,19.45508156910484,18.673662468189235
2023-02-28,0.003365118150313151,-0.000941600214738969,-0.0015268885537857778,0.07484530467057632,0.06824750587249848,88705400.0,0.7800000000000011,-0.1700000000000017,0.05385993332100014,-1.4834961785714285,-0.9500000000000028,6.741346440648232,19.415135496795873,18.300831324795393
2023-03-01,0.008802675055346043,-0.003683841793043996,-0.0020643035242815734,0.07049906676665037,0.07103313838214491,140582506.0,0.7899999999999991,-0.5199999999999996,-1.428036329822298,-1.4451067037037042,-1.3099999999999987,6.535836159344549,19.27821036659145,18.76130510570196
2023-03-02,0.013121301836269694,-0.005728585428072109,-0.0026537212165986496,0.09604842617543831,0.08045024617968702,167894433.0,0.8599999999999994,-0.19000000000000128,-1.6376563403642894,-1.5740353750000011,-1.0500000000000007,6.441185746470683,19.21976327492098,18.93884596485722
2023-03-03,0.009601477043374551,-0.008250653174626522,-0.002940041685577969,0.05793951528568805,0.08395089654128259,213509000.0,0.8299999999999983,-0.10000000000000142,-1.3333417222222188,-1.4705843823529392,-0.9299999999999997,6.443256470370846,19.008467408854486,19.17918954431122
2023-03-06,0.012124992950108826,-0.0045531158270389225,-0.002289818412744639,0.15805485604138952,0.09884562077956292,193899400.0,0.8399999999999999,-0.5799999999999983,-1.1157076619314488,-1.4644268077811091,-1.4199999999999982,6.357807603862296,19.269439679306657,19.082850025829547
2023-03-07,0.0035450891950876695,-0.0031710743579587584,-0.0020585738917108082,0.16858932135987803,0.10086237266785768,170194763.0,0.4299999999999997,-0.0799999999999983,-0.8669669706464838,-1.0264387333333325,-0.509999999999998,6.350152463657217,19.252506671747724,18.952454003947427
2023-03-09,0.007732583446189878,0.0001359773423484256,-0.0015495864615119156,0.17455471129362343,0.1063129287343677,145560983.0,-0.4400000000000013,-0.5599999999999987,-0.3780096977926579,-0.2823953611111101,-0.11999999999999744,6.225686505629192,19.1111036069268,18.79610568391434
2023-03-10,0.024062489363853246,0.007572735582373013,-0.00026256709454439804,0.19504274879735795,0.13821808400873833,176532388.0,-0.8699999999999992,-0.9199999999999999,0.022328386649698828,0.07495946874999859,-0.05000000000000071,6.186434935738598,19.231527934499937,18.989014918919732
2023-03-13,0.00957471684853406,0.011407974360754736,0.00045067334243591227,0.12279554183490421,0.14091123675551134,155448000.0,-0.8599999999999994,-0.8599999999999994,-0.3035649932168063,-0.11002575000000014,0.0,6.104480683576686,18.810815608728902,18.861821828513
2023-03-14,0.010747174228324496,0.011132410616397869,0.0010784204689998792,0.12267821951607184,0.14485362786381012,166031715.0,-0.8800000000000008,-0.7199999999999989,-0.33011733072485683,0.04489619672131262,0.16000000000000192,6.082926422587722,19.00235990708869,18.927689382289152
2023-03-15,0.004038918159254834,0.011231176409231302,0.001228543788836327,0.12078963001383836,0.14521218463758556,148643500.0,-0.9499999999999993,,-0.5197947963943772,-0.12148121804521139,,6.104346704164654,19.241951138013945,18.817061379577122
2023-03-16,0.0021561026032728137,0.01011588024064789,0.0015479181907841742,0.1364392535891661,0.14369963658018017,182936439.0,-0.9299999999999997,-0.8800000000000008,-0.5055053469387758,-0.24659797673399098,0.049999999999998934,6.168103320766439,19.316768768509,19.02464932260455
2023-03-17,0.013661710911690328,0.0025710401855391753,0.0011491254569892767,0.15507730721873159,0.15143864876470772,140498696.0,-0.9000000000000004,-0.9299999999999997,-2.8710043981632953,-0.18931121262834694,-0.02999999999999936,6.206858144962131,18.069930684597352,18.760708765556213
2023-03-20,0.013338591731756111,0.0033238151621835855,0.002156405731891866,0.1675841786107325,0.15337869506780433,171587592.0,-0.7599999999999998,-0.9299999999999997,-1.3428097212015206,-0.33137282758620756,-0.16999999999999993,6.195241775931226,18.75739561542108,18.960604434711502
2023-03-24,0.016268644338586213,-0.0020793485511985564,0.0008479766391070361,0.19899763317966163,0.16222543820028656,198600813.0,-0.3200000000000003,-0.6400000000000006,-1.233293323508251,-0.710228891337664,-0.3200000000000003,6.293437762964004,19.02759442671438,19.106807403222557
2023-03-27,0.0026024880463859645,-0.0023666345737723303,0.0011420488066748579,0.19646043784164002,0.16151385952589709,134976480.0,-0.120000000000001,-0.5599999999999987,-1.016860540422341,-0.7714852499999996,-0.4399999999999977,6.47795649385852,19.114202854217385,18.720611099002028
2023-03-28,0.010649494070706922,-0.004927753908568278,0.0006242782020523476,0.19890701948680253,0.1666045455342625,182840233.0,-0.19000000000000128,-0.5300000000000011,-1.1096069689583619,-0.867762476736587,-0.33999999999999986,6.401054469793096,19.354159444743438,19.024123285765224
2023-03-29,0.012439076427004814,-0.004683227011631175,-0.00020179842952783829,0.1956881678201869,0.1717423810798011,170396862.0,-0.14999999999999858,-0.4400000000000013,-1.6381716316782011,-0.9340225202732366,-0.2900000000000027,6.327811775916044,19.131810268646888,18.953640756696963
2023-03-30,0.00679403404141965,-0.005992138549698467,0.00025970717535543707,0.15997344904158967,0.17310166551039283,118673630.0,-0.1700000000000017,-0.26000000000000156,-1.4846736816548827,-0.9692758499999989,-0.08999999999999986,6.502310170673975,18.950292525643363,18.591887678201886
2023-03-31,0.011587615172387267,-0.0004208866475037709,0.0006682192459739968,0.1692071542390956,0.17731793923253433,132397000.0,0.35999999999999943,-0.39000000000000057,-1.6062976740189399,-1.3018219696969666,-0.75,6.761387566469977,19.183991106918214,18.7013155426002
2023-04-03,0.005721846596744129,-0.00208575357612979,0.0006987357788828081,0.1701540208355126,0.17701139829190382,121598475.0,-0.08999999999999986,-0.5300000000000011,-1.1912454492663755,-1.04387387142771,-0.4400000000000013,6.571037012097961,18.979063131562235,18.61623498629928
2023-04-04,0.013442406491765091,-0.0026443360603414234,0.0002188649054803347,0.17988654442993984,0.18325845745878094,195602200.0,-0.030000000000001137,-0.41000000000000014,-0.8968772927830546,-0.7725455427918426,-0.379999999999999,6.507322487501995,18.950019929232013,19.0915935629455
2023-04-05,0.0013412318988379468,0.00011172560482712868,0.0007019080937748104,0.15787077051652795,0.18031168605687328,161692069.0,0.35999999999999943,-0.6499999999999986,-1.7009391418009105,-1.1750730770964388,-1.009999999999998,6.427862916986031,18.352310892633753,18.901204275725412
2023-04-06,0.004589988467090578,-0.0021650788968749167,0.0011081611113547684,0.14788442020227222,0.1743957121122674,152093000.0,0.019999999999999574,-0.629999999999999,-1.8756939681838087,-1.0809965627670604,-0.6499999999999986,6.561723495141885,18.469261362359095,18.840002733816746
2023-04-07,0.00022444170221014303,-0.004527490271794399,0.0015546866037911688,0.0918338054524799,0.17011263500053467,162279900.0,-0.46999999999999886,-0.5599999999999987,-1.8719165714285726,-0.6854570321471805,-0.08999999999999986,6.607001475840135,18.123284306138704,18.90483318008345
2023-04-10,0.002922335450537439,-0.003967588042553061,0.0008381471561413466,0.09169051487182113,0.1662744446522022,121163344.0,-0.46999999999999886,-0.629999999999999,-1.0879267251065095,-0.5959647976306588,-0.16000000000000014,6.460968051312035,17.606874395630534,18.612650143610384
2023-04-11,0.014637950623099805,0.0016484833804199183,0.001366378652713353,0.12093297272644764,0.17285979495015563,150300170.0,-0.39000000000000057,-0.620000000000001,0.052533278587468146,-0.4724472225736811,-0.23000000000000043,6.431218354162873,18.530568318996206,18.828144985793756
2023-04-12,0.0029905322171330795,0.001978343444078945,0.001140566689424934,0.1212354364462203,0.17143393422257874,100371357.0,-0.4400000000000013,-0.8100000000000005,-0.48787660328473237,-0.5580758645567272,-0.3699999999999992,6.430396668049054,18.694650480575664,18.424387435674678
2023-04-13,0.0026578088735211836,0.0023647793627928236,-0.00013182846473575304,0.1152696814838444,0.15007589574907196,133671300.0,-0.3500000000000014,-0.6000000000000014,-1.4031306708186513,-0.6485532285714264,-0.25,6.424706936215593,18.514416958450195,18.71089435934362
2023-04-14,0.0006651147568108584,0.002542690654597024,-0.0005560952310082864,0.11417868005786246,0.14593153838746512,127396000.0,-0.370000000000001,-0.41000000000000014,-1.3474675593714718,-0.8416842317380357,-0.03999999999999915,6.3875524934035495,18.711096326957676,18.66281090343518
2023-04-17,0.002329839629363839,0.002661189818831744,-0.0011788101766124928,0.11245654858127815,0.14008292368147124,140195729.0,-0.10000000000000142,-0.5700000000000003,-1.8597746992301065,-0.860843347256159,-0.46999999999999886,6.487623133830569,18.830918484908217,18.758550068477344
2023-04-18,0.0041013192777459295,0.000553863549760969,-0.0011758386947795835,0.048387805154688567,0.14011237330965567,128035461.0,0.629999999999999,-0.16000000000000014,-2.2715700824471625,-1.8182668372092987,-0.7899999999999991,6.541592611456707,19.107697199966474,18.667817822578158
2023-04-19,0.009906520202791924,0.001937061146892738,-0.0008067711900405783,0.08291806141791286,0.144924352782021,124100307.0,0.7800000000000011,0.3999999999999986,-1.4513115504460288,-1.7058701333333328,-0.38000000000000256,6.5845841886000525,19.09014522004302,18.636600723983218
2023-04-20,0.0,0.0024686229215969747,-0.0001562135275791341,0.07544984965847797,0.1371755820801953,188913755.0,0.8500000000000014,0.17999999999999972,-1.2761598898907032,-1.6444391859581078,-0.6700000000000017,6.4068634842829955,18.786978737470818,19.056801146125682
2023-04-21,0.0028518172229023975,0.0017652365256543233,-0.0009271853825628726,0.08435201611873354,0.12828419522093965,161431000.0,0.8399999999999999,0.33999999999999986,0.20752812684102295,-1.2755463842190622,-0.5,6.331128114582922,18.752952026050437,18.89958836474997
2023-04-24,0.003946508082083966,0.0030205060679438845,3.544092318332642e-05,0.0765648699842822,0.11638466018835261,140371951.0,0.9600000000000009,-0.14000000000000057,-1.6231694419338965,-1.7187187790262186,-1.1000000000000014,6.552465090113109,18.968722681096196,18.759806250395183
2023-04-25,0.007026818548463432,0.0007948785027020122,-0.00042309748609521626,0.10289814787697152,0.11847006289165408,219280200.0,0.9699999999999989,0.1999999999999993,-1.4158783251192553,-1.7368196930961695,-0.7699999999999996,6.469312330376766,19.197782536853552,19.205860922034272
2023-04-26,0.0020912450524903647,-0.0007681765273582997,0.00018360437691417836,0.06851224834965236,0.11269302709499643,197186148.0,0.7300000000000004,0.3299999999999983,-3.574877551569509,-1.4858969458255107,-0.40000000000000213,6.456659759423912,18.30639159755024,19.099658754257916
2023-04-27,0.001757662761635359,-0.00041664397503122786,0.0008596395763732342,0.07085024664247039,0.10296807435609644,149610900.0,-0.010000000000001563,0.1999999999999993,-1.5751470816160662,-0.870709833333331,0.21000000000000085,6.498327329178707,18.048282839548396,18.82354848181299
2023-04-28,0.0073809203159980186,-0.0013224645936503522,0.0001846417498295357,0.08627441270422098,0.10437316747067361,173357596.0,-0.019999999999999574,-0.28999999999999915,-2.5392383633732436,-0.9777313696369649,-0.2699999999999996,6.61240387222545,18.55346015641066,18.97086704799886
2023-05-02,0.010559760215001823,-0.00422371825306751,-0.0008699951733794686,0.09175218509093758,0.10205721638782272,145680000.0,0.0799999999999983,-0.25,-2.629489015831707,-0.8423401212121178,-0.3299999999999983,6.473921560073516,18.135708410173706,18.796922993383628
2023-05-03,0.004592044805600715,-0.0037367635044949664,-0.000816195088086925,0.08864142139796719,0.10145371237702665,292732000.0,-0.14000000000000057,0.1700000000000017,-1.734680976923137,-0.7714129954031517,0.3100000000000023,6.46103058062267,18.514213945866242,19.494768072642287
2023-05-04,0.0004491354218769672,-0.004244839599368433,-0.00019746789428272868,0.07948008804972562,0.09046850850386688,196260200.0,-0.46999999999999886,-0.16000000000000014,-1.2946470380171125,-0.32244727272727225,0.3099999999999987,6.352333185205999,18.194957693589224,19.094951887798455
2023-05-05,0.004953849356254203,-0.005587142022946345,-0.0004972336683347358,0.059256245373452004,0.09173872875370359,139306500.0,-0.6900000000000013,-0.46999999999999886,-0.7389382366659394,-1.2939001813457285,0.22000000000000242,6.294712342663853,19.3567741031227,18.752187099542237
2023-05-10,0.002254792387089033,-0.003659999482328935,-0.0001712917228976115,0.07754330078352428,0.09095193020780076,133073254.0,-0.7100000000000009,-0.46000000000000085,-0.08534636363636317,-0.17466078867825452,0.25,6.31911224750281,19.39145966111059,18.706410316516205
2023-05-11,0.0011254925217345502,-0.0013229489349816602,-0.00010700914080500705,0.05230709014141501,0.09106214033963443,197354606.0,-0.7399999999999984,-0.6099999999999994,-0.8986182259925144,-0.05306037931034524,0.129999999999999,6.471109053390398,18.607320115552927,19.10051269904577
2023-05-12,0.008155628643071289,0.0012265857547527404,0.00042051295889064663,0.07533490341528136,0.09475773928137633,128590365.0,-0.8300000000000001,-0.5100000000000016,-1.6063566952822086,0.0010320667735115308,0.3199999999999985,6.515586383166314,17.84265599611505,18.67214244472148
2023-05-15,0.004963783550039125,0.0023091695491359587,-4.016166363605239e-05,0.07751879596335752,0.081461943262389,125758000.0,-0.8699999999999992,-0.9399999999999995,-2.055748567765569,0.0839777586206889,-0.07000000000000028,6.396529575194807,17.815544440715133,18.649869983210824
2023-05-16,0.0012664276218545822,0.003046653896015883,-0.00024287403692117913,0.057618989722905106,0.08079845186103068,121788000.0,-0.9100000000000001,-0.7599999999999998,-1.5638885043042272,0.12861040625000086,0.15000000000000036,6.3685301806944485,18.474384303316192,18.617792386218955
2023-05-17,0.00020010894887256825,0.0025556736288235627,-0.000125840707176007,0.062198249957515446,0.08032002629477247,124658600.0,-0.9000000000000004,-0.6700000000000017,-1.1870259970276074,-0.4836950333333334,0.22999999999999865,6.363975930073015,18.689056678986468,18.641089358734828
2023-05-18,0.0038096981613575664,0.0015686354922051394,-0.00033892703661259863,0.07736604791743454,0.08125516422406658,136798000.0,-0.9000000000000004,-0.75,-0.3353903721804503,-0.7696213109563939,0.15000000000000036,6.372500341292971,19.471502368784126,18.734015943162813
2023-05-19,0.00017858737434739425,-9.820771127859729e-05,-0.000236486453040387,0.05068699500232912,0.08093210659001923,170583277.0,-0.8200000000000003,-0.6999999999999993,-0.5965490834260283,-0.5528598245614038,0.120000000000001,6.421280746079978,19.412820788109958,18.954734163598133
2023-05-22,0.009736476243573655,-0.0030382596700011533,-0.0008954290969127481,0.0639101439846686,0.0856456306193606,137336320.0,0.05000000000000071,-0.5799999999999983,-1.4762348113207562,-1.637266498108504,-0.629999999999999,6.294786181547443,19.395240383950497,18.73794336598203
2023-05-23,0.0037719273622158767,-0.003539359618073412,-0.0015467837428655006,0.061980150422189226,0.0765308759314547,166493459.0,0.17999999999999972,-0.26000000000000156,-1.4658781081081074,-1.549584226708074,-0.4400000000000013,6.26625133157403,19.0358663830426,18.9304665813278
2023-05-24,0.00831544717822652,-0.0018362483926535945,-0.0011508100677118567,0.10525760006292943,0.08373089223561785,123779970.0,0.6400000000000006,-0.0799999999999983,-0.9505496231797927,-1.8026213559322048,-0.7199999999999989,6.589119031208451,19.052834078916163,18.634016111909972
2023-05-25,0.00044893378980770393,-0.001164095518343622,-0.0010363870470883,0.10398436115729769,0.0835293241196588,113581335.0,0.9400000000000013,0.10000000000000142,-0.463321784155454,-1.8827329839479656,-0.8399999999999999,6.872646101868569,19.10334217064582,18.548029746174386
2023-05-26,0.0025852877885057524,-0.0016454356011752936,-0.0013474249456878102,0.10395106979763555,0.08166351375586443,84244500.0,0.9400000000000013,0.21999999999999886,0.5778732747609467,-1.4492349375000018,-0.7200000000000024,6.99764168577666,18.877892315084996,18.249233843166678
2023-05-29,0.001686815131479058,0.0006392226738352492,-0.0009324900085476918,0.07574222848188472,0.07957987752131408,112734685.0,0.9699999999999989,0.17999999999999972,,,-0.7899999999999991,6.954657948668356,,18.540547695635542
2023-05-30,0.0049316396746492686,0.002379936081208278,-0.0007972331217782202,0.0686826376839504,0.08152425250156427,94092670.0,0.8999999999999986,0.1700000000000017,0.307176574175827,-1.0421891406997759,-0.7299999999999969,7.010826175461327,18.79637369372686,18.359790705666096
2023-05-31,0.00022358859791271612,0.0007615643651455173,-0.0008702842724316794,0.04433633822565779,0.08109053874725228,136005000.0,0.8399999999999999,-0.08999999999999986,-0.9079104715029835,-1.20134775,-0.9299999999999997,6.7665257602433995,18.993027998866307,18.728202207730405
2023-06-01,0.0031250025431353023,0.0014763516317341185,-0.0003700022315205688,0.045435277932084614,0.07859059999030928,97507000.0,0.1999999999999993,0.0,0.18193498576930978,-0.8494586372577828,-0.1999999999999993,6.684486719854776,18.361183425240952,18.395434728262742
2023-06-02,0.00042353518761562015,0.001908702151912145,0.00011267515073591705,0.034548223669361895,0.06932964710099294,94502800.0,-0.4200000000000017,-0.28000000000000114,-0.3821297092248308,-0.6408475406009675,0.14000000000000057,6.675293447028933,18.020501640273437,18.364140021654652
2023-06-05,0.0009145560022245647,0.0013884279251714204,0.00028779366518240037,0.04009204063039016,0.06732672477465397,86967000.0,-0.6400000000000006,-0.7100000000000009,-0.756030722076348,-0.4859114078884321,-0.07000000000000028,6.626095038848851,17.717685227337604,18.281039294317665
2023-06-06,0.0006697176274430561,0.0002681564647529555,0.0002772897506316342,0.02622948367608221,0.06736147336399242,113795450.0,-0.8599999999999994,-0.8300000000000001,0.21042003316978253,-0.29648064556961984,0.02999999999999936,6.080779518784841,17.221390492676335,18.54991309643188
2023-06-07,0.005823084763264319,-0.0009411782074824516,0.00023589758839305728,0.0506426604576476,0.06827313994255071,169364644.0,-0.9600000000000009,-0.9000000000000004,-0.612739698802443,-0.23412916279069762,0.0600000000000005,6.220093028652761,18.604653486788035,18.94756460529354
2023-06-08,0.00269905696916517,-0.002105990109942546,0.0,0.03592128717696763,0.06858335323777363,152235903.0,-0.9900000000000002,-0.8699999999999992,-0.6534212458134725,-0.4022753784544246,0.120000000000001,6.2138077782514225,18.41822272549865,18.84094186913445
2023-06-09,0.005390848634876377,-0.0009431133454441465,0.00020311219586389653,0.06501385953699235,0.07101388089717886,97656000.0,-0.9900000000000002,-0.9100000000000001,-2.1407020976809736,-0.2847484575645751,0.08000000000000007,6.3901399908567305,17.461312872462,18.396961657331772
2023-06-12,0.0017905107737883341,-0.00040209999024156675,-9.99886550543394e-05,0.06786259381352845,0.06521929646547216,108661000.0,-0.9600000000000009,-0.8699999999999992,-0.052341749015255346,-0.4259817037037035,0.09000000000000163,6.327490255478864,17.68708870608032,18.503743502063895
2023-06-13,0.0029027596579611625,0.000312395466839277,-0.00019813264991519475,0.0716107748542685,0.06357302310483234,98750000.0,-0.9700000000000006,-0.9100000000000001,-0.9112016743899254,-0.329763786891089,0.0600000000000005,6.1427683211991475,17.39384401948809,18.408101961745505
2023-06-14,0.0033389012655149486,0.0021447926725951306,2.116872567383053e-05,0.04770658306090508,0.06459146773619662,97669300.0,-0.9800000000000004,-0.9399999999999995,-0.4286466131971274,-0.6092604545454563,0.040000000000000924,6.108803039525215,19.243109816409806,18.39709784040709
2023-06-15,0.006202944124607868,0.003925192891349738,0.0003260760148871846,0.028927204919875067,0.06803191956990905,87971784.0,-0.9800000000000004,-0.9399999999999995,-0.3822426277372255,-0.4052223128626995,0.040000000000000924,6.0695360825281375,19.140956591900565,18.292526684664015
2023-06-16,0.010657294473988443,0.0007155642695767739,0.0,0.10417913664610436,0.07684194040934715,128192338.0,-0.9800000000000004,-0.9499999999999993,-1.7700774,-0.6234589010894318,0.030000000000001137,6.17314006192842,17.72753356339242,18.669042334674145
2023-06-19,0.0005578800702572551,0.00046903812887055807,3.506987831450711e-05,0.10374448258094866,0.07686272190079635,123113953.0,-0.9600000000000009,-0.8800000000000008,,,0.08000000000000007,6.116862956502316,,18.628620931603873
2023-06-20,0.0005129749312358101,-8.918816474512425e-06,0.0005231389818768626,0.10157721574474532,0.06815157952442315,87828872.0,-0.7899999999999991,-0.8100000000000005,-0.6683261243969056,-0.7265554897959188,-0.02000000000000135,6.262292889987602,18.799945603558054,18.290900842818683
2023-06-21,6.689485246624827e-05,-0.0006900780400707518,0.0006995691013887496,0.09729281486672021,0.06639539366142982,114881949.0,-0.8499999999999996,-0.5500000000000007,-0.5684751326143687,-1.0141022380952407,0.29999999999999893,6.4217198240233655,19.572222554324384,18.559415628649525
2023-06-22,0.0018972161262418297,-0.0023101100902406914,0.00021325180117597107,0.07574700697144367,0.060826922960334505,125559643.0,-0.8900000000000006,-0.7199999999999989,-1.4282141011960352,-0.48546608093070276,0.1700000000000017,6.261758824208524,17.317849568282632,18.6482914466718
2023-06-23,0.001228021365601073,6.695307767721204e-05,0.000293106808576389,0.0188898311063375,0.0608742738791801,117332500.0,-0.7899999999999991,-0.5899999999999999,-1.4767413561459932,-1.0302013947520976,0.1999999999999993,6.037679970904945,18.168628509273532,18.580522342596314
2023-06-26,0.004897060426380939,0.0009347891489019488,0.0006494091045233743,0.03967605370892992,0.061925499117954454,126015684.0,-0.46999999999999886,-0.5599999999999987,-0.705248273203269,-0.8944497301587315,-0.08999999999999986,6.5252349153690705,19.058677728147252,18.65191693335971
2023-06-27,0.001442281272926671,0.001120650417240121,0.0006377646350684987,0.03960206904690536,0.06187965937250596,128750000.0,0.019999999999999574,-0.28999999999999915,-0.8094099135802484,-1.225490057776172,-0.3099999999999987,6.431411593990203,18.209959712636714,18.67338309750812
2023-06-29,0.006629858538669708,0.0024600010954673123,0.000718632200021853,0.053165288017247146,0.06361962346238935,180526412.0,0.6999999999999993,0.21999999999999886,0.358233917948926,-1.6910896428571416,-0.4800000000000004,6.982454504882337,18.823081160687686,19.011387651902282
2023-06-30,0.007739120992956039,0.0012916201221244705,0.0003394555528376266,0.08805596018799373,0.07005461445534017,225934976.0,0.8599999999999994,0.41000000000000014,-0.7030095355184578,-1.6327540981660533,-0.4499999999999993,7.303755738274516,17.99574990179312,19.23575779902398
2023-07-01,0.004895425886998872,6.693067160448151e-05,-4.246961050209597e-05,0.09845176980325966,0.07153024542111444,59886372.0,0.8200000000000003,-0.3500000000000014,,,-1.1700000000000017,7.072438863921906,,17.90795952467991
2023-07-03,0.00011153867615121271,-0.0009347891489019488,-2.7612633765695617e-05,0.08893184763604373,0.07151746678531931,167895547.0,0.8299999999999983,0.120000000000001,0.215756666204026,-1.5515054676269102,-0.7099999999999973,6.808365790098804,17.17658014853565,18.93885259995693
2023-07-04,0.007052136463433278,-0.002633672696173939,-0.0003198783700137296,0.09487529571969872,0.07552461636361991,157065882.0,0.870000000000001,0.10999999999999943,,,-0.7600000000000016,6.863740693562717,,18.872175905865543
2023-07-05,0.0014592807214413028,-0.00366778825961962,-0.00021849749625733157,0.065678272571406,0.07576008278130546,223352004.0,0.5799999999999983,-0.10999999999999943,-0.8723274690718377,-1.4484146173215322,-0.6899999999999977,6.984271776879115,18.50392606240429,19.224259578186892
2023-07-10,0.006978866686192298,-0.0035157373982668714,-0.0002735347306824734,0.06287101664767904,0.07693411257444499,218320950.0,0.05999999999999872,0.14000000000000057,-1.7533701857640747,-0.8507087456526232,0.08000000000000185,6.959009072589542,18.04508798115899,19.201476785765664
2023-07-11,0.002193752081268485,-0.0029754026371207943,-0.00024947259316358367,0.06205622788224239,0.07675308360095646,188823865.0,-0.39000000000000057,0.010000000000001563,-1.5770520621233306,-0.99967512153437,0.40000000000000213,7.108334152046923,17.492295416431585,19.056325207289106
2023-07-12,0.0019904105006034456,-0.0025550128017698625,-0.0004113982186051518,0.06951355242378786,0.07447460371698893,186078534.0,-0.5700000000000003,-0.10999999999999943,-1.1384150493965013,-0.6466594098360634,0.46000000000000085,7.105162473194133,18.330496812456758,19.041679368371693
2023-07-13,0.00459895305370317,-0.00022479489834257294,-0.0002776628719425406,0.07121714883267076,0.07613770366847898,144733986.0,-0.5899999999999999,-0.4299999999999997,-3.3043904883509168,-1.0196936953509237,0.16000000000000014,6.762764188411395,18.207640383094827,18.790408036172842
2023-07-14,0.0017528488274143328,-0.00016608127714796695,-0.00033242053054000867,0.07168346479162452,0.07563501808450744,123208102.0,-0.5500000000000007,-0.5100000000000016,-2.0396241066190957,-0.95580149180328,0.03999999999999915,6.634515085427567,18.294365912059178,18.629385369888418
2023-07-17,0.0017528488274143328,0.000879122294607626,-0.0005748848206794983,0.04504370929922229,0.07457004740996724,107876000.0,-0.010000000000001563,-0.23999999999999844,-2.4487964060846164,-1.69090640666637,-0.22999999999999687,6.663898686070386,18.11913370217202,18.496492977313313
2023-07-18,0.003266688345688884,0.0006645350417235462,-0.0010258197002174388,0.05002377063245897,0.07084739800389848,118280838.0,0.35999999999999943,-0.05000000000000071,-2.8952665402935427,-1.9120477169811316,-0.41000000000000014,6.656765083846269,17.582635020242442,18.58857233780678
2023-07-19,0.0007894885652266481,0.0004243506546481868,-0.0004807347935881488,0.04872821359581935,0.06175285398095212,187032780.0,0.28000000000000114,0.129999999999999,-1.5822999187100777,-1.9302257437891779,-0.15000000000000213,6.8610409587570445,18.45948216729288,19.04679445357429
2023-07-20,0.0013519605484226815,-0.00022504784640791086,-0.0004429214374850332,0.03461049350059138,0.06198197547604287,121700600.0,0.14000000000000057,0.08999999999999986,-1.4011589469485042,-1.4091974655316708,-0.05000000000000071,6.828560545010589,18.02733935565087,18.617074488101725
2023-07-21,0.0029678949746472227,1.7961383038667122e-05,-0.0003260204830368707,0.039687546593143344,0.0630334865896947,164136605.0,-0.08999999999999986,-0.10999999999999943,-1.57536922335437,-1.3389303770753287,-0.019999999999999574,6.918536947346814,17.825767356181412,18.91620959638912
2023-07-24,0.0007405994705464991,0.0005166510426308335,-0.0002875683724172161,0.036498069842328285,0.06313729410593667,92495100.0,-0.03999999999999915,-0.0799999999999983,-2.2074466666666694,-1.43504586453796,-0.03999999999999915,6.80296126949605,16.523560759066484,18.342666228106562
2023-07-25,0.0019311961449792747,0.0007837494827727554,-0.00028918646854757057,0.028024441795109843,0.06314831825482516,140941140.0,-0.19000000000000128,0.0,-1.6355838521705586,-1.4393064092009666,0.19000000000000128,6.8178196304752605,17.878761862937342,18.763852914378756
2023-07-26,0.0003597041472209739,0.000553910940283231,-0.00036479244534862046,0.029173597322279664,0.06290672495433924,106872577.0,0.010000000000001563,0.019999999999999574,-2.061755806718505,-1.604265854655866,0.00999999999999801,6.825612033389368,18.371773148888195,18.48714781361917
2023-07-27,0.0007422986855747382,0.000135059093483747,-0.0006333333554417479,0.029352386078257412,0.05992589469309164,197038739.0,0.10999999999999943,0.05000000000000071,-2.3595579088940433,-1.792171467191876,-0.05999999999999872,6.849723542730689,17.86956596979058,19.098910912040285
2023-07-28,0.002000697539307872,-5.838039358412317e-05,-0.0006067421046616907,0.02373776399139519,0.060200191321630826,125091086.0,0.14999999999999858,0.10999999999999943,-2.7795315749182663,-1.8877870367647294,-0.03999999999999915,6.7530877989699984,17.54065443663641,18.64455271790238
2023-07-31,0.0015507537746870526,-0.0005166510426308335,-0.0009962950719643936,0.024442231091648052,0.054178376460635,85543190.0,0.25,-0.03999999999999915,-2.445597004923137,-2.1017122137450794,-0.28999999999999915,6.847230027228334,17.296113521301372,18.26453195256243
2023-08-01,0.0005624613456118865,-0.00024290408275735588,-0.0006545493744718149,0.021163423796816364,0.048310427854560384,162739240.0,0.0799999999999983,-0.019999999999999574,-2.8303142567208415,-1.868240083180467,-0.09999999999999787,6.755291508855642,17.00481338049011,18.907659723196073
2023-08-02,0.0006753714799714317,-0.0003060375493074474,-0.00045359440270860353,0.021390611818378,0.04578871218475086,199583632.0,0.17999999999999972,0.0799999999999983,-3.9279574892421554,-2.0605286547884205,-0.10000000000000142,6.793477343279501,18.436580588820632,19.11174391447111
2023-08-03,0.0026762939205120517,0.00037768097190991055,-0.00032084046953416234,0.02930282355859388,0.047052107944409324,189879124.0,0.23999999999999844,0.10000000000000142,-2.7473721698384423,-2.6804610599266123,-0.13999999999999702,6.773503627033131,19.29322019513369,19.061898238196683
2023-08-04,0.00011230529081984741,-4.4919594115633285e-05,9.627681542667688e-06,0.025525892056189946,0.04018260427905388,143648237.0,0.17999999999999972,0.05000000000000071,-2.872653111662009,-5.614477353276351,-0.129999999999999,6.608162555504521,20.312678381991375,18.782878070428776
2023-08-07,0.0032741328136429715,0.0009200577235503715,9.604920974274715e-05,0.030156411177552554,0.041478485646501285,111260395.0,-0.03999999999999915,-0.019999999999999574,-2.4046084706274744,-2.9048799345857415,0.019999999999999574,6.613639219421077,20.318036401065367,18.527383912847792
2023-08-08,0.00015673454797404673,0.0010012030830779395,0.0004209126448959972,0.029015805701531363,0.03259845294672323,144734206.0,0.010000000000001563,-0.07000000000000028,-2.9351300010679555,-3.311565122236672,-0.08000000000000185,6.456094388384118,20.262995326846276,18.79040955620168
2023-08-09,0.0024213086890094715,0.0006520156412703315,0.00041007661595595025,0.036937481900936875,0.03283708454431043,184112820.0,0.25,0.10000000000000142,-3.6633500971830095,-2.5821687495664776,-0.14999999999999858,6.456832447949189,19.850119851913515,19.031059279846183
2023-08-10,0.001010611505924075,-8.536544401689383e-05,0.0002671708061213064,0.03330315022470331,0.032662421463875504,100895962.0,0.41000000000000014,0.05999999999999872,-3.5787314613697223,-3.626618192897654,-0.3500000000000014,6.5511517610639345,19.55205059685865,18.429600464701416
2023-08-11,0.0035886547429075932,0.0006548265627285943,0.00021906136275008845,0.04227140049941746,0.031125505977594056,179463300.0,0.5899999999999999,0.08999999999999986,-5.0042793846153835,-2.966391856577296,-0.5,6.629719860915456,19.15304863766559,19.00548128816395
2023-08-14,0.007472292616517606,0.0014944585233035213,0.0004914158288978634,0.06372344896474795,0.03977947123069842,162548615.0,0.3299999999999983,0.129999999999999,-5.410926317751985,-3.2611515319148925,-0.1999999999999993,6.690394972423655,19.166893246680836,18.906487684222643
2023-08-15,0.0043682231837518515,0.002399450069648701,0.0007828954484772055,0.06442989393897088,0.041058939364465044,117757580.0,0.28999999999999915,0.10999999999999943,-4.391945077809915,-3.8054187925736134,-0.17999999999999972,6.670931072799508,20.162549443566956,18.584138662461942
2023-08-16,0.01619664076935834,0.006123039961322263,0.0017097206444318352,0.10155014300156233,0.06515725158467929,158470180.0,0.3000000000000007,0.14000000000000057,-4.825583855994381,-3.245433635135136,-0.16000000000000014,6.585288506373142,19.982409143103474,18.881076994780024
2023-08-17,0.0068341102350037986,0.0076919843095078376,0.0019975597715640803,0.07976766269311847,0.0674072917977346,190591982.0,0.28000000000000114,0.120000000000001,-4.596183824988712,-4.164423281999902,-0.16000000000000014,6.556337918270423,18.630543697224333,19.06564548114318
2023-08-18,0.018549358911131186,0.003264381578700082,0.0010498778925377057,0.20617779805494738,0.09808297378811714,185051000.0,0.3299999999999983,0.14000000000000057,-2.976033253316409,-4.527856621415939,-0.18999999999999773,6.63467277889807,19.529818115763646,19.036142020726718
2023-08-21,0.0015406627896163982,0.0020780556133198403,0.0009819144551552856,0.2028241569086094,0.09785565780128651,148465400.0,0.5,0.129999999999999,-3.0218761189587404,-3.3859002851312088,-0.370000000000001,6.740259278506742,19.85556167708964,18.8158624924261
2023-08-22,0.0024221084174227414,0.0007199892930849217,0.0008313093176329408,0.20372060911766776,0.09856467561876164,148433797.0,0.6400000000000006,0.14999999999999858,-3.435945165329837,-3.108306725854991,-0.490000000000002,6.753274544692897,19.386943417612102,18.81564960535575
2023-08-23,0.01715795329804415,0.0009122517988220836,0.0017403164339673896,0.20838252706650343,0.11295507527810233,145825422.0,0.4299999999999997,0.16000000000000014,-4.709834604130766,-3.639643050026322,-0.2699999999999996,6.735494937982497,19.48130763614926,18.79792072447944
2023-08-24,0.004670114379837997,-0.0013885931241462758,0.0015350588038427694,0.20373917289435461,0.1149343891646449,198856715.0,0.5199999999999996,0.21999999999999886,-3.959733590096228,-3.849774811573548,-0.3000000000000007,6.900911916500129,20.027224251635463,19.108095098220552
2023-08-25,0.012333814255607756,0.004788041509201512,0.002157730848660983,0.15100442504217318,0.12046285808593526,149057987.0,0.41000000000000014,0.05000000000000071,-5.243673834480973,-3.667139805152198,-0.35999999999999943,6.970373206960842,18.447216534894178,18.819845962697624
2023-08-28,0.003231020581446309,0.0038337048349889715,0.0019086014143393556,0.16094197842510755,0.12190346112078666,126453775.0,0.6400000000000006,0.28999999999999915,-5.563668717852961,-4.48414849668519,-0.3500000000000014,7.0573297898159355,18.22408418236894,18.65538738433175
2023-08-29,0.002808687165629209,0.003756389085347678,0.001848699824294491,0.16190912968248555,0.12242999582612721,203021500.0,0.629999999999999,0.14999999999999858,-4.388174349141565,-3.701000034711333,-0.4800000000000004,7.068137928257338,19.581357245179717,19.128822442727902
2023-08-31,0.00891019694758377,-0.001457240963777906,0.0014511886051529728,0.12823886248546,0.1277988227639116,122938900.0,0.6999999999999993,0.2699999999999996,-5.1157360787215715,-4.112542515161891,-0.4299999999999997,7.047908449165542,18.895519539916613,18.627198041949065
2023-09-01,0.001288758492504094,-0.0007809697863111253,0.0014219796997942745,0.12511039220199693,0.12794500776769124,134031841.0,0.7300000000000004,0.3000000000000007,-5.1386524091677686,-4.0505775338242,-0.4299999999999997,7.114200180673295,18.65059810115358,18.713587949091153
2023-09-04,0.0017470686455487439,-0.0028983189083229277,0.0013777308771769743,0.06170249476619881,0.1278706960487933,131480127.0,0.6099999999999994,0.3000000000000007,,,-0.3099999999999987,7.087548642587258,,18.694366272686203
2023-09-05,0.004767044649620189,-0.001298705862109628,0.0016100808743407854,0.08182881931916673,0.12827079675176037,184017137.0,0.6999999999999993,0.17999999999999972,-5.262834254443188,-4.2003632569020635,-0.5199999999999996,7.01864348874978,18.976959369751196,19.030539447105948
2023-09-06,0.006493529310548141,0.0005617374331258418,0.001763385469431508,0.09637070062627794,0.12927789442971718,170415716.0,0.75,0.4800000000000004,-4.216764915116062,-4.5849642695427235,-0.2699999999999996,7.01147545001003,20.005237676056005,18.953751398153507
2023-09-07,0.003446051224141655,0.003032987067470927,0.0019349466966751127,0.047280990626761804,0.12920606289495756,124119339.0,0.6999999999999993,0.4200000000000017,-4.215175893283103,-3.967699415669456,-0.2799999999999976,6.972437539788667,19.83716235057866,18.636754072038812
2023-09-08,0.002475648430863231,0.0027956090797990997,0.0019323590899201718,0.05433967170041395,0.12922928232754594,181016250.0,0.5199999999999996,0.370000000000001,-3.9876349184434883,-3.659589009892775,-0.14999999999999858,7.0972344918626895,19.888753528596045,19.014097364205732
2023-09-11,0.0033464704410199886,0.0017769012624853531,0.0018211277120584615,0.07023761876941695,0.13014959174485208,166727900.0,0.25,0.23000000000000043,-3.6410750670985568,-3.6825937256015138,-0.019999999999999574,7.094309531932367,20.364728588566155,18.931873700243504
2023-09-12,0.0012967367280660724,0.0010828396781745297,0.0017119887589707701,0.06506016949788586,0.1299994807993129,176260053.0,0.14000000000000057,0.14999999999999858,-5.142576093688973,-3.22430678829018,0.00999999999999801,6.982565861390313,19.86119000254313,18.987471036327904
2023-09-13,0.006029303364006644,0.0009899944888662304,0.0016432749850416766,0.06266739620279144,0.12928800330515125,196976600.0,0.5,0.4299999999999997,-5.365331344004648,-4.057899920602775,-0.07000000000000028,6.944790914282965,19.651533571618497,19.098595497921266
2023-09-14,0.00021466137251024975,0.00034371651853994936,0.0014454863273635052,0.05876629339735372,0.12898524349599433,134248714.0,0.4400000000000013,0.14000000000000057,-4.9318579824959485,-3.245578735961283,-0.3000000000000007,6.939883592733659,19.624193442445844,18.715204712163978
2023-09-15,0.00513809736674542,0.0018664656780616796,0.0009188890224771757,0.06058394350614995,0.11829584662513466,136197790.0,0.4800000000000004,0.3200000000000003,-4.912954657894737,-4.64878174909091,-0.16000000000000014,6.848270632147245,19.755681810684706,18.72961872541001
2023-09-18,0.010113114151960367,0.004558382596657751,0.0010750320661417742,0.06293044541203338,0.12087890541302058,148471134.0,0.3099999999999987,0.25,-4.738558169709538,-4.868059712087362,-0.05999999999999872,6.997166274582744,20.179267352841258,18.815901113473657
2023-09-19,0.004512767327616629,0.0033964817855212104,0.001743441189166277,0.08971496319444489,0.10017205034546475,149578960.0,0.17999999999999972,0.19000000000000128,-4.859664201906332,-4.28323801635992,0.010000000000001563,7.015865012076139,19.97551824266102,18.823334971902447
2023-09-20,0.005400210071853095,0.0032706631270905005,0.001927229154987072,0.08865680037728675,0.10096271879270102,133962900.0,0.28000000000000114,0.3200000000000003,-4.58327874429772,-4.810863267605635,0.03999999999999915,7.063835524570865,19.847397019571172,18.713073453909168
2023-09-21,0.007406817802648291,0.004709094413118109,0.00239527326070474,0.08773648174037235,0.1013680485036245,168900781.0,0.4299999999999997,0.3099999999999987,-4.282250954164011,-4.725835173271708,-0.120000000000001,7.072930676941121,20.171484529168566,18.94482200580523
2023-09-22,0.00586622933092773,0.002508229073583479,0.0012988836117060793,0.11491760806512101,0.08984092233579369,156592500.0,0.5,0.379999999999999,-4.881564076535197,-4.178293050505051,-0.120000000000001,7.161047749646671,19.888890542707262,18.869157447653777
2023-09-25,0.0007594456412096662,0.0003337171149494722,0.0014851059325931427,0.09351852198470809,0.08755954194155297,122591860.0,0.5599999999999987,0.28999999999999915,-4.783158288571565,-4.7220794923076905,-0.2699999999999996,7.158179310977896,19.75406053660354,18.62437118448238
2023-09-26,0.01122723088503541,0.00348171675747988,0.001432411486375412,0.10779818850052315,0.0859001845194844,173093017.0,0.629999999999999,0.1999999999999993,-4.9138081428571425,-3.8735360699999983,-0.4299999999999997,7.140944206137547,19.67344371244773,18.96933967848928
2023-09-27,0.0007306508336109019,0.002255544576387081,0.0015514767124628123,0.10969431719696988,0.08461692628849614,216087300.0,0.620000000000001,0.35999999999999943,-4.8292756051136365,-4.732693610169493,-0.26000000000000156,7.164851847314331,19.67914173356237,19.19119305066176
2023-09-28,0.010180074272551742,-0.001261833838652926,0.0012004582787998345,0.12730493197985884,0.09285478918779021,241412888.0,0.6600000000000001,0.3500000000000014,-4.081202399842102,-4.82967993548387,-0.3099999999999987,7.2620604171479854,20.19582952811214,19.30201925376928
2023-09-29,0.008403410796379518,0.0015920941868085236,0.002024915790417134,0.1348723093328882,0.08836195834817497,153923770.0,0.6400000000000006,0.4200000000000017,-4.029585582151746,-4.483679655391324,-0.21999999999999886,7.22273388794304,20.311677520201346,18.85196803782496
2023-10-02,0.002513616740316138,0.0012412599669872292,0.001966589207187989,0.13735129008249028,0.08903999272240859,179664519.0,0.4200000000000017,0.379999999999999,-4.1447077729100865,-4.042135819680638,-0.0400000000000027,7.256854600215059,20.258123174037237,19.006601886515906
2023-10-03,0.0,-0.0010041862100198529,0.0018833954621618584,0.10531793722024395,0.08929956288240765,186509971.0,0.3000000000000007,0.28999999999999915,-3.967351293103448,-3.7928888615384615,-0.010000000000001563,7.123648610859227,20.17853866150474,19.043995259425976
2023-10-04,0.0008385744726204791,-0.0006903411487735767,0.0016963254537333008,0.10616054049704107,0.08873630910937602,161065174.0,-0.23000000000000043,-0.05999999999999872,-2.8040288288863913,-2.933588639693115,0.1700000000000017,7.274632007305463,20.087398962797213,18.89731964848972
2023-10-05,0.0020933648004639593,0.0017643466658295638,0.0014867938103959588,0.06470511022863083,0.08703181071167491,143794750.0,-0.6999999999999993,-0.6300000000000008,-3.044957657894736,-3.252902919420169,0.06999999999999851,7.141458876225594,19.755681810684706,18.783897493544416
2023-10-06,0.0012554929458321595,-0.00016743408261277182,0.00126291075468292,0.028441235558093293,0.08722189861444385,159848248.0,-0.9199999999999999,-1.3100000000000005,-3.49992694791702,-3.1876031898734176,-0.39000000000000057,7.2591442768916306,19.502519812034645,18.889735473134802
2023-10-09,0.0008371704130638591,0.0005027233480632276,0.0014206640329651624,0.019601717269906043,0.08618149775550034,137335840.0,-0.8100000000000005,-0.7300000000000004,,,0.08000000000000007,7.1780877130988054,,18.737939870906303
2023-10-10,0.0017798256281933433,0.00014675822242455895,0.0014952661669092883,0.025624658870320043,0.0852554938014199,167520710.0,-0.5500000000000007,-0.7899999999999991,-3.2512006976744185,-3.150021363336231,-0.23999999999999844,6.890476863181864,19.879295766651882,18.936617543377423
2023-10-11,0.0004190675807791422,6.285684405629154e-05,0.001453472397990863,0.02507837526551191,0.08533541930889145,126874923.0,0.03999999999999915,0.019999999999999574,-3.8260862318018276,-3.355481972972971,-0.019999999999999574,6.808586664985124,19.57366676375391,18.65871230086359
2023-10-12,0.0028321202126218026,-0.0009222401585608608,0.0010314998467228418,0.02432063727931923,0.08486820745646444,131372262.0,0.4299999999999997,-0.03999999999999915,-4.025499179280711,-3.867799174603176,-0.46999999999999886,6.745871441888128,19.565540283785793,18.6935455458405
2023-10-13,0.0015743902491083261,-0.0003562635195727637,0.0010962488408465597,0.029602065195239485,0.08483401370318971,165126826.0,0.4400000000000013,0.3099999999999987,-3.853876215557886,-3.103469857529202,-0.13000000000000256,6.803827070415935,19.850337115818334,18.922224379034795
2023-10-16,0.0003146798158866204,-0.0005866335653628596,0.0008365927845307484,0.027747866840231276,0.08365532190906165,143136214.0,0.5300000000000011,0.4499999999999993,-4.116544413999506,-3.359586621212122,-0.08000000000000185,6.906454433249089,19.811962646583297,18.779307280295196
2023-10-17,0.0024100184557402926,0.0002513352514238676,0.00046977870375836383,0.03201242457327545,0.07687343625383501,127013035.0,0.6900000000000013,0.4299999999999997,-3.268934875532697,-3.543796531914893,-0.26000000000000156,6.696873740958812,19.88956886373877,18.65980027695124
2023-10-18,0.001568627772626563,0.0004812472897933517,0.0007593689466270872,0.033401998050196495,0.07476459493706021,132000980.0,0.6400000000000006,0.35999999999999943,-2.984127768421052,-3.1367998124075243,-0.28000000000000114,6.781636346073069,19.978825361998915,18.69831990476551
2023-10-19,0.002504697615009377,0.0015486108553195877,0.0006214874010631007,0.01797580781264908,0.0731554831156883,110810950.0,0.5100000000000016,0.23999999999999844,-3.4557141922328274,-2.731395348694102,-0.2700000000000031,6.666345918861035,19.35490038017228,18.52333615410922
2023-10-20,0.0007298889850124723,0.001087755008495428,0.00023402517307925477,0.024150650486666148,0.06895577228126469,140176881.0,0.2699999999999996,0.3000000000000007,-3.264961349489452,-2.895645978947142,0.030000000000001137,6.812246079374685,19.240312295730316,18.758415618824586
2023-10-23,0.003489967284268758,0.0004526975148190004,0.0003471805086344439,0.04065100581269238,0.06676349110634466,148350538.0,0.41000000000000014,0.3500000000000014,-3.6768593850177886,-2.4825739090909096,-0.05999999999999872,6.940609615853084,19.358772105785373,18.81508853125334
2023-10-24,0.00236840285510187,-0.0005029867473494321,0.0002705634984491009,0.04030926931538697,0.06732976771456889,188503000.0,0.7100000000000009,0.379999999999999,-4.1865092987170165,-3.4567438580969654,-0.33000000000000185,7.02123573848514,19.616056701052784,19.05462447984506
2023-10-26,0.004732616500099596,-0.0017632356018946638,-0.0004894292341763755,0.0445110215950079,0.05642035565131966,174827789.0,0.7600000000000016,0.39000000000000057,-3.6923857636569064,-3.788869191577124,-0.370000000000001,7.000835701998149,20.022473909630467,18.97931198452291
2023-10-27,0.007831556590273792,-0.0038304864429512973,-0.0008275676035412751,0.042514163267596564,0.061899077190792656,252435930.0,0.8099999999999987,0.379999999999999,-3.306131292831866,-3.217549745471043,-0.4299999999999997,7.012862762630064,19.935807976915225,19.34666803190734
2023-10-30,0.0006372809562469328,-0.0035570524546994164,-0.0003124554497889572,0.04935361102712426,0.0518286532381498,120797312.0,0.7899999999999991,0.5199999999999996,-3.8991320061971155,-2.7048420157953466,-0.2699999999999996,6.835958480162452,19.369741466194785,18.609624591561786
2023-10-31,0.005216384852311684,-0.0039023359683080018,-0.0009610171473456811,0.050709013649563595,0.04382631293911615,148748166.0,0.7899999999999991,0.4400000000000013,-3.5271856571250826,-2.9964456176470584,-0.34999999999999787,6.904941323520501,19.417827672835557,18.81776527290224
2023-11-01,0.0020259110197260455,-0.0030234731933424185,-0.0007448491587722438,0.06628681100697152,0.04461414703481588,119695880.0,0.25,0.5799999999999983,-3.807152400789386,-2.6286869999999993,0.3299999999999983,6.961902497052583,18.702304826279867,18.600464750554053
2023-11-02,0.0066260796026478275,-0.003402165813852065,-0.001060376758898331,0.07058609419598975,0.04891736353319059,168723374.0,-0.25,-0.08999999999999986,-3.8666063773586163,-2.6708916707371486,0.16000000000000014,7.001354905715287,18.72342439177147,18.943771091564052
2023-11-03,0.0047291575671453145,-0.0027816860092263695,-0.0013255068560300352,0.061123086397973134,0.04998468040483206,192300000.0,-0.1999999999999993,-0.14000000000000057,-2.1666661387281643,-2.3905775293591844,0.05999999999999872,6.80022574603947,20.026470610350664,19.074567210559007
2023-11-06,0.0016173382144293313,-0.0032326098433616223,-0.0015022069995963825,0.05496329109139721,0.048414898120261125,155551470.0,-0.02999999999999936,-0.019999999999999574,-3.7098917894736854,-3.4520897807247763,0.009999999999999787,6.703016319344032,19.755681810684706,18.862487231600777
2023-11-07,0.004736794301837932,-0.001241974012531699,-0.0012168599878025685,0.07433723875132316,0.053029686504341964,221422614.0,-0.009999999999999787,-0.11999999999999922,-3.7791945660205126,-3.964950822593666,-0.10999999999999943,6.799323384799824,19.781657297087968,19.21558371394419
2023-11-08,0.00524879358310848,-0.0005973974998552123,-0.00100678269399092,0.08588691213296547,0.0572193079564506,194035000.0,-0.08999999999999986,-0.0600000000000005,-3.974910664686469,-2.3408613329356847,0.02999999999999936,6.845496823185565,19.463993830551182,19.08354911312638
2023-11-09,0.00021365238837756095,0.0007705488983498654,-0.0009118551693923056,0.06737073054788593,0.057296617239124686,179145000.0,-0.11999999999999922,-0.13000000000000078,-4.075086365039004,-2.337813152968751,-0.010000000000001563,6.6879685871055266,18.97455452952844,19.003706091752775
2023-11-10,0.0016035066774318096,0.0013956790762925664,-0.0010081682293071128,0.05352800596772807,0.05713279615276636,170428988.0,-0.2400000000000002,-0.08999999999999986,-3.3084940519802473,-2.8665079624264376,0.15000000000000036,6.673613973458386,19.819397625070813,18.953829275262063
2023-11-13,0.003966344911471076,0.0009258777368842175,-0.0010621789292523161,0.06352262196315442,0.0577211141892278,219612229.0,-0.11999999999999922,-0.05000000000000071,-2.7927891730769243,-2.816970644444444,0.06999999999999851,6.663158238448755,20.069339369539748,19.207373953662994
2023-11-14,0.0045862257009892105,-0.0009387262636812111,-0.0013555415935426751,0.06276257171781258,0.05811922623788685,212254683.0,-0.3200000000000003,-0.10999999999999943,-3.7551426097560974,-2.758527014380812,0.21000000000000085,6.695947237331673,19.138520537102682,19.173297446516575
2023-11-15,0.001879314063653048,-0.0023643477930335166,-0.0014300479862934573,0.0307032825271327,0.058018803066181776,253589349.0,-0.4800000000000004,-0.1999999999999993,-3.4156140666666683,-2.5149304615384604,0.28000000000000114,6.805190850626312,19.231610960168695,19.351226780433997
2023-11-16,0.0025979663887047977,-0.002926671548449988,-0.0016685234550765568,0.02068383612854687,0.05641382271363845,212037826.0,-0.6500000000000004,-0.33000000000000007,-2.829922946428571,-2.681876139085672,0.3200000000000003,6.705761486390662,19.450300161133523,19.172275241248826
2023-11-17,0.004542021434501109,-0.0016975659260634046,-0.0015269332807015786,0.05792994720252548,0.059423652026366416,186418055.0,-0.7200000000000006,-0.7300000000000004,-4.301705577490511,-2.9277481627906976,-0.009999999999999787,6.896057121569645,18.368446480676628,19.043502317112967
2023-11-20,0.003025720916537189,-0.0015094411270766273,-0.0017902865441085578,0.05596051112362353,0.057760906269431714,218895238.0,-0.7899999999999991,-0.7400000000000002,-4.754369625903561,-3.3732631188571585,0.049999999999998934,6.818125932644743,19.432500028149466,19.20410380803079
2023-11-21,0.00799726098141651,-0.002191648183162087,-0.002136351877270655,0.0709955179312405,0.06144835061268551,221353526.0,-0.9000000000000004,-0.8699999999999992,-3.3606589637169204,-3.4209636660308114,0.030000000000001137,6.803660628445544,19.82650701925836,19.21527164653893
2023-11-22,0.0020093485116410292,-0.0022176550727596835,-0.0020658462214312393,0.07096547321933563,0.06125113083999615,245774850.0,-0.9199999999999999,-1.0199999999999996,-3.1666361059179717,-2.9671528122433486,-0.09999999999999964,6.935555253839816,19.916438201375755,19.319926430902765
2023-11-23,0.007839761407967494,-0.00013010951342522502,-0.001579743161285079,0.10013399570833063,0.07017370615616758,173605581.0,-0.8900000000000006,-0.9900000000000002,,,-0.09999999999999964,6.976562799959411,,18.97229650829128
2023-11-24,0.0008673027430043945,-0.0008650532517245679,-0.001313080340184889,0.09243447279140933,0.06968307622945435,174718585.0,-0.8900000000000006,-0.9499999999999993,-4.469910397510656,-3.247865823374804,-0.05999999999999872,6.928488845369044,19.642631155355364,18.97868715181586
2023-11-27,0.005215135679107696,-0.0013029362042386694,-0.001188488868224599,0.09685959597856549,0.06714231943161374,155363063.0,-0.34999999999999964,-0.3100000000000005,-3.2633877646023226,-3.176603717048721,0.03999999999999915,7.200932226915879,19.263028051980136,18.861275277812425
2023-11-28,0.0010887317351961912,0.0005142623390838707,-0.001166991212084158,0.07667247722441616,0.06731498890740831,214800060.0,0.28000000000000114,-0.22000000000000064,-2.836292010403305,-4.0578557487057125,-0.5000000000000018,6.916655553768857,19.99373525505441,19.185218199928553
2023-11-29,0.001633542426961121,0.0005894235560198524,-0.0009963796680198453,0.07593609049083083,0.0657247190834482,177063304.0,0.7100000000000009,0.08999999999999986,-3.5201479646830656,-3.6935429278049714,-0.620000000000001,6.9387790270838,19.093925682254724,18.992017876314204
2023-11-30,0.0011981919629677762,-0.0007388903329800911,-0.0010357948611988107,0.04384175904631893,0.06530635201256467,153154217.0,0.8099999999999987,-0.08999999999999986,-3.223738164741654,-3.0872477817419686,-0.8999999999999986,7.05702836839637,19.311257966998873,18.846955925960284
2023-12-01,0.004670114379837997,2.167199438662948e-05,-0.000497880862032819,0.05848561762382447,0.06484453936515074,145840629.0,0.5799999999999983,0.16000000000000014,-2.3778947052023103,-2.3683966358625987,-0.41999999999999815,7.026817496136901,20.077002242285317,18.798025001271075
2023-12-04,0.0008448050410923003,0.0012336601384266288,-0.0002324540711643611,0.03567664426410597,0.0631134022713241,140334457.0,0.13000000000000078,-0.22000000000000064,-3.353977022633744,-3.5444602115445765,-0.3500000000000014,6.811046121064104,20.001719181864768,18.759539110072378
2023-12-05,0.0020374110262162404,0.0006084315861441425,-0.00025245753839230913,0.042690243713569345,0.06324617960877268,222280717.0,-0.6300000000000008,-0.4399999999999995,-3.806604653722781,-2.858564629441764,0.19000000000000128,7.016582777702655,19.255566407894868,19.21945163203212
2023-12-06,0.0008682440311007511,0.0007614912653162165,-0.0005193641256751036,0.04044486486716947,0.06060000005508957,144130851.0,-0.8699999999999992,-0.7300000000000004,-3.9297838614213827,-3.4989695486265067,0.1399999999999988,7.095105835797533,19.513029457324503,18.786232132433724
2023-12-07,0.0038074563265810824,-0.00023963839259355524,-0.0009506141213746066,0.05121721592731741,0.05779406056871994,199914380.0,-0.9000000000000004,-0.7699999999999996,-4.055556978554655,-3.3166298385054844,0.13000000000000078,7.068631860564591,19.386891333080936,19.113399732851345
2023-12-08,8.719726206152245e-05,-0.0011911007209734592,-0.0009649402952050391,0.028650418652457536,0.057727054142927496,162709395.0,-0.9499999999999993,-0.8599999999999994,-3.7979794329840484,-3.47393346374524,0.08999999999999986,7.031343653226755,19.42915152186954,18.907476314836817
2023-12-11,0.0002398316829150815,-0.0014080280657749356,-0.0009000033907042425,0.024533720002643054,0.057730269437379446,182972786.0,-0.9499999999999993,-0.7899999999999991,-3.191273009062016,-3.570414102153256,0.16000000000000014,6.9208787877985145,19.963835807326465,19.024847989364694
2023-12-12,0.00458967038878022,-0.0019184799382877316,-0.0009296855562903923,0.0336542766781709,0.058186011297213056,195005684.0,-0.9600000000000009,-0.9399999999999995,-3.4383456238733032,-3.4431665345930256,0.02000000000000135,7.102400585464924,19.87312794749178,19.088539264821154
2023-12-13,0.003280484079161816,-0.0010887343162352182,-0.0005550803286641529,0.050488537415911916,0.05833829696598885,184284903.0,-0.9800000000000004,-1.0899999999999999,-4.688994326236825,-3.6420431981080412,-0.10999999999999943,7.209147930417107,19.31082050034174,19.031993503929407
2023-12-14,0.003280484079161816,-0.0009833398667513649,-0.0006218027103550466,0.04881157040845787,0.058937884524604564,206200442.0,-1.0,-1.0,-4.541026086382493,-4.277740198542929,0.0,7.1664049606135665,19.219963839470385,19.14435927309479
2023-12-15,0.00458967038878022,-4.79663365830163e-05,-0.00027953429237956957,0.06334869279222749,0.06112021141904534,202267250.0,-1.0,-1.0199999999999996,-4.700755374606883,-3.45295837762054,-0.019999999999999574,7.187619370505851,19.443940696823763,19.125100400747925
2023-12-19,0.0017459629053373504,-0.0003491925810674701,-0.0005789621180861628,0.06452748706489739,0.05870379001919283,177407500.0,-1.0,-0.9900000000000002,-5.033575172960086,-4.004930467076235,0.009999999999999787,7.302253806697116,19.192510515338444,18.993959904285436
2023-12-20,0.005366053504638479,-0.0005044692042391219,-0.0006904065270433671,0.06788960074521784,0.06046620396340288,172159985.0,-1.0,-0.9800000000000004,-3.471352627351008,-4.215491188387734,0.019999999999999574,7.289624173235115,19.951042980986465,18.963934747809436
2023-12-21,0.009072587781913555,0.0006539515363112258,0.0001224434140675883,0.09519516071474754,0.06332140847683078,166470387.0,-1.0,-0.9800000000000004,-4.128422881099478,-2.852852991907236,0.019999999999999574,7.270918130856394,19.433171368809578,18.930327995710687
2023-12-22,0.0030514409030448775,0.0006997601715346136,7.281996685788121e-05,0.09461087166554631,0.0638640325894898,145020965.0,-1.0,-0.9800000000000004,-4.6662354356739115,-3.849696665347368,0.019999999999999574,7.172478297861446,19.638632116265264,18.792388876140166
2023-12-25,0.0010920608271085541,-0.00043658607164314133,-0.0003525049014790734,0.08828054079347897,0.05733886941029654,158202400.0,-0.9900000000000002,-0.9900000000000002,,,0.0,7.121026256420027,,18.879385783852793
2023-12-26,0.0013120491713829452,-0.0003498033248522603,-0.00045628356406894675,0.08792812701969976,0.057251632389803464,186560183.0,-0.5999999999999996,-0.8699999999999992,-2.8857918297647647,-3.783153712015629,-0.2699999999999996,7.066330442046091,19.843767511697358,19.044264442043588
2023-12-27,0.0032876741941922916,6.587253723697729e-05,-0.00036449968383487984,0.08145816054281689,0.05559841364347293,216330768.0,-0.40000000000000036,-0.5500000000000007,-4.636495877366086,-2.8387801220825857,-0.15000000000000036,7.137715543623269,19.503226318103643,19.192319127686492
2023-12-28,0.0032985186586644843,-0.0024083487508786304,-0.0005734163692568168,0.017594351440017277,0.05622714469880995,189604280.0,-0.22000000000000064,-0.6600000000000001,-5.563564220864672,-4.225762351075721,-0.4399999999999995,7.117351477910972,19.569867556254206,19.060449721370073
2023-12-29,0.005162860921537948,-0.0007654883859620654,-0.0002497781145663849,0.055178683789530794,0.059449288192700726,129758795.0,0.4400000000000013,-0.25,-6.5882127280314435,-4.212423902945622,-0.6900000000000013,7.181310536198938,20.064385581305213,18.68118786191341
2024-01-03,0.0014233319313188275,-0.000262409834276589,-0.00023905716369252534,0.057097060864332944,0.05952345101139714,130416963.0,-0.009999999999999787,-0.3000000000000007,-6.336749541562931,-4.615736659953884,-0.2900000000000009,7.03784450413981,19.711721569163636,18.68624728335242
2024-01-04,0.005485477276671702,-0.0010970954553343403,-0.0007226567663834634,0.06848263539579208,0.059365933627978255,116064358.0,-0.8699999999999992,-0.9900000000000002,-5.364020691236069,-4.46077941210814,-0.120000000000001,6.843685981075459,19.60996702736267,18.56965540556511
2024-01-05,0.0023129037239568717,-0.0009021413612872564,-0.000873023850433424,0.06684841845799419,0.05932316542863858,150569391.0,-1.0600000000000005,-1.1899999999999995,-4.913213188495407,-4.349285746869619,-0.129999999999999,6.6200998728414735,19.674447297259416,18.829934605660643
2024-01-08,0.0004409657220616481,-0.00015424448514202992,-0.0007550059100392388,0.06359542884269147,0.059331477830647836,155246000.0,-1.0500000000000007,-1.08,-5.4767170222026635,-5.3253775999999995,-0.02999999999999936,6.794116145491083,19.551904694412443,18.860521513550612
2024-01-09,0.0018279326332333312,-0.0008212301428029533,-0.0006266165450709492,0.04868944221754717,0.059998023912028735,163385510.0,-1.0,-1.0099999999999998,-5.190191047405142,-5.252184031114751,-0.009999999999999787,6.77887590605801,19.01270950952,18.911623058367468
2024-01-10,0.0019161102229565685,-0.0014891185736580325,-0.0005365524448983532,0.04459004924722187,0.05908539766636078,142326221.0,-1.0999999999999996,-1.0899999999999999,-5.125731660558021,-5.012620864864866,0.009999999999999787,6.863730243532151,18.925577949321447,18.773632311721233
2024-01-11,0.0035556181936833298,-0.0011031467570603581,-0.0007017153464041536,0.034701822523221626,0.059968058238260985,196321436.0,-1.0,-1.0099999999999998,-5.2702627377033,-4.904244093352146,-0.009999999999999787,6.8701572485668185,18.770259569894325,19.09526385348855
2024-01-12,0.0011068069751916099,-0.0008619274073073058,-0.0007429998841316074,0.03307094261634236,0.059959124670961185,162211204.0,-1.0,-1.0,-5.396493724739614,-5.255898725952813,0.0,6.731387960476397,18.723420380142073,18.904409772475788
2024-01-15,0.00028797058468743586,-0.0010077146686571226,-0.0005381570363176653,0.0316354500903938,0.058310908906520985,150167345.0,-1.0,-1.0199999999999996,,,-0.019999999999999574,6.652398405303276,,18.82726086353746
2024-01-16,0.001837157571516812,-0.0010058696810004264,-0.0006068868700150464,0.03168756828831251,0.05732599267852881,193038247.0,-1.0,-1.0399999999999991,-5.388338154471544,-5.050892051365624,-0.03999999999999915,6.637231818621117,18.627694913336693,19.07839889822034
2024-01-17,0.001988291829222888,-0.00022498927056453512,-0.0003559927791395843,0.03639533514607119,0.05713499365916004,178955120.0,-0.9299999999999997,-1.0199999999999996,-5.299379936930073,-5.169015,-0.08999999999999986,6.682409304112727,19.125344849398182,19.002645606110963
2024-01-18,0.004534653570444469,-0.000420796345916763,-0.0007904843962455219,0.042234945061135794,0.05591311083249376,201435549.0,-0.21000000000000085,-0.9600000000000009,-5.718512981796419,-5.76918102981346,-0.75,6.6167209272489345,19.372396533044714,19.12098003210674
2024-01-19,0.002997504325986,-0.0007989358160756411,-0.0008500816067526005,0.04612357478474383,0.056348974449858064,247312484.0,-0.4399999999999995,-0.9000000000000004,-5.3822342215639445,-5.38760192857143,-0.46000000000000085,6.583782596429318,19.06735824094407,19.32616321241444
2024-01-22,0.005127644720632318,-0.0017668706432646176,-0.0008387288075142118,0.054738371909229436,0.05611379039805609,173232470.0,-0.2400000000000002,-0.5,-5.417524986781407,-5.714354900334495,-0.2599999999999998,6.553206644273412,19.02064572894265,18.97014500765373
2024-01-23,0.006502994102070225,-0.003434900977982025,-0.0015804231829420108,0.05210271799846568,0.04658008697492795,160229212.0,-0.8300000000000001,-0.5700000000000003,-5.110529467234445,-4.789374791044777,0.2599999999999998,6.58849997669125,19.261415238211708,18.892115923041494
2024-01-24,0.004086128583313808,-0.003015333627163841,-0.0012405389216868354,0.06610596164807735,0.05016429111033046,149919750.0,-0.6400000000000006,-0.5999999999999996,-5.586399405203471,-5.428236905405404,0.040000000000000924,6.3957122478097075,18.75494554598157,18.825610708896967
2024-01-25,0.003980238254824187,-0.0013123552621101097,-0.0009990008701662287,0.07996328027754886,0.05333079294321308,255467880.0,-0.15000000000000036,-0.5199999999999996,-5.906375361840405,-5.673517609374999,-0.3699999999999992,6.53532834995077,19.35564954948058,19.358607245419616
2024-01-26,0.004786562263968008,0.0002444580558806919,-0.0007085908018161833,0.08829023799509315,0.05694189479192126,170338460.0,-0.2400000000000002,-0.5,-5.517721901364638,-5.425667074503853,-0.2599999999999998,6.415669626590199,19.37645753838692,18.953297956894296
2024-01-29,0.0018896243048365235,0.0008920621390398509,-0.0006420169975611467,0.07830601228285121,0.05634687733741528,157184575.0,-0.28999999999999915,-0.47000000000000064,-5.970376478874819,-5.743403758806153,-0.1800000000000015,6.742656554083698,18.80482778827029,18.872931309735293
2024-01-30,0.0015588467692913,0.001880891605595636,-0.0005591754790195665,0.05250710278450933,0.05563117619842028,225972130.0,-0.7400000000000002,-0.5899999999999999,-5.6050501645477855,-5.377850369876564,0.15000000000000036,6.337268111158079,18.962279771838134,19.23592223104813
2024-01-31,0.0012250126817310303,0.0013086684252790804,-0.000746692061867515,0.048729664323400125,0.05208731394439451,137310600.0,-0.9299999999999997,-0.8599999999999994,-5.4764026434090685,-5.246741129032259,0.07000000000000028,6.454773944900584,18.990722619423497,18.737756070962845
2024-02-01,0.0015569398162886827,0.0008240087375719796,-0.0007403297816308552,0.043067650455618,0.052159455337549565,131825750.0,-1.0399999999999991,-0.9499999999999993,-5.24546963015405,-5.164790067082629,0.08999999999999986,6.3275617133991116,18.859382188084886,18.69699153272552
2024-02-02,0.00410313855394584,0.0006873239955675458,-0.0002837290277919246,0.03920639946834878,0.05174285104880532,159651265.0,-1.1799999999999997,-0.9900000000000002,-5.415207691748272,-4.866810073529413,0.1899999999999995,6.267067712394554,18.69488775924514,18.88850240067651
2024-02-05,0.006486223018089987,0.002362493460152848,0.0001352770075436401,0.04851128517716873,0.05618249803391354,217045775.0,-1.1300000000000008,-1.1400000000000006,-5.473264950581129,-5.292782670251135,-0.009999999999999787,6.353117082259493,18.509332441546928,19.19561883395949
2024-02-06,0.002289640382074687,0.0022163347375961707,5.248145441909864e-06,0.05235779185597311,0.0567883154517052,196938044.0,-1.1099999999999994,-1.0899999999999999,-5.410194350696138,-5.263958836038961,0.019999999999999574,6.184849676257916,19.04559886838698,19.098399739775637
2024-02-07,0.002316986748469141,0.0015079348515561364,-0.00019212896797249357,0.06177429645070964,0.05692709433526113,191888360.0,-1.1799999999999997,-1.2300000000000004,-5.298088195286196,-5.484037921438823,-0.05000000000000071,6.298121698650009,18.816095516207028,19.072424302546267
2024-02-08,0.0060938640743222194,-2.2225926566044053e-05,-0.0003910696275613341,0.08196936489597399,0.0602630674909995,195684869.0,-1.2100000000000009,-1.25,-5.472524451323739,-4.930718722983254,-0.03999999999999915,6.320444500827955,18.9122527873883,19.092016112054733
2024-02-09,0.007608332197950318,-0.002364520076945276,-0.0005840560087169049,0.08685731282791685,0.06443540527043501,253834760.0,-1.2400000000000002,-1.2300000000000004,-5.222221068370283,-5.0931193328677065,0.009999999999999787,6.303497710423594,18.917165629114294,19.352194062101468
2024-02-12,0.0035994181429206407,-0.002941881051979145,-0.00035995005071155973,0.06888295841671281,0.06599778390782608,181409171.0,-1.1099999999999994,-1.0199999999999996,-5.146900564160445,-4.9154348495596505,0.08999999999999986,6.247617252029137,18.84938492096305,19.016265651147954
2024-02-13,0.0007813808512757703,-0.002640229145819362,-0.00038344577769195657,0.07059367190922489,0.06601313457766343,130679532.0,-0.8699999999999992,-0.8300000000000001,-5.491152405909798,-5.34694535975,0.03999999999999915,6.241269503375682,19.043780926200277,18.688258563423513
2024-02-14,0.0002233139803831108,-0.002132169000048911,-0.00046029547250784714,0.07356743096976083,0.06556430756915262,200063599.0,-0.2699999999999996,-0.6799999999999997,-5.926437343750001,-5.2276040320831925,-0.41000000000000014,6.387131812736035,18.890684373198102,19.114145868962616
2024-02-15,0.0023417908666818477,-0.0004450380118480979,-0.0004434621850098014,0.06919384837002943,0.06574184673299432,178744783.0,-0.7699999999999996,-0.8800000000000008,-5.506553750170006,-5.392356363636365,-0.11000000000000121,6.280246015003064,18.686469951983625,19.001469553098485
2024-02-16,0.001558152791594658,0.0013882589860608973,-0.00015332854872222393,0.02737115226931455,0.06433740431763214,122782400.0,-0.8399999999999999,-0.9499999999999993,-5.2587773002481395,-5.339904695611578,-0.10999999999999943,6.224221738938162,19.81444711991096,18.6259242409301
2024-02-19,0.0026654835861403825,0.0012014720747048457,0.00011633754233141333,0.023085509232660992,0.06417359384256613,119803550.0,-0.9399999999999995,-0.9399999999999995,,,0.0,6.395044546180748,,18.601363875927785
2024-02-20,0.004426744723351916,0.002243097189630383,0.0005713084682354245,0.02447087736547481,0.06285769331784599,177406752.0,-0.9600000000000009,-0.9499999999999993,-5.218100219403155,-5.262085461538462,0.010000000000001563,6.358552586095142,19.645916858257923,18.993955687994823
2024-02-21,0.005092449840581104,0.0011799444254375403,0.0006384772425920493,0.05810178165338984,0.06102052183372692,289210076.0,-0.7799999999999994,-0.8900000000000006,-5.496200407377655,-5.466141505247377,-0.11000000000000121,6.275571486380309,18.98367669839712,19.48266388858248
2024-02-22,0.0009983915633249296,0.0009112645647661565,0.0004914421464021027,0.05718488627438894,0.05974653478371183,156019902.0,-0.7599999999999998,-0.9499999999999993,-5.5147717920534784,-5.52891970886933,-0.1899999999999995,6.380664762750111,19.084726068604887,18.865494133999643
2024-02-23,0.0008874099306712679,0.0004221520203129714,0.00025964937566422394,0.058070729787858565,0.058532248866560034,167774427.0,-0.46000000000000085,-0.9499999999999993,-4.429413608553755,-2.435843384047267,-0.48999999999999844,6.449015968414478,19.594171406509986,18.938130938714412
2024-02-26,0.005899065467791509,-0.0012907577904734068,-0.0002491900401338483,0.06817823519968493,0.05980985377841369,340793913.0,0.6600000000000001,-0.17999999999999972,-5.94985720929936,-5.5191712142857146,-0.8399999999999999,6.413229422629599,19.429612861201306,19.646788491844433
2024-02-27,0.00501086734123124,-0.001173933266897542,7.940480015509283e-05,0.07131811295752341,0.062155940942191,152682125.0,0.8599999999999994,0.4499999999999993,-5.39006528138094,-3.4522694245283017,-0.41000000000000014,6.422970951419707,19.303381086769214,18.843868703742878
2024-02-28,0.00011106791814619044,-0.00013322971515208337,0.0001589245471759257,0.06230397126154962,0.061869893471373144,241621000.0,0.5600000000000005,0.21000000000000085,-4.630762965545495,-3.698876322580645,-0.34999999999999964,6.627697401683173,19.44103804269357,19.302880940777364
2024-02-29,0.0019971159417186968,6.651516052667006e-05,0.0001956913690801003,0.06383148699358288,0.062094929894605674,117611301.0,0.27999999999999936,-0.009999999999999787,-3.644751007657659,-2.5089106860304273,-0.28999999999999915,6.554460330702629,19.536023681513143,18.58289568575056
2024-03-01,0.0026566320694465517,0.000775323560550234,0.00024805766684952264,0.065433324354733,0.06251412196784599,148826876.0,-0.6400000000000006,-0.6300000000000008,-3.064952389798375,-1.8072547241379322,0.009999999999999787,6.327597440444489,19.297519625563115,18.81829428233332
2024-03-04,0.00044228218323727475,0.0018666802174610807,3.1609060316993365e-05,0.03454341059195165,0.060945606350517205,232063690.0,-0.8699999999999992,-0.8300000000000001,-1.4279269050780972,-1.9469401333333334,0.03999999999999915,6.345636360828596,19.733159013394207,19.262522417817323
2024-03-05,0.009556690135905654,-0.001046831277966298,-0.0007323391851113705,0.0782152497468017,0.06475636834798973,302548800.0,-1.1999999999999993,-0.9900000000000002,-3.836541913267631,-3.0713957582417564,0.20999999999999908,6.335054251498059,18.95081357819824,19.527753144738174
2024-03-06,0.0006701664497441584,-0.0012030781515443678,-0.0006552213788099168,0.07768144797325954,0.06450817756191937,317609729.0,-1.2400000000000002,-1.0700000000000003,-5.048033524900726,-4.505934702850956,0.16999999999999993,6.3435112974624746,19.264073632709675,19.576333919739614
2024-03-07,0.0022371373983567366,-0.0020499288195594545,-0.0006514190288045642,0.07232336751419985,0.06448284789839506,282206870.0,-1.25,-1.0500000000000007,-4.664913668230435,-4.82637967478256,0.1999999999999993,6.358968148929027,19.80501546372878,19.458150941523236
2024-03-11,0.007808182447812229,-0.0010196187438863192,1.0583186535171424e-05,0.09809798784253876,0.06760606565141614,166800775.0,-1.17,-1.0099999999999998,-5.3576075002321595,-4.686690519754478,0.16000000000000014,6.3088085718209665,18.966281376819012,18.9323106941611
2024-03-12,0.002336059797547918,-0.0013983742667484477,0.0002616437770305238,0.09831687408565513,0.0623849633806577,156400302.0,-1.1300000000000008,-1.0,-5.4195130922932595,-4.976891860122697,0.13000000000000078,6.2636077644540995,18.65183968602304,18.86792931701991
2024-03-13,0.0022249425131395384,0.0009579522630605908,0.00019619255656475704,0.06746236369051795,0.061635574785127316,187693359.0,-1.0299999999999994,-0.9600000000000009,-5.748922059387503,-4.9356287384615385,0.06999999999999851,6.064087488577834,19.063697979487195,19.050320120003807
2024-03-14,0.004767430166698894,0.00013849951966964368,6.380684401751155e-06,0.07897967358029233,0.06393592789131106,164323788.0,-1.1799999999999997,-1.0,-5.392640279051269,-4.979438395522388,0.17999999999999972,6.293973653802932,18.740939093040677,18.917349356459148
2024-03-15,0.0048785474511072735,0.0015616364895624456,0.0002280584687219494,0.08160729645222276,0.06613097695379663,125622000.0,-1.2100000000000009,-1.1099999999999994,-5.480000063012502,-5.112716006655573,0.10000000000000142,6.167055168562644,18.713205705662507,18.648787955895454
2024-03-18,0.0007780804038413081,-0.00015561608076826162,7.949317012560863e-05,0.060145579317664975,0.06575656647555124,257328699.0,-1.2699999999999996,-1.0899999999999999,-5.292832886627233,-5.201356120426045,0.17999999999999972,6.206313795597372,18.720894308242833,19.365864810091416
2024-03-19,0.004327329914982414,0.0011770618617378049,0.0002113587474297875,0.0634398669164031,0.06722448833533477,255359687.0,-1.1300000000000008,-1.0700000000000003,-5.192678812586674,-5.304674326192215,0.0600000000000005,6.233881173765777,19.752557408503797,19.358183646504415
2024-03-20,0.003104903802874759,0.00011109259853494535,-6.342160442807638e-05,0.06893930163681608,0.0675413706824642,271102400.0,-0.9199999999999999,-0.9600000000000009,-5.341519629358405,-5.566886977895667,-0.040000000000000924,6.183406347278927,19.728151465075346,19.418007167251545
2024-03-26,8.884545339249428e-05,0.001082347722553223,-0.000269988236330906,0.05437010643010384,0.0655499991293129,215483783.0,-0.9600000000000009,-0.9299999999999997,-5.214045157392741,-4.27834045913864,0.030000000000001137,6.6940792687295305,18.672725794152953,19.188396211776205
2024-03-27,0.0015336914952426284,-0.0002001000667167574,-0.00010052355321955004,0.044286408791015974,0.06337426713819486,239040000.0,-1.0099999999999998,-0.9499999999999993,-4.9444454724591544,-3.7310956928852246,0.0600000000000005,6.460889884175023,19.16690052973705,19.292141459908727
2024-03-28,0.0032306606386844905,-0.0006906161136853939,-0.0003019069914104748,0.0494273202891519,0.06413893214667941,304088707.0,-0.9600000000000009,-0.9000000000000004,-4.848537816763148,-2.865533998477929,0.0600000000000005,6.402911726893694,19.30649967857184,19.532830016147454
2024-03-29,0.002614438994091195,-0.002078969895500116,-0.0003841464706209475,0.02197116052167234,0.06461482740429014,213302800.0,-0.8399999999999999,-0.8399999999999999,-4.8564137504869755,-3.6727758217525697,0.0,6.345162564394263,19.35213898538546,19.178223310406523
2024-04-01,0.0011851654469241524,-0.0012209560455403335,-4.6802141348773184e-05,0.02925339663504433,0.061585502101503334,114990417.0,-0.75,-0.8200000000000003,-5.072268741159947,-2.8846448746031754,-0.07000000000000028,6.076035448558252,19.459385744083992,18.56035935242057
2024-04-02,0.0006930394527397965,-0.0013773330267667916,-0.0003184167505854892,0.027523346196165904,0.05878951542169407,212682990.0,-0.9199999999999999,-0.6899999999999995,-4.9287300558479075,-3.5884339073564693,0.23000000000000043,6.327454524603811,19.18144872180249,19.175313305181295
2024-04-03,0.00022366361086323394,-0.0011153274498909127,-0.0003343563472049856,0.028604556101926835,0.058770135800145326,162800181.0,-1.2300000000000004,-1.0399999999999991,-4.883908056926192,-3.254217938440492,0.19000000000000128,6.366985778843074,19.38380811405846,18.90803412332571
2024-04-04,0.0011862530347954703,-0.0007064459291131087,-0.0004859453460866126,0.021999376878984487,0.05821084192219034,185293040.0,-1.5099999999999998,-1.33,-5.237789652527152,-4.986181256377581,0.17999999999999972,6.3356746264016355,19.405389032518315,19.03744912983781
2024-04-05,0.0008506637928737959,-1.342537172011049e-05,-0.00057194383544722,0.01600271293397681,0.05731160805002839,270046864.0,-1.5500000000000007,-1.2799999999999994,-4.9510344151650205,-4.440407703813726,0.27000000000000135,6.418919431441066,19.134872917008057,19.414106072271426
2024-04-08,0.0017468818130694785,-0.0005998348237188367,-0.0006340676273439916,0.015702410573218535,0.057452427578948924,250946624.0,-1.1099999999999994,-0.9900000000000002,-5.635981185770651,-5.281195975904117,0.11999999999999922,6.417842776796353,19.338023022757206,19.340750821095668
2024-04-09,0.001299254231737379,-0.00020137608682340157,-0.00011711789555146623,0.02057226366995897,0.04768689268762215,245559707.0,-1.25,-1.1400000000000006,-5.669557062791916,-5.064688823529412,0.10999999999999943,6.4668754059028135,19.23703837838579,19.319050681331785
2024-04-10,0.0034415748989555794,0.0005316716151403611,7.867931152947367e-05,0.03301510961690848,0.049189552991459856,151114956.0,-1.2899999999999991,-1.2100000000000009,-5.877959930166315,-5.419057388532471,0.0799999999999983,6.421280746079978,19.204223497395805,18.833551403152104
2024-04-11,0.0014288268192590436,0.00048315685824764645,0.00011717029148650666,0.033844796658154534,0.04878812003891456,257997700.0,-1.6899999999999995,-1.3900000000000006,-5.487055474491306,-5.017877963277835,0.29999999999999893,6.366814031311523,19.269941747540937,19.36846122811747
2024-04-12,0.003924371786407477,0.0010978984569543827,-6.777307334229104e-05,0.0419995727236819,0.04252709157384266,271345450.0,-1.83,-1.4499999999999993,-5.3594267640156925,-5.107339089847697,0.3800000000000008,6.341152639747148,19.307684286414872,19.41890329032131
2024-04-15,0.0019156667253268367,0.001064141474502911,-4.775435561747765e-05,0.04273054617205905,0.04226871498792512,196226654.0,-1.8200000000000003,-1.4399999999999995,-5.19652319821206,-4.762775369398426,0.3800000000000008,6.144207093122867,19.06860360814408,19.094780947040874
2024-04-16,0.00022294058725780275,0.0008488787456069957,-0.00014308778065946504,0.04303952335943903,0.04147386925352749,247757400.0,-1.3100000000000005,-1.0700000000000003,-5.642830593670311,-5.375333061625982,0.2400000000000002,5.955733737152183,19.172820443408362,19.32796059954768
2024-04-17,0.000869749500084005,-1.3386134200921162e-05,4.25160606079106e-05,0.03715897273319324,0.03805489082859022,182795312.0,-1.2699999999999996,-1.0500000000000007,-6.073520281338314,-5.476035060951009,0.21999999999999886,6.109047562761698,19.398384240623724,19.02387757114125
2024-04-18,0.002725649587351775,-0.00027275068781946744,-0.0003195885602710917,0.04119262018870502,0.0348619025673968,271345475.0,-1.4700000000000006,-1.2100000000000009,-6.191429092524399,-5.950112428392813,0.2599999999999998,6.221921291716416,19.533555127053685,19.418903382454783
2024-04-19,0.0016568899048241548,-0.0013890030260657938,-0.00036143663174646533,0.017754891027762627,0.035139346669948876,245261421.0,-1.0899999999999999,-0.8499999999999996,-6.407068593886135,-5.905778720150152,0.2400000000000002,6.081259546224197,19.331409955200982,19.317835224132793
2024-04-22,0.0011210763505982158,-0.0012300849511200696,-0.0006208845491550667,0.01715600996614924,0.030777075358558587,182077400.0,-0.9399999999999995,-0.8900000000000006,-6.551457318543735,-6.2845271445574244,0.049999999999998934,5.845455632972347,19.450235112589343,19.01994242936268
2024-04-23,0.005015360181766404,-0.002277745104924911,-0.0007118586624356213,0.02680037050290773,0.033325903938735704,223307298.0,-0.9499999999999993,-0.7699999999999996,-6.2065830522844685,-5.623732498369076,0.17999999999999972,5.736927073248503,19.204977620585368,19.22405939876625
2024-04-24,0.00015784073902214146,-0.0021353633527125384,-0.0007236056239791754,0.029497477928885147,0.0332621188665823,276842041.0,-0.7699999999999996,-0.7100000000000009,-6.566431220662691,-5.990700613418132,0.05999999999999872,6.130160704344572,19.051097719385364,19.438957652400283
2024-04-25,0.0021400019430135586,-0.0011622330466394715,-0.0005486678412050713,0.04124816666958291,0.03454454302870481,261149470.0,-0.5399999999999991,-0.5999999999999996,-2.766766164590525,-3.628477255132756,-0.0600000000000005,6.181836942091648,18.78272872921689,19.38060348335955
2024-04-26,0.0035842736268287823,-0.001547709791040397,-0.000565506554926228,0.044819249971755265,0.034910246683267136,375338494.0,0.33000000000000007,-0.2699999999999996,-1.6723760118257953,-1.437546488505749,-0.5999999999999996,6.301904434807036,18.710784471828283,19.743338827457226
2024-04-29,0.002509865536165279,-0.0018254676281538097,-0.0005605268664535654,0.045070144661900714,0.03483471112609159,296965704.0,0.46000000000000085,-0.4399999999999995,-3.858075346909107,-1.5357317362633616,-0.9000000000000004,6.269020523260754,19.39394294641589,19.50912721535178
2024-04-30,0.0015835316056440618,-0.0005056892706717164,-0.0005415570493716649,0.03967033529543011,0.035112478549272554,255177270.0,-0.5199999999999996,-0.35999999999999943,-3.6296460281275813,-2.3011565786388566,0.16000000000000014,6.517656501754438,19.482153928481733,19.357469038070054
2024-05-02,0.0015810279973189623,-0.00015791552340349568,-0.00043326812317839066,0.042453985942147755,0.03586449242318469,291928365.0,-1.0299999999999994,-1.0199999999999996,-3.6455814323175026,-0.9890721141506962,0.009999999999999787,6.563714472860972,19.513796313300414,19.492019004792905
2024-05-03,0.0009699649994088233,-0.00039192291212444277,-0.0003764286655463879,0.03914802868554118,0.036189274577433546,248682557.0,-1.4700000000000006,-1.0099999999999998,-4.345741960231383,-2.846652449573652,0.46000000000000085,6.436727125090212,19.663567970298473,19.331687769603043
2024-05-04,0.007309130443144518,-0.00113689427538759,-0.0006679942564201521,0.06107469281686414,0.04341073832567369,289184000.0,-1.3499999999999996,-0.9100000000000001,,,0.4399999999999995,6.1342436723361695,,19.48257372168382
2024-05-06,0.0016138384436654718,-0.0009576888568876285,-0.0007853515057791649,0.060129650137949936,0.04316318461443283,252712776.0,-0.9000000000000004,-0.7599999999999998,-4.78837748965049,-1.8949870508474564,0.14000000000000057,6.153221936707843,19.438409847122163,19.347764129054294
2024-05-10,0.0012731035888720044,-0.00101977446024204,-0.0006415426771152847,0.05933830575639697,0.04358128381780479,293443237.0,-1.0999999999999996,-0.9700000000000006,-4.792018831418293,-3.760615973293202,0.129999999999999,6.070807009667125,19.79388298100142,19.497194778187453
2024-05-13,0.003402135284225949,-0.0006555530028606426,-0.0005414054841396385,0.06545961784930554,0.045334771236074156,289061383.0,-1.17,-0.9199999999999999,-4.613056280333264,-2.915194265045777,0.25,6.1888594283994145,19.46700502261471,19.482149621447338
2024-05-14,0.0012461060802468893,-0.001098767218791785,-0.0007646283879111847,0.0638638341800197,0.04299332501382883,247978188.0,-1.0700000000000003,-0.8599999999999994,-4.976253954142269,-3.963287109249988,0.21000000000000085,6.251287122680683,19.537412112827255,19.32885134864838
2024-05-15,0.001563048942630374,0.0006756686583631932,-0.0006221581135354981,0.033216296706977455,0.043655061826851936,274650630.0,-1.0099999999999998,-0.8399999999999999,-4.861970570902233,-3.046750674726452,0.16999999999999993,5.7453721744153645,19.361504895258527,19.431010411578782
2024-05-16,0.003818048850626532,0.001762046117221594,-0.0006272211104774479,0.031990859536770125,0.04351687474601757,178781365.0,0.5700000000000003,-0.22000000000000064,-2.3953210499847835,-2.4130677765865034,-0.7900000000000009,6.03495497818251,19.50949990274392,19.001674192677058
2024-05-17,0.0020948548583774595,0.001926396371122685,-0.0004362438922058147,0.031730482652189876,0.04423248632687018,261629883.0,0.3800000000000008,0.13000000000000078,-3.269364641879461,-1.4001123397015505,-0.25,6.48218949916697,19.068265016893854,19.382441402674754
2024-05-20,0.0038552200244330592,0.0004749253093908834,-0.0006304420165720462,0.04808218328592876,0.045698418110674884,354980955.0,-0.8800000000000008,-0.8900000000000006,-4.795269741199329,-3.5556484000502717,-0.009999999999999787,6.5655607009505506,19.127362734329107,19.687574698113266
2024-05-21,0.0020350487520781613,0.000317136775024629,-0.0006859324571431966,0.050143285010935124,0.04595288761038929,317824571.0,-1.67,-1.1999999999999993,-4.219902942148005,-0.8504756313155752,0.47000000000000064,6.392000861979394,19.17670412726394,19.577010125000132
2024-05-22,0.0025770297056819658,0.0005199329276349473,-0.00043342391937968507,0.05220486420005191,0.04665325748586282,275367400.0,-1.7100000000000009,-1.1300000000000008,-4.35523399615912,-3.296976322146561,0.5800000000000001,6.348964150921271,19.05180524399208,19.433616763976925
2024-05-23,0.0011972667607400567,-0.0004831301946383704,-0.000411537102994728,0.043690972862115984,0.046528385707305796,196624569.0,-1.6799999999999997,-1.2699999999999996,-4.586447824102203,-2.1540779092140916,0.41000000000000014,6.398178874616578,19.068533568877804,19.096806727350486
2024-05-24,0.0016712592534480208,-0.0005678493156242581,-0.00027856874089728816,0.042194189521385476,0.04699498150979331,240092740.0,-1.75,-1.3000000000000007,-7.814959875350069,-4.910419649671567,0.4499999999999993,6.288471755019013,19.76629162179221,19.29653582333324
2024-05-27,0.003617049269595718,-0.0005202151646567898,-0.00021198250698439836,0.04104334518477298,0.04544314235996202,233144004.0,-1.8699999999999992,-1.4100000000000001,,,0.4599999999999991,6.364888441004683,,19.267166863538563
2024-05-28,0.0019231862933137833,0.0002714318444215991,-0.0001128859816350686,0.04145720656233994,0.04604222589996892,187702483.0,-1.58,-1.1199999999999992,-4.146279684548846,-1.8174171217948718,0.46000000000000085,6.402033276225189,19.868867393647793,19.050368730025447
2024-05-29,0.0030468905815004277,0.00036540401958529145,-6.970080837378912e-05,0.04320097029938464,0.04670377409925134,185320720.0,-1.2799999999999994,-1.0700000000000003,-4.4483553001129135,-3.8696888991824014,0.20999999999999908,6.502775053299487,18.840818736853237,19.03759850367677
2024-05-30,0.004384739162884621,0.001481805204310227,0.00030977599113637293,0.04834924328074896,0.047302336776960496,208631544.0,-1.5999999999999996,-1.0199999999999996,-2.4239150449158124,-3.4844891185654703,0.5800000000000001,6.363476278956927,19.904522462346037,19.15608030674013
2024-05-31,0.0035834304862918387,0.0018642394508789906,0.0005999329445867119,0.05067127063689438,0.04743512619242546,187895965.0,-1.6899999999999995,-1.4299999999999997,-3.6798469166571213,-3.831178439339043,0.2599999999999998,6.548634489256825,19.834236731990828,19.05139898996472
2024-06-03,0.0,0.0025876493047981342,0.0005245266776512803,0.02699769703774078,0.04733847868229885,115358006.0,-1.5,-1.08,-4.494207782646891,-3.1145044666801276,0.41999999999999993,6.278427611135146,19.41073035476858,18.56355094633072
2024-06-04,0.0026791710600484464,0.0027388462581450666,0.0005768192044479225,0.026351225505620263,0.04779790120896571,180978414.0,-1.3599999999999994,-1.0,-4.974489424521627,-4.540797919652878,0.35999999999999943,6.28815591371735,19.4484264317986,19.013888322449592
2024-06-05,0.0020980745593304206,0.0017098532299788971,0.00043072208260319655,0.04276463640315639,0.0486538575257641,191386791.0,-1.1600000000000001,-0.9399999999999995,-5.844341294280465,-5.001794359598266,0.22000000000000064,6.245912948250604,19.044727118629222,19.069807022062466
2024-06-06,2.234362257258482e-05,0.0008284366728874559,0.00077771193120186,0.03636424204922614,0.03978842649111178,174228001.0,-0.8900000000000006,-0.6699999999999999,-6.12294121356419,-5.972520327707317,0.22000000000000064,6.320264570280661,19.13080229134188,18.97587534999343
2024-06-07,0.00013407222043682054,8.493613154172407e-05,0.0008481769894508435,0.026989322561690583,0.038989924413922225,170561456.0,-0.5600000000000005,-0.5099999999999998,-5.946892742834052,-5.4554501948703,0.05000000000000071,6.251075023378852,19.1177330894203,18.954606235490683
2024-06-10,0.002834032580253165,0.0006517426475923571,0.0009225069414213749,0.03320984160808967,0.039574826087460775,136130021.0,-0.8800000000000008,-0.6699999999999999,-5.447961486906385,-5.329268714356928,0.21000000000000085,6.304521925890991,19.15082901265804,18.72912102375295
2024-06-11,0.005089974425883881,0.001133903320759444,0.0010028802338812764,0.04485165714386977,0.04130157210771299,146309285.0,-0.8900000000000006,-0.75,-5.944588974664251,-5.445930780231997,0.14000000000000057,6.2945831114968085,19.287943558796115,18.80123332945839
2024-06-12,0.0018862696300159243,0.0011762643066223432,0.0009723962553208462,0.04390534141577,0.04179735029140429,147837867.0,-0.9499999999999993,-0.7899999999999991,-5.732657271677312,-5.412683013498619,0.16000000000000014,6.231583202628153,19.19939780763202,18.811626737993826
2024-06-13,0.0005107535947059816,0.0012828837500780566,0.0009222869530387323,0.043145005742689056,0.041768930585796935,169902923.0,-0.9299999999999997,-0.7100000000000009,-5.818029189683397,-5.464588996784007,0.21999999999999886,6.113925513056159,18.69915984870555,18.950737790731957
2024-06-14,0.0033688721770817054,0.0019834726295817617,0.0009008975876318358,0.04306422500914996,0.041403946905302254,193630423.0,-0.9600000000000009,-0.7699999999999996,-5.729870824492197,-5.491744934456442,0.19000000000000128,6.313384989505802,19.027921391503185,19.08146186405603
2024-06-17,0.004305355218000351,0.002277737157131199,0.0010061595095186401,0.046057739510976664,0.04288859387319681,219699012.0,-1.0099999999999998,-0.8000000000000007,-5.3429776468378805,-3.9408092259263956,0.20999999999999908,6.193588731198116,19.151718811530948,19.207769040303308
2024-06-18,0.013349580020721064,0.003929658276098635,0.0018254357021450268,0.09212156282522065,0.057304352682398446,219144255.0,-1.0700000000000003,-0.7400000000000002,-5.571157130612288,-5.269309811147247,0.33000000000000007,6.185364646452523,18.71382181392651,19.20524076956419
2024-06-19,0.0010222614616814951,0.004102459909765521,0.001873663668354392,0.08883048624076796,0.056547055483265385,170350346.0,-1.1199999999999992,-0.7300000000000004,,,0.3899999999999988,6.2417562303412035,,18.9533677331816
2024-06-20,0.0037359673332773013,0.004747502657479785,0.0019288511744303602,0.08339981822897362,0.05687028298296471,158252239.0,-0.9900000000000002,-0.5700000000000003,-7.1034882922452685,-6.0606977174569705,0.41999999999999993,6.548634489256825,18.282128723326593,18.879700767387682
2024-06-21,0.00962292745437221,0.005998313712937886,0.002444098518007135,0.0885463686381796,0.06153660049278523,207875488.0,-0.05000000000000071,-0.41000000000000014,-6.966663286725036,-7.279132349999999,-0.35999999999999943,6.571247041712908,19.05395912324155,19.152449843039253
2024-06-24,0.0017377690137401203,0.00548479647208584,0.0024472656494496157,0.09338319051502059,0.06152650622829664,186301186.0,0.5800000000000001,0.21000000000000085,-6.50454806612605,-3.6106683042795016,-0.3699999999999992,6.735388013429548,19.28248502980494,19.042875201627776
2024-06-25,0.0016518823411511008,0.0024845039997114073,0.0025408450269945974,0.07208842775831922,0.05942672197800758,241168062.0,-0.13000000000000078,-0.22000000000000064,-6.671494722182078,-5.365318182846716,-0.08999999999999986,6.619246197986375,19.190460902582377,19.301004601114613
2024-06-26,0.003979997724000484,0.0018929567472476094,0.0022597410261701086,0.0833338700439505,0.0635734954467044,207025559.0,-1.25,-0.7899999999999991,-5.470457148114496,-4.404288396329369,0.46000000000000085,6.700029756646283,19.242681191751686,19.148352817037377
2024-06-27,0.006231888654703255,0.0023921410115328003,0.002411407601084529,0.08853309039288362,0.06501152232810321,229760060.0,-1.42,-1.0899999999999999,-5.865399059749548,-6.1989267078638886,0.33000000000000007,6.6819331434621665,19.16026747100056,19.25254610496616
2024-06-28,0.013109917907381252,0.0030895391021346086,0.002826892303203416,0.10783251342469032,0.0746587453952301,196338429.0,-1.3800000000000008,-1.17,-8.43142419893885,-7.230289429447949,0.21000000000000085,6.608648188860888,19.098013533617948,19.09535040677054
2024-07-01,0.0014789464148057263,0.00303777458234773,0.0027266787759897917,0.1080523514487515,0.07474592305985514,108839143.0,-1.4100000000000001,-1.1799999999999997,-6.273108647624695,-5.961782989257526,0.23000000000000043,6.363803664784045,19.081279680840062,18.50538159790492
2024-07-02,0.0020288269353967436,0.0029623856634986012,0.0026300679695423278,0.10911098567032805,0.07599836876122294,186005939.0,-1.5299999999999994,-1.3900000000000006,-5.5972538217245615,-2.9016955221987413,0.1399999999999988,6.499591532823639,19.254065058313962,19.041289161275248
2024-07-03,0.0027463838958858844,0.0043076619874758745,0.002633268580772682,0.09111354586803026,0.07599927258974962,138231605.0,-1.5199999999999996,-1.2400000000000002,-5.722796960805155,-5.406385291201336,0.27999999999999936,6.5784314316375285,19.337800172362677,18.74444113345611
2024-07-04,0.003159560290368013,0.0036931963146088266,0.002883632145044036,0.08962432774019098,0.07403198717666695,130735314.0,-1.3399999999999999,-1.2200000000000006,,,0.11999999999999922,6.48477263077626,,18.688685333377094
2024-07-05,0.008377012338048218,0.0027466152007422197,0.0032836014765021695,0.05954724867163005,0.07557933252456647,170690865.0,-1.4299999999999997,-1.3200000000000003,-6.562390756448395,-5.73864410056875,0.10999999999999943,6.523077607204158,19.23500395300827,18.955364671394204
2024-07-09,0.0005212405643160167,0.0025550740306442775,0.0033148068472046857,0.06119699755520755,0.07523928270699312,144571094.0,-1.3699999999999992,-1.0899999999999999,-6.571693602526149,-6.561051357588358,0.27999999999999936,6.269342465522244,19.245026786400885,18.789281944524443
2024-07-10,0.0049104209830792556,0.0019787552211077753,0.002946023344188856,0.07634068257069067,0.08046425548413674,169305510.0,-1.4800000000000004,-1.2300000000000004,-7.898260202256779,-6.378423834805634,0.25,6.222834171319403,19.26715346829415,18.94721539235049
2024-07-11,0.005250458349653542,0.00037938677199989,0.002453621783448979,0.09098071016642319,0.08484646476534402,179481164.0,-1.4700000000000006,-1.1999999999999993,-8.23707200237931,-8.290888251929138,0.27000000000000135,6.278352554373434,19.219574995448017,19.0055808244533
2024-07-12,0.0032691829801763106,-0.0009063618821089747,0.0023877687667746748,0.09004697315228924,0.08586684260113649,137838498.0,-1.4700000000000006,-1.3100000000000005,-3.901984164357531,-7.012371810104746,0.16000000000000014,6.358500628596365,19.709980029127294,18.74159325343276
2024-07-15,0.0001267641343707382,-0.002607117176592766,0.002357410779675783,0.04249920734810656,0.08607059249177662,184304902.0,-1.2200000000000006,-0.9600000000000009,-7.031204941589513,-2.3215368469503534,0.2599999999999998,6.220550407877821,19.14476037025213,19.032102020224478
2024-07-16,0.0034591163132668967,-0.0020195420268025897,0.0023617081194941257,0.05830284972084074,0.0860845214723833,159328387.0,-1.1600000000000001,-0.9199999999999999,-6.479326986516381,-6.39713969192557,0.2400000000000002,6.314670604378717,19.018759595459734,18.886477957372694
2024-07-17,0.001199457231648715,-0.0007975663838569958,0.002213808215382143,0.055273478335709676,0.0858730311016858,159150904.0,-1.08,-0.8900000000000006,-6.930296951424552,-6.966576538682322,0.1899999999999995,6.576330283582437,19.453117616946177,18.885363391852177
2024-07-18,0.007271082983932864,0.0017067418828602854,0.0019243559755350859,0.06270511903698955,0.07817799137925094,133971816.0,-1.1099999999999994,-0.9100000000000001,-2.488557579722679,-6.8981072037914695,0.1999999999999993,6.545651338962777,19.45404787965521,18.713140007434866
2024-07-19,0.007502445182485218,0.000860089442398504,0.0016157757983539561,0.08654039129700802,0.08424307800603244,303772461.0,-1.1199999999999992,-0.9199999999999999,-5.855387733603342,-6.722024446268452,0.1999999999999993,6.541419533701093,19.434737836746873,19.531789495564198
2024-07-22,0.004406082874690576,4.2256943345364565e-06,0.0012280591217840573,0.09457430139359715,0.08635619133343812,209879001.0,-1.0899999999999999,-0.9399999999999995,-4.444723540968468,-6.2819070109375,0.15000000000000036,6.4837646277585375,19.603558810566884,19.162041736908677
2024-07-23,0.0007814397897050185,-0.0005313096103778392,0.0008070358996570482,0.09022210386445859,0.08077766947567881,195319644.0,-1.1199999999999992,-0.9100000000000001,-4.91493486227249,-6.4073001920201476,0.20999999999999908,6.31895009556609,19.637150613646433,19.090147974506063
2024-07-24,6.333322779905615e-05,-0.0007585344111477709,0.0007273008622312833,0.08920381796422841,0.08074282443001168,155038500.0,-0.8300000000000001,-0.8000000000000007,-4.899995622724642,-5.744790918843976,0.02999999999999936,6.19766537769188,19.760014516208752,18.859184031137328
2024-07-25,0.0027405941049352123,-0.0016646321869473013,0.0009364664072830124,0.06639396142825021,0.08054549728636529,198103280.0,-0.13000000000000078,-0.3200000000000003,-5.046200567256696,-3.195271483755505,-0.1899999999999995,6.499636653408409,19.128334542873326,19.104299068826005
2024-07-26,0.0037966719304094454,-0.0009234775365321469,0.0009451962069778238,0.04872836923855781,0.08040688591853366,199395999.0,-0.02999999999999936,-0.4299999999999997,-5.788071346462695,-5.64296350377778,-0.40000000000000036,6.642265134036853,19.31061518008248,19.110803350095118
2024-07-29,0.00400717608864376,0.0007591742561347204,0.0008392575133559431,0.04743528039028496,0.07891940764398292,197121901.0,-0.6300000000000008,-0.6400000000000006,-5.449772365560673,-2.533158292470592,-0.009999999999999787,6.590246101632206,18.831152962202655,19.099332882134682
2024-07-30,0.0022125068289078342,0.00016038493241214978,0.00010961824019931991,0.05189872581109453,0.06563218179824026,141089780.0,-0.8300000000000001,-0.8000000000000007,-6.423577774038358,-5.996152361948354,0.02999999999999936,6.6393789783881685,19.00388274867586,18.764906983299728
2024-07-31,0.002422966684467731,0.0006323116237458848,0.00015457158637370108,0.05427009838505365,0.06596099417351423,128345996.0,-0.5,-0.5,-6.893532640787148,-6.763983639982394,0.0,6.635368961089475,19.1265170756283,18.670240268846243
2024-08-01,0.0003156067566036924,0.0001473141540795808,0.0002662112859927695,0.05096510212748423,0.06548140645514232,141143498.0,-0.8300000000000001,-0.8900000000000006,-7.615385918103017,-6.857742535336857,-0.0600000000000005,6.43274714808154,19.22212764646826,18.76528764713235
2024-08-02,0.0007365707703979041,0.0007593343860818891,0.00010035630188401765,0.039353586019127924,0.06492842509224164,195333338.0,-1.2300000000000004,-0.9900000000000002,-3.809353994733611,-7.372368102249577,0.2400000000000002,6.413753995606449,19.73187613819928,19.09021808276396
2024-08-05,0.009866950618404147,0.0019312892920339663,0.00041975584131430973,0.0753476709880156,0.07261305076400092,178861282.0,-1.2200000000000006,-1.0500000000000007,-6.43955126215201,-4.361192948742206,0.16999999999999993,6.359954419091251,19.350700795910768,19.00212110247375
2024-08-06,0.006189510172516677,0.001135888623312198,-0.00027388808776020906,0.09247103435598446,0.06998526466077101,195973274.0,-1.2599999999999998,-0.9299999999999997,-5.727913200250873,-5.4698722206915615,0.33000000000000007,6.392235320715731,19.166346842516297,19.093488850754454
2024-08-07,0.0019906759153878184,0.0010494304694962154,-0.00020391497580440898,0.092142310166723,0.07037962478182298,225832954.0,-1.25,-0.9900000000000002,-4.809825819387404,-5.044162337052218,0.2599999999999998,6.484910007042436,19.915546084172814,19.235306142343813
2024-08-08,0.0022843739958746667,0.0005294343190005435,-7.886511927085713e-05,0.09524338899457598,0.06873562037675608,199207842.0,-1.2599999999999998,-0.9700000000000006,-4.9380488732903665,-5.052136432593395,0.28999999999999915,6.431958904135541,19.73777148459358,19.109859269809775
2024-08-09,0.004375549998421491,0.0015518584727644224,0.00037951623063747775,0.09784159269781327,0.06769050597424683,194882041.0,-1.25,-0.9800000000000004,-5.049350237072937,-3.2893124161171077,0.2699999999999996,6.443765530053178,19.142279269088736,19.08790501554262
2024-08-12,0.0023994586651729932,5.836008211819177e-05,0.0006494515470826826,0.06752592905670796,0.06668126224949818,152432953.0,-1.2599999999999998,-1.0099999999999998,-5.371069064926669,-5.220838039440841,0.25,6.351496350484314,18.659693156223817,18.842235404877243
2024-08-13,0.00104144979211096,0.0015045520750437192,0.0007050807816770492,0.038762924930543174,0.06663269778497018,229192164.0,-1.1999999999999993,-0.8900000000000006,-1.8790991182505614,-5.0112249940711475,0.3099999999999987,6.373950989645736,19.46779024260604,19.250071353738743
2024-08-14,0.0019796828554632384,0.0007104803208735078,0.0004460903450708524,0.04531960331286402,0.06646368156856756,161799899.0,-1.1099999999999994,-0.9199999999999999,-5.26569869277893,-5.755475091269842,0.1899999999999995,6.40329270136473,19.974478686773413,18.90187093836103
2024-08-15,0.0006259781112074592,0.0010421594978069493,0.00035916485255389167,0.03958133382517983,0.06650377380200866,206118202.0,-1.2200000000000006,-1.0399999999999991,-5.841956211222732,-5.6391013807207875,0.1800000000000015,6.543249755928216,19.99763952362765,19.143960358312313
2024-08-16,0.0005845999832434501,5.012950147396111e-05,-1.4915288740218508e-05,0.02689570400460715,0.06160346972850901,236791539.0,-1.1099999999999994,-0.8800000000000008,-6.350127298749503,-6.31094574930573,0.22999999999999865,6.462998255185851,19.868334374616012,19.28269072976145
2024-08-19,0.0016512518775222418,-0.0007600126070650859,0.0002637129638770661,0.018742518172061455,0.055693700030740284,207088673.0,-1.0500000000000007,-0.8399999999999999,-6.849640972568223,-6.215250017908493,0.21000000000000085,6.3859361137412805,19.101212053010055,19.148657631485236
2024-08-20,0.005033250984042503,-0.0019749527622957785,0.00023384781581268856,0.02884927702530372,0.05639426146556504,251771707.0,-1.0700000000000003,-0.8800000000000008,-7.041522775007123,-6.727472687938167,0.1899999999999995,6.500208004669648,18.958161521556907,19.34403331027483
2024-08-21,0.006204039936747563,-0.0003382082038536183,0.0004920668704337621,0.06482945795074099,0.06006659651520394,200219912.0,-1.1199999999999992,-0.8599999999999994,-6.113357085790434,-6.975598329847256,0.2599999999999998,6.495779019258316,19.747736877860287,19.114926880438983
2024-08-22,0.0029418229209206004,0.00037535200257199364,0.0006291378082014546,0.06866618951696686,0.06063270566716819,186053544.0,-1.1300000000000008,-0.9499999999999993,-7.720035179835097,-7.108549848005927,0.1800000000000015,6.3798682672878515,19.49324273420834,19.041545061218322
2024-08-23,0.007575400726619108,0.0020073521445445053,0.0008593666949483069,0.08416635959256626,0.06491596896025258,353291286.0,-1.1199999999999992,-0.8599999999999994,-8.075717018681882,-7.7382622157356655,0.2599999999999998,6.435733614873086,19.249896053149644,19.6828034474342
2024-08-26,0.002898852842717403,0.001757831951505473,0.0009021199848384041,0.0879633350624519,0.06417486198331127,235645536.0,-1.1099999999999994,-0.9399999999999995,-8.425671209842687,-5.211590496282207,0.16999999999999993,6.55696299820156,19.33751436843366,19.2778392678064
2024-08-27,0.003240080097939746,0.0021164661287260246,0.0005570125473820467,0.07978241343511326,0.06466534252227632,208299251.0,-1.0600000000000005,-0.9399999999999995,-7.577658770719126,-7.368282361087962,0.120000000000001,6.595930775895465,18.81356031877603,19.15448631044941
2024-08-28,0.0012682046211649478,0.0011292990656095014,0.0007227607116712267,0.07107022941444545,0.06390669233531193,279147907.0,-1.0099999999999998,-0.8900000000000006,-6.913412016432899,-5.545243510133626,0.11999999999999922,6.6026285969239815,19.026252752256358,19.447252331931473
2024-08-29,0.0008307373271119189,0.0007070819468477652,0.0006469402660828548,0.06923488126134746,0.06361028444362343,176679049.0,-0.9600000000000009,-0.8800000000000008,-7.679353442145597,-7.483386705024738,0.08000000000000007,6.532290623146598,18.979913601436422,18.98984536206548
2024-09-02,0.0016594071428652768,-0.0004761167699030011,0.0007109307606667397,0.037916595582761815,0.06369236751029114,201049355.0,-1.1799999999999997,-0.9900000000000002,,,0.1899999999999995,6.449363965064568,,19.119060983145236
2024-09-03,0.0009322078462643546,0.0002900953678933504,0.0007903964090792282,0.03174748125679174,0.06347647943874135,190966665.0,-1.2799999999999994,-1.0600000000000005,-7.398832973327209,-4.9376343734577635,0.21999999999999886,6.440515825879068,19.444979423940396,19.06760944198317
2024-09-04,0.00014493203748067174,0.000967097794977434,0.0003274431433209675,0.008929765454211333,0.05421960884044297,236809342.0,-1.2100000000000009,-0.9399999999999995,-6.880244105172031,-6.692705802917471,0.27000000000000135,6.376386753984817,19.05271632476637,19.282765911209466
2024-09-05,0.001906499251209226,0.0003321570205025992,0.000531396044335608,0.021616264522517404,0.049563183729008434,291576473.0,-1.0700000000000003,-0.9100000000000001,-5.6444834264346895,-6.2791107171561045,0.16000000000000014,6.3846883687937925,19.91129232668807,19.490812872402074
2024-09-06,0.005407667088083379,-0.0009155238625364603,0.00017909399655126532,0.045131041493595786,0.05330355856330908,292562415.0,-1.0,-1.0,-4.831824939993808,-6.210988987502453,0.0,6.453530506239425,19.8226721813115,19.49418858648831
2024-09-09,0.00014597474662814136,-0.0012182103417838874,0.000294824889051399,0.040758201555452685,0.05254782507323321,220130242.0,-0.75,-0.7599999999999998,-6.7946687084355375,-4.331614928808634,-0.009999999999999787,6.3722270425757745,19.38904006959182,19.209729938239292
2024-09-10,0.004723694094001196,-0.0023493907298369975,-0.00013847244868301462,0.04172536600151447,0.053095335837474646,282714843.0,-0.4900000000000002,-0.7200000000000006,-5.840406501095959,-4.774219654924984,-0.23000000000000043,6.5100053323288,19.608038072614242,19.459949325707157
2024-09-11,0.0011307007360690235,-0.0021522369901193273,-0.00019888949292606078,0.045823507603848554,0.052509876577989896,198905489.0,-0.6300000000000008,-0.6300000000000008,-5.848502783719204,-6.130761383463023,0.0,6.485016842203516,20.015013546458835,19.10834034022572
2024-09-12,0.003655547441169915,-0.001039827651643499,-7.440865249468198e-05,0.061896720162773054,0.05404624769851833,248249712.0,-1.0,-0.8699999999999992,-5.096466383389794,-6.053526145421476,0.13000000000000078,6.515911971448012,19.780963107476154,19.329945700768036
2024-09-13,0.0016250342124788375,0.0003667126084689443,9.724454121684545e-05,0.0495328217482183,0.05388739886204456,232906025.0,-1.0299999999999994,-0.8599999999999994,-6.728572118788946,-4.707103440687472,0.16999999999999993,6.437607639367406,19.654511334945763,19.266145603991838
2024-09-16,0.001289812739923235,0.000595480207127963,0.00018847267698497374,0.04987613168398823,0.05397202163112942,231042017.0,-0.9100000000000001,-0.8399999999999999,-6.440950233482971,-6.143948327594452,0.07000000000000028,6.468660995893495,19.68935868053547,19.258110143720657
2024-09-17,0.0027063615977427347,0.0009989467063796554,8.743640962786496e-05,0.03661542631739337,0.054848304802497576,197843992.0,-0.9000000000000004,-0.8399999999999999,-5.565238317955677,-6.835088289232612,0.0600000000000005,6.4930274035947875,19.787300702054992,19.102989358895417
2024-09-18,0.001251564618941714,0.0005224936353775078,0.0001064691362269377,0.03983931381409629,0.05470595272342223,172129563.0,-0.9600000000000009,-0.8200000000000003,-5.267132031780278,-6.760145366209262,0.14000000000000057,6.6965032425106665,19.897337249880604,18.963758024465637
2024-09-19,0.00022962352280764264,-0.0002545405574180037,0.00033521330104764537,0.028534325968596962,0.0514535608762991,197192054.0,-0.9900000000000002,-0.9000000000000004,-5.584925885445628,-6.963391964786998,0.08999999999999986,6.557516719864095,19.837546161801605,19.09968870520333
2024-09-20,0.0018980284979308593,-0.00019994170032759938,0.000130165137294469,0.029708855959251306,0.047256053881133665,206116214.0,-0.9900000000000002,-0.9100000000000001,-6.467861281767749,-5.5852757658251,0.08000000000000007,6.5536484631491145,18.971694612661764,19.1439507133146
2024-09-23,0.0011454158590771257,-0.00022882107649682126,4.4621943873351153e-05,0.029267087023769022,0.046309581563314446,200659268.0,-0.8699999999999992,-0.8200000000000003,-6.03848497975633,-6.0434954586177,0.049999999999998934,6.622855997639722,19.104464221559343,19.117118843493362
2024-09-24,0.0038370951923178964,-0.0004549677954118536,-0.0004988302427426967,0.035692897823624795,0.03926454574076761,210718532.0,-0.08000000000000007,-0.5,-3.468236945698898,-4.886739110070408,-0.41999999999999993,6.621379020251064,19.734413310047298,19.16603382934424
2024-09-25,0.0016729055991593356,-0.000539235991455378,-0.0004404518025732649,0.03640358330043081,0.03854340312512115,254897386.0,0.1899999999999995,-0.41000000000000014,-3.518635561803203,-4.935288598505155,-0.5999999999999996,6.485352535566043,19.7133427916126,19.3563716142918
2024-09-26,0.0022995243848065172,-3.3406409932545955e-05,-0.00017666111291868094,0.04178844327478595,0.03824941745049011,271209167.0,-0.1899999999999995,-0.5099999999999998,-5.871625918261756,-5.033869026505807,-0.3200000000000003,6.6755835964579235,19.368579477993862,19.418400915081673
2024-09-27,0.004354581789154821,0.0004579042483122464,-2.9690771585829827e-05,0.05146114385467931,0.04110600344248504,167424605.0,-0.8599999999999994,-0.8300000000000001,-4.937604365404763,-5.164058678453303,0.02999999999999936,6.458730056121593,19.13772329255842,18.936043688492262
2024-09-30,0.0,0.00022882107649682126,-6.924969192449264e-05,0.051138534080020025,0.04098746529944972,146709359.0,-1.0700000000000003,-0.9299999999999997,-5.969797546637652,-5.669065760778636,0.14000000000000057,6.502865005624815,19.21749075091088,18.803964037942627
2024-10-01,0.0014542435304143453,0.0012870888210432696,-7.901938775548938e-05,0.03626955449425548,0.040884471972242264,254725499.0,-1.0199999999999996,-0.8499999999999996,-5.388047382734444,-5.8160775865727645,0.16999999999999993,6.355187098219355,18.816958241595536,19.35569704879807
2024-10-02,0.0037298012571733707,0.0023676301923098108,5.419934609732092e-05,0.027778203645926036,0.042857312816626865,250938486.0,-0.9700000000000006,-0.7599999999999998,-4.6310604488382765,-5.313046933925059,0.21000000000000085,6.317489543722835,19.81731140103527,19.34071839136289
2024-10-03,0.0022569400103211734,0.0014563373132842727,-6.0175513321814565e-05,0.043094107099141174,0.04359455631527762,288838297.0,-0.9199999999999999,-0.6699999999999999,-5.911196025250808,-5.920455484074461,0.25,6.231996048023419,19.07901405335146,19.48137756353209
2024-10-04,0.0018432039680105206,0.0009540617490554126,0.00011838178283150671,0.035466517352382876,0.04352866694843691,285840479.0,-0.7300000000000004,-0.6300000000000008,-6.373273195684247,-6.378208165610412,0.09999999999999964,6.186332073070455,18.693089340947644,19.47094444744069
2024-10-07,0.003511312086445173,0.0016563241663444471,0.0005430950768566758,0.038172897835639895,0.04009112005929354,186197977.0,-0.40000000000000036,-0.4800000000000004,-6.203865323495986,-6.330363839008705,-0.08000000000000007,6.31162591030169,18.99330986145098,19.042321058086564
2024-10-08,0.005346506669632767,0.0024347767941881315,0.0007907394541426104,0.04606094011248726,0.04335666412142839,270108266.0,-0.15000000000000036,-0.39000000000000057,-6.502683558028823,-6.530582316024226,-0.2400000000000002,6.373029645100096,19.273738448827192,19.41433342177476
2024-10-09,0.007457765576354802,0.0031803696580244177,0.0013708089622548008,0.0585692634261918,0.044358480850688095,273816735.0,-0.46000000000000085,-0.4499999999999993,-5.933452202157833,-6.290838820941485,0.010000000000001563,6.390475538809681,19.200855860114846,19.427969590207187
2024-10-10,0.003353150527861004,0.004302387765660854,0.0014766399047210857,0.034250911184781366,0.04487202672799041,363796889.0,-0.2599999999999998,-0.3800000000000008,-6.049599722903455,-5.612741927717904,-0.120000000000001,6.517198487607091,19.417799157788647,19.712106272609862
2024-10-11,0.018221406994699763,0.0002894655731187967,0.00043488016967967234,0.1663753417903624,0.08096593303850899,341538058.0,-0.41999999999999993,-0.3800000000000008,-6.183642042411059,-6.20367836142127,0.03999999999999915,6.4962469473266875,19.194048808619176,19.648969674396778
2024-10-14,0.003238551878065543,0.00023491353144287075,0.0005117143442314202,0.16605353440790435,0.08145622146354112,258396484.0,-0.46000000000000085,-0.28999999999999915,,,0.1700000000000017,6.6337262448507754,,19.370005722969
2024-10-15,0.004541025936577903,7.381738483189793e-05,0.0006665340202625949,0.16458340516685235,0.08261785950496645,275356880.0,-0.4499999999999993,-0.33000000000000007,-6.169675587622693,-6.014348476483317,0.11999999999999922,6.4783252934201405,19.233951175283536,19.43357855974158
2024-10-16,0.0006558183618263769,-0.0012865720580737872,0.000826637827861124,0.15195772336776453,0.08170426335524848,294311976.0,-0.3100000000000005,-0.28999999999999915,-6.096444259950157,-6.31089155194978,0.02000000000000135,6.498146598121089,19.243528700935798,19.50015090554599
2024-10-17,0.0032834012670424073,-0.0026138824170544696,0.000729883701761091,0.14639397712723173,0.08265310449896579,252289854.0,-0.41000000000000014,-0.2599999999999998,-5.825750402966689,-5.714609100131764,0.15000000000000036,6.50779996404757,19.320651262681388,19.346089198771764
2024-10-18,0.007634412402683033,-0.0004964834986511235,0.0003772747074813105,0.07912280947937138,0.08757026415361992,347256745.0,-0.4800000000000004,-0.2599999999999998,-5.20090314185089,-5.24596099866619,0.22000000000000064,6.50216016242324,19.17412331566769,19.66557496345616
2024-10-21,0.0014509278118000069,-0.0014343794366242335,0.0002178005974941264,0.07184594293243939,0.08760590862867847,389847058.0,-0.22000000000000064,-0.14000000000000057,-4.949733530057152,-4.7941009031811,0.08000000000000007,6.534108554260492,19.094369450388633,19.781265061199168
2024-10-22,0.008057062488917133,-0.0007311721261563875,0.0005469266274865077,0.0918266730315634,0.09170393409487794,286242037.0,0.2699999999999996,0.05000000000000071,-5.3188820727863195,-5.168145716356108,-0.21999999999999886,6.511715611521128,18.957800555638585,19.472348294105174
2024-10-23,0.003710579396535074,-0.0016044516778286777,0.0005529511891904516,0.09289757988857068,0.09162874261716848,313386193.0,-0.46000000000000085,-0.23000000000000043,-5.115106812909318,-4.886166179169381,0.23000000000000043,6.47127926483985,19.246143099719173,19.56294683139562
2024-10-24,0.004944385845464083,4.11057446726204e-05,0.0008680603056010906,0.10149529036373792,0.0924668298401175,264858461.0,-0.4399999999999995,-0.22000000000000064,-5.281196646519138,-5.429823217616569,0.21999999999999886,6.516962011105841,19.372743769239868,19.39470613182928
2024-10-28,0.008492402807148025,0.003266468786638832,0.0011629592780935433,0.08838858840981904,0.09609230245103653,285605625.0,-0.4800000000000004,-0.27999999999999936,-4.907118839080766,-4.3804447590563615,0.20000000000000107,6.456785354036069,18.994642872114607,19.470122483613903
2024-10-29,0.0004280080367795591,0.0034710527416429216,0.0009352169054300015,0.08518957711288057,0.09551727695892775,233982696.0,-0.75,-0.4399999999999995,-4.9878541559984555,-5.093903198440104,0.3100000000000005,6.416879330523766,18.99440695567546,19.270757721869685
2024-10-30,0.004699736883551964,0.0009196928671491023,0.000711419910975146,0.08993220414677847,0.09746466748640306,239591867.0,-0.6699999999999999,-0.3699999999999992,-4.26068051857122,-5.07187162746488,0.3000000000000007,6.4105037752432645,19.61680157909359,19.294447479556
2024-10-31,0.00038922861526469177,0.0015839630234031788,0.0006236355230856681,0.08189052987528085,0.09749684016232431,167619551.0,-0.5800000000000001,-0.5299999999999994,-4.238101471569859,-5.183609027831164,0.05000000000000071,6.466548997096203,19.641229442914547,18.937207391953486
2024-11-01,0.0016378343307055232,0.0009226527204514668,0.0005240180503967229,0.07653142187802943,0.09692471434212376,194124791.0,-0.6300000000000008,-0.5700000000000003,-5.018315908680577,-4.689949416217868,0.0600000000000005,6.1955272106093995,18.84827083289257,19.08401176280666
2024-11-04,0.0009004769042659788,-0.000955923221831334,0.0005886115316374465,0.036672029133948784,0.09654749622634613,287002044.0,-0.6199999999999992,-0.4800000000000004,-5.075929800659516,-5.1546180177514795,0.1399999999999988,6.225132521878404,18.985082745386723,19.474999895649752
2024-11-05,0.0039642047909156375,-7.748065629229473e-05,0.0006896115708234044,0.05108120209247097,0.09717231987316363,260200983.0,-0.5899999999999999,-0.41999999999999993,-5.082320787081283,-4.77633540854144,0.16999999999999993,6.249589067317437,19.039782548091743,19.376964901898724
2024-11-06,0.004476556463358428,0.0017577780130897836,0.0007355755887716546,0.03884425785324257,0.09758214795765933,198133148.0,-0.4900000000000002,-0.3200000000000003,-5.426418589117585,-5.352702604778479,0.16999999999999993,6.220391343177919,18.80270974606834,19.104449827302236
2024-11-07,0.0023985701392899017,0.0013559097082847416,0.00036676240739438474,0.04749670286905531,0.09665488807980442,153452556.0,-0.5899999999999999,-0.39000000000000057,-4.796479062516303,-5.2367181435675025,0.1999999999999993,6.27585370385897,19.559474774222565,18.84890199578279
2024-11-08,0.0026827648551810412,0.0015648958131798452,0.00013938142067182469,0.048457053898172654,0.09360830322239648,178350746.0,-0.6500000000000004,-0.5099999999999998,-5.303700777042819,-5.279809263157894,0.14000000000000057,6.252231382518633,19.096285298488304,18.99926265254708
2024-11-11,0.005687180752463661,0.0028824273445257733,0.000250525717081475,0.04988924405279334,0.09495742656512703,195507929.0,-0.5199999999999996,-0.46000000000000085,,,0.05999999999999872,6.171575328604772,,19.091111494112017
2024-11-12,0.0010085729548849898,0.0022913009773196436,0.0011662390480140822,0.050262855421482566,0.06710441889423044,253549836.0,-0.4399999999999995,-0.39000000000000057,-4.800586368301273,-4.716183805520457,0.049999999999998934,6.155070385705995,19.00589908018685,19.35107095338987
2024-11-13,0.006878441038490557,2.030147694984663e-05,0.0006844774805590299,0.07679985378946765,0.07213122148424098,298633174.0,-0.4299999999999997,-0.3000000000000007,-5.021436254406277,-3.198170446306591,0.129999999999999,6.066084887978432,19.100762081938655,19.514726535357866
2024-11-14,0.005688216873611651,0.0016376588795301572,0.0007391056204177798,0.08203358370374611,0.07300818757353575,236049753.0,-0.5800000000000001,-0.34999999999999964,-4.741870801461538,-4.8442764755214185,0.23000000000000043,6.237425783702638,18.712641494790777,19.279553158567545
2024-11-15,0.0024998501013158148,0.001601075928757112,0.0008269166556315625,0.08189693706526371,0.07326070272574106,291636563.0,-0.5999999999999996,-0.41999999999999993,-4.746292107276846,-5.119896391558461,0.17999999999999972,5.945708525269778,19.440078630973435,19.491018937755566
2024-11-18,0.004099107554113246,0.001283461289087029,0.0011784646947342128,0.077566730544432,0.07250149965408269,244705277.0,-0.5999999999999996,-0.3800000000000008,-5.034804998642047,-5.079685164018079,0.21999999999999886,6.174098555083981,18.477829694969763,19.31556509336223
2024-11-19,0.005207140908474628,4.0318516415105424e-05,0.0012940490516012797,0.09043834197614828,0.06919615474782492,220750144.0,-0.6699999999999999,-0.4800000000000004,-5.1167208793533465,-5.030500629291293,0.1899999999999995,5.952645753174349,18.514884521009748,19.212542049769763
2024-11-20,0.000523950599415457,0.0015207968439963082,0.001388090880706778,0.06698989182042869,0.06854414986688624,190174556.0,-0.6400000000000006,-0.39000000000000057,-4.407679819502862,-4.715480427615642,0.25,6.096184857878385,19.16007163493298,19.063452924153182
2024-11-21,0.0011288503053288323,0.00015738340820821152,0.0009506664619331605,0.05701094143927556,0.06455312152408998,184201605.0,-0.4800000000000004,-0.3800000000000008,-4.9602906230325345,-5.071224321287904,0.09999999999999964,5.958217953314346,19.20920128413893,19.03154139510257
2024-11-22,0.006734032181344496,0.0010042198242139477,0.0014480289180226638,0.07350888313436404,0.06518684597867572,257147073.0,-0.47000000000000064,-0.5,-5.178892943429371,-5.086584763944277,-0.02999999999999936,5.877539684122378,18.565824084941124,19.36515874765882
2024-11-25,0.0005009769154424859,8.420293030280135e-05,0.0011887259294080653,0.0683829598600224,0.06422902392354658,224066415.0,-0.5399999999999991,-0.41999999999999993,-4.83101159910828,-4.521294114529358,0.11999999999999922,6.3307364324813475,19.062188996716205,19.227453061408912
2024-11-26,0.0004008016085714772,0.0012057914337120224,0.0008034115866187059,0.050223422900499005,0.058495939441034574,203121585.0,-0.5600000000000005,-0.39000000000000057,-4.930126997029465,-4.929996826153152,0.16999999999999993,6.195241775931226,18.55542026899094,19.129315298599256
2024-11-27,0.006689656019403856,0.002438932517709702,0.0011423479702464875,0.0625194929426011,0.06171575880164306,455430144.0,-0.5399999999999991,-0.27999999999999936,-5.1019889822376765,-4.794330115140381,0.2599999999999998,6.412376404205172,18.739547306208035,19.93675290176166
2024-11-28,0.01882849254454033,0.0064304010876835346,0.002262739847774692,0.12251997919091397,0.08359382299365446,713324519.0,-0.23000000000000043,-0.11999999999999922,,,0.11000000000000121,6.3588642744093535,,20.38544702069366
2024-11-29,0.009718249468921414,0.007027244545198918,0.0027440483279740305,0.12479644990561947,0.08682385519392098,268899620.0,0.7100000000000009,0.8200000000000003,-2.0146156243508937,-2.976782960800456,0.10999999999999943,6.526934001786732,19.134658812183233,19.409848708073348
2024-12-02,0.015545846135384345,0.010236609155364285,0.0034063346043873076,0.11545939492446206,0.0973235190396684,425675682.0,-0.34999999999999964,-0.2599999999999998,-3.4008846894434885,-3.8129623392883296,0.08999999999999986,6.21732440591642,19.527836030410537,19.86918830443097
2024-12-03,0.004198479449728509,0.009316752943704288,0.003249286864127187,0.14176369635668407,0.09980143719288839,229364546.0,-0.47000000000000064,-0.2400000000000002,-3.110078758087667,-2.934233889180616,0.23000000000000043,6.215947201423421,18.297418341446186,19.25082319971269
2024-12-04,0.004008021397538641,0.008780426019331244,0.003251373369204473,0.14610626083482756,0.09980550737059002,195062737.0,-0.6300000000000008,-0.33999999999999986,-3.742500693835119,-4.506028548508462,0.2900000000000009,6.245098505420191,18.851235849097876,19.08883179298973
2024-12-05,0.006133054503451696,0.003788116609732839,0.0027461537993563718,0.1454217541838115,0.10480619159622688,219163701.0,-0.6799999999999997,-0.41000000000000014,-4.177837409429484,-4.434928483932101,0.2699999999999996,6.322619098440981,18.75155561594393,19.205329501697598
2024-12-06,0.02678376050968989,-0.0035122853859894223,0.0015849542579087533,0.2470346110121935,0.14588164977274656,280854889.0,-0.4299999999999997,-0.28999999999999915,-4.978357688119916,-4.830795930608771,0.14000000000000057,6.251846078026996,18.968023901726617,19.45334868466017
2024-12-09,0.00037408570936658947,-0.006696271754939609,0.0014393899453112472,0.18860213336152462,0.14597609572363626,293113113.0,-0.23000000000000043,-0.2400000000000002,-3.6121100910568504,-3.9889158771485516,-0.009999999999999787,6.2426122948317895,18.767136500409226,19.496069143677293
2024-12-10,0.0069469253829064215,-0.004467190788412623,0.0014993777848561405,0.21292993538331906,0.1465022611394423,240387112.0,-0.35999999999999943,-0.2400000000000002,-4.227758310961121,-4.652430693090219,0.11999999999999922,6.303955079098154,18.89797737077347,19.297761148539305
2024-12-11,0.01965498718880543,-0.0013377976301592654,0.0023873022721856854,0.2727407121607406,0.15938805971634123,251756989.0,-0.47000000000000064,-0.25,-4.085501477334725,-4.064352732972525,0.22000000000000064,6.344389970371531,18.915517055246582,19.34397485084592
2024-12-12,0.0025853416037708854,0.00040588159128525093,0.002837958588483849,0.2700939581337016,0.1557868718763447,292710849.0,-0.5399999999999991,-0.2599999999999998,-4.2253779167162175,-4.404124751916335,0.27999999999999936,6.219913997212373,19.06846716620273,19.49469581622974
2024-12-13,0.0022924835715878444,0.006221130407540798,0.0026762570026731916,0.1262860224072854,0.15544779778777262,208575858.0,-0.4499999999999993,-0.2400000000000002,-4.563473885113879,-4.244711028654493,0.20999999999999908,6.243078930397886,18.572222646735103,19.155813360372143
2024-12-17,0.0002862732020121328,0.006238692909011689,0.00254358446441948,0.1259983180096279,0.1557868839682874,217314978.0,-0.46000000000000085,-0.16000000000000014,-4.903852026086872,-3.6978893366836463,0.3000000000000007,6.646403501776386,18.959547751301145,19.196858370600903
2024-12-18,0.00286724845195252,0.004275858142039901,0.002211853226035396,0.1409049802317859,0.15677639858283002,214904963.0,-0.5199999999999996,-0.2400000000000002,-4.768720030706705,-4.786849529082502,0.27999999999999936,6.37487148609693,18.34542639958041,19.185706455808607
2024-12-19,0.0038402431581667784,0.0011129093359121712,0.0026426810387326057,0.04259368137376186,0.15449794277935475,230373049.0,-0.47000000000000064,-0.25,-4.940394365311576,-4.783841537296489,0.22000000000000064,6.27658709677417,18.747654721734744,19.25521050511753
2024-12-20,0.001105393670779442,0.0008169197493138825,0.0026703688040356525,0.040620691476627585,0.15441057872768332,277295396.0,-0.33999999999999986,-0.22000000000000064,-4.506381211456432,-3.9396116142257345,0.11999999999999922,6.458259910367753,18.72589920861067,19.44059390749109
2024-12-23,0.007245369540477498,-0.001090650873099186,0.0023791059833142875,0.06679575845003834,0.15772496958960527,223419493.0,-0.33000000000000007,-0.25,-4.862337214937066,-4.7419664159071715,0.08000000000000007,6.465786961959058,19.218270954408766,19.22456169683576
2024-12-24,0.007124320111166149,-0.0024582602549299893,0.0017191844455756854,0.07826413146853668,0.16019032497128288,347230007.0,-0.3800000000000008,-0.2400000000000002,-3.1654458897435234,-3.4108673227885173,0.14000000000000057,6.612215750752172,18.837425760679523,19.665497962707228
2024-12-25,0.004745541809821674,-0.0028339189265038202,0.001517062307748105,0.07999923713613558,0.1616001589919757,240392885.0,-0.5700000000000003,-0.35999999999999943,,,0.21000000000000085,6.652295126191384,,19.297785163681517
2024-12-26,0.006270947834566165,-0.002347777991223943,0.0017965930804145188,0.0934972998242141,0.16236683443929673,253697223.0,-0.16999999999999993,-0.11999999999999922,-3.236804416384844,-4.285417808631678,0.05000000000000071,6.688641098837558,18.889613981783555,19.35165207851039
2024-12-27,0.007898646797952935,-0.0009891273657892442,0.0018541640698692369,0.11842027153435149,0.16287910750973028,274241742.0,-0.1999999999999993,-0.16999999999999993,-4.51038224048008,-4.064681927838427,0.02999999999999936,6.620179867508538,19.234951684839952,19.429520545453865
2024-12-30,0.003821173927323507,0.0012241813277709568,0.0011395298500017689,0.10710817106017127,0.15103910845753346,220381320.0,-0.23000000000000043,-0.27999999999999936,-4.6188989429676734,-4.985795050853509,-0.049999999999998934,6.0513830373192254,18.59366967865514,19.2108698766602
2024-12-31,0.0007624857403341068,0.002801542498071008,0.0007130649105452305,0.07944121762315981,0.1477808860576114,199967636.0,-0.8100000000000005,-0.41000000000000014,-7.32033636689867,-5.370636705541935,0.40000000000000036,5.73304997233677,18.846071805085113,19.113666091418043
2025-01-05,0.005434899264423976,0.004837630712920138,0.00023159125002330817,0.0430525156176622,0.1388763261974321,119505304.0,-0.8200000000000003,-0.4399999999999995,,,0.3800000000000008,6.282939417798459,,18.598871313288097
2025-01-06,0.001533902377203411,0.003890221621447587,0.0005045618132105425,0.046140808302027034,0.1379891517633765,245163903.0,-0.9499999999999993,-0.47000000000000064,-5.554925718103403,-5.404500980829004,0.47999999999999865,6.342262253873838,19.202763282795694,19.31743753667045
2025-01-08,0.003924659260398755,0.001525560409777249,0.0001268151152135236,0.05659435641294127,0.13818748516489548,191641262.0,-0.9399999999999995,-0.5600000000000005,-4.527025100094791,-4.668020331734981,0.379999999999999,6.580347832723973,19.059732813964242,19.07113575522155
2025-01-09,0.0015209128407072114,0.0004571430561711054,0.00034644090867754667,0.05564213057474713,0.13646788577141772,235667466.0,-0.5700000000000003,-0.3200000000000003,-3.421276826113214,-3.8748484031898673,0.25,6.502520144428027,18.394661869765763,19.277932326983308
2025-01-10,0.0035136069574175366,0.0010073672995877913,0.0017891726928255195,0.05986110537301419,0.09447175646760927,196522728.0,0.6799999999999997,0.14000000000000057,-5.456871006662817,-5.163868688339992,-0.5399999999999991,6.2014215366180165,18.969560650856568,19.096288646707148
2025-01-13,0.00633122833023414,0.001186633112749824,0.002108473361377935,0.06421742608383856,0.09538822447103522,186775744.0,-0.41999999999999993,-0.2699999999999996,-4.526668657180192,-4.798027039636407,0.15000000000000036,6.295284451453946,18.584337780560478,19.045419225220694
2025-01-14,0.002150011201067059,0.00044985039709573017,0.0016752859049982455,0.06816651823552534,0.09477755078043883,300184482.0,-0.6199999999999992,-0.4399999999999995,-4.872034325471857,-4.237903345397886,0.17999999999999972,5.979316052061158,18.588087407990578,19.51990778362235
2025-01-15,7.551729349586367e-05,0.001249885707874654,0.00074293019569779,0.0569938173370759,0.06864269607312949,198592338.0,-0.4900000000000002,-0.35999999999999943,-4.971537258261538,-4.987984981176584,0.13000000000000078,5.981515216254314,19.28474628630692,19.106764728770695
2025-01-16,0.0012263574009985234,0.001799339756215801,0.0006782166622324395,0.05166778705372544,0.06834387916547066,147260971.0,-0.5399999999999991,-0.3100000000000005,-4.161722989944494,-4.340181800007908,0.22999999999999865,6.006106823844852,18.816133663627554,18.807716883662817
2025-01-17,0.0003770383681196421,0.001172026038356222,0.0005870049858768109,0.04987892411658158,0.06809547400625494,223339851.0,-0.2599999999999998,-0.22000000000000064,-2.4444134879574086,-3.907436825664977,0.03999999999999915,5.711750644305378,19.119505426950532,19.224205164837432
2025-01-20,0.0014146274816297932,-0.00037714512401656466,0.0005332738297045413,0.021830103702058772,0.0683893488319027,208933644.0,-0.41999999999999993,-0.23000000000000043,,,0.1899999999999995,5.879554854554393,,19.1575272666946
2025-01-21,0.011103316917018269,-0.0021678062672068066,0.00014108009327283897,0.0807260910285175,0.0787202112793795,278241991.0,-0.4900000000000002,-0.25,-4.1517935565592,-4.147201433113768,0.2400000000000002,5.787204082795274,18.316349320819363,19.444001764237573
2025-01-22,0.006164586662387173,-0.0034158270583834137,-0.0003353403743725873,0.08194755701239169,0.08040765994463449,258241443.0,-0.41000000000000014,-0.2400000000000002,-3.769105027209429,-3.893035217196827,0.16999999999999993,5.8694663902971325,19.41488926653918,19.369405530855524
2025-01-23,0.0004417852035398795,-0.0037494555792910943,-0.00040901555886398356,0.07668068943759682,0.08023680128713837,247281392.0,-0.2699999999999996,0.009999999999999787,-4.066930304940774,-3.886446648928768,0.27999999999999936,5.8086228550671395,18.723021656196753,19.32603748501849
2025-01-24,0.005200820737586653,-0.004865027400432353,-0.00031165609205965764,0.06743779738338053,0.07833185496896877,284392074.0,-0.1899999999999995,-0.05000000000000071,-4.268835258399532,-4.312048702869024,0.1399999999999988,5.956199998007671,19.196628097650322,19.465864386306695
2025-01-27,0.0020298687555593276,-0.0049880756552182605,-6.906317036409468e-05,0.06557024959740775,0.07465058422396996,286881812.0,-0.27999999999999936,-0.11999999999999922,-4.393244340818766,-4.094707874705568,0.16000000000000014,6.0194930528292625,19.312484071679457,19.47458088403093
2025-01-28,0.0004839100021847287,-0.0028641942722515525,0.00013387167761861699,0.042434500841596466,0.07272156594836005,305845329.0,-0.4299999999999997,-0.25,-4.05148043487155,-3.9466735653321106,0.17999999999999972,5.903943949578487,19.42714371170084,19.538590071343975
2025-01-29,0.001934236579830717,-0.0012444296238079745,-7.263838213069005e-05,0.04169627097195869,0.06959468227955203,219830402.0,-0.7899999999999991,-0.40000000000000036,-4.029869965384156,-3.8054918022464257,0.3899999999999988,5.96758160664465,19.53900562972027,19.20836690702043
2025-01-30,0.0015447000561366053,-0.0008471325718726775,-0.00037520727459813434,0.04624243994211386,0.06365165834614371,213144025.0,-0.8399999999999999,-0.4800000000000004,-3.981563459014474,-4.227596861785306,0.35999999999999943,6.040921155820574,19.28144823729961,19.177478668880177
2025-01-31,0.00019295706765110054,0.00015444016211443312,-0.0005663563695969252,0.02559672599843494,0.061809408838364256,185143240.0,-0.6699999999999999,-0.46000000000000085,-3.8205604467057768,-3.9782735958694833,0.20999999999999908,6.039206543093403,19.243280261589923,19.036640353720276
2025-02-03,0.008818585665592238,0.0023241310463447463,-0.00018273256363225224,0.060008106043581935,0.06977811369293292,152652017.0,-0.6300000000000008,-0.27999999999999936,-4.286462639970646,-4.426664919259149,0.3500000000000014,5.741848675462657,19.3371441209225,18.843671490290753
2025-02-04,0.006274545439065804,0.0011660039589685312,-0.000740325168560337,0.08567240748962782,0.06968987510737937,191764097.0,-0.47000000000000064,-0.10999999999999943,-3.548140889342923,-4.380587875769711,0.3600000000000012,5.881565972240144,19.561440110429967,19.071776513110397
2025-02-05,0.005230006228148731,-0.0002668446026273585,-0.0010624160545294867,0.0960891839491861,0.07083813233565904,269190638.0,-0.4299999999999997,-0.23000000000000043,-3.765989558676049,-4.462614520024145,0.1999999999999993,5.891423192927756,19.587570165805644,19.410930378012726
2025-02-06,0.005452036671221627,-0.0016661919480990051,-0.0011351483121877187,0.1005156291906952,0.07180670622868021,255756814.0,-0.46000000000000085,-0.23000000000000043,-4.030031952095403,-3.781030640861651,0.23000000000000043,5.693226960716684,19.344446325400657,19.359737605647343
2025-02-07,0.007538067603794829,-0.003135214055327751,-0.001421679491382367,0.10704694861208543,0.07516096885655933,239833270.0,-0.3800000000000008,-0.11999999999999922,-4.428354952832617,-4.476124309379783,0.26000000000000156,5.923185706354688,19.259703250714225,19.29545453155128
2025-02-10,0.004105329919480205,-0.0057199971723422395,-0.0017844860093298785,0.020285776655438525,0.0734723648987261,203551291.0,-0.5700000000000003,-0.23000000000000043,-3.601937240996424,-4.24935699293327,0.33999999999999986,6.193752116542814,19.56146650068881,19.13142857531516
2025-02-11,0.004043198644424706,-0.00527372781341402,-0.0022785063414564903,0.022506413466907967,0.06758695808522784,215813764.0,-0.6199999999999992,-0.16999999999999993,-3.0477242804883335,-4.271985147268456,0.4499999999999993,6.213207117506563,19.279168538561258,19.18992639003333
2025-02-12,0.003662826448241674,-0.004960291857432608,-0.0023505451627505195,0.025277601921205647,0.06775368336709536,334006585.0,-0.6300000000000008,-0.2400000000000002,-3.640059020840699,-4.352659177404266,0.39000000000000057,6.313149416110009,19.419252702607128,19.626671266315487
2025-02-13,0.010468167972232045,-0.005963518117634692,-0.0028526254134994674,0.047094576919742,0.07266351419705144,311683610.0,-0.6199999999999992,-0.25,-4.137003985134982,-3.727504613400791,0.3699999999999992,6.2817432454070286,19.410137621743978,19.557499160743568
2025-02-14,0.0031116712685692605,-0.0050782388505895785,-0.00305919820728841,0.04824125314924478,0.07113297863609708,352329655.0,-0.5,-0.23000000000000043,-4.461477273761048,-4.362895014975042,0.2699999999999996,6.291957952849524,19.664635219906152,19.68007781518759
2025-02-17,0.00010052777088187526,-0.004237067312517162,-0.003072365378585446,0.06110922701854447,0.07097093926467092,268371076.0,-0.5999999999999996,-0.1999999999999993,,,0.40000000000000036,6.192321588842952,,19.407881192724236
2025-02-18,0.004333179625580108,-0.0025617916585161994,-0.0027986602782421174,0.08645925247023895,0.07532221632289804,246923763.0,-0.14000000000000057,-0.09999999999999964,-4.834069363673297,-4.730876290229851,0.040000000000000924,6.0509355625999675,19.527702123568087,19.324590195127612
2025-02-19,0.0039755923346094235,-0.0010341079019459797,-0.002080616980545561,0.09672709973065541,0.07243096157103049,274941361.0,-0.33999999999999986,-0.15000000000000036,-4.06484695694609,-4.745626230858646,0.1899999999999995,5.972689391781648,19.61532648413408,19.43206840016624
2025-02-20,0.0006975933313935201,0.0011990443587791334,-0.0017538465046512421,0.04865250728891864,0.07144991254124057,252974609.0,-0.4299999999999997,-0.1999999999999993,-4.579605953784464,-4.136705942881067,0.23000000000000043,5.9654798501359885,19.209085234737245,19.34879968197163
2025-02-21,0.006751415636975011,0.0031716617398879878,-0.0014113131312933902,0.043736317907158005,0.07722584578736942,250052961.0,-0.4900000000000002,-0.1999999999999993,-4.542678786100572,-4.467765713474877,0.2900000000000009,6.070183301819372,19.25280356217876,19.337183297390748
2025-02-24,0.010544213875671282,0.0010427134105773562,-0.0016657604235831344,0.10836436607793573,0.08256345407990652,158939901.0,-0.1999999999999993,-0.17999999999999972,-4.507809689356312,-4.249285802734633,0.019999999999999574,6.002058235318851,19.451672996934512,18.884036707599556
2025-02-25,0.0024830802938060614,-0.00032053857329987777,-0.0016873419254044074,0.10610597327419993,0.08260355448790119,214465739.0,0.47000000000000064,0.13000000000000078,-5.112898564307361,-4.907381908488189,-0.33999999999999986,6.048529901062438,19.721088712323223,19.183660558633235
2025-02-26,0.003082900365773966,-0.0004990769670669692,-0.0015174938126444697,0.10399719205453953,0.08416758085903016,172716162.0,0.46000000000000085,0.019999999999999574,-5.224289515340018,-5.041753673463505,-0.4400000000000013,6.071753378336785,19.169212715301263,18.967160122988318
2025-02-27,0.0019006658050155778,-0.0010187287943487888,-0.0017001082119228645,0.10374920318187814,0.08322911597274987,183434384.0,-0.16999999999999993,0.009999999999999787,-4.600619191044618,-4.416349206450333,0.17999999999999972,5.983507977391525,18.999416365909596,19.027367581130317
2025-02-28,0.000981757424503904,-0.002565363406644572,-0.0018204157110009841,0.07878352876990849,0.08244449810234014,192342121.0,-0.5399999999999991,-0.07000000000000028,-4.7817406616072144,-4.590504614974941,0.46999999999999886,6.128025720308475,19.800325407256967,19.074786224535213
2025-03-03,0.003322062732213915,0.0002078919149324676,-0.0016530338157693166,0.04424002491939175,0.08419927245178524,173656270.0,-0.7100000000000009,-0.2400000000000002,-4.110742433646079,-4.061066067418031,0.47000000000000064,5.9883095754146805,19.502837239023016,18.97258844361452
2025-03-04,0.002260204380498898,0.0002524670975939003,-0.002180595246535561,0.04340638770961096,0.07509239729416688,200913915.0,-0.7200000000000006,-0.2699999999999996,-4.054559663381248,-4.013883846001804,0.45000000000000107,5.800213238492865,19.12704508672379,19.118387090701653
2025-03-05,0.006287370684484372,-0.0016215871124577673,-0.002181205972507874,0.054475420811662296,0.07510122005873139,225821236.0,-0.5600000000000005,-0.22000000000000064,-3.9601766296000562,-3.9846068915363695,0.33999999999999986,5.999482318701565,18.782730504650154,19.235254253087554
2025-03-06,0.0014900431647584256,-0.0009434453185029667,-0.001861203620464676,0.0585472885668317,0.07527152313518423,215963262.0,-0.8300000000000001,-0.2400000000000002,-4.100387313881278,-3.8181586394624407,0.5899999999999999,5.817349226861126,19.023392649029923,19.190618867849295
2025-03-07,0.012553313259872745,-0.0032577564855767347,-0.0021993596484956818,0.10115458589582109,0.08314762240747273,226629541.0,-0.5999999999999996,0.13000000000000078,-4.325098408696661,-4.107155350539001,0.7300000000000004,5.955940991038935,19.372088503445273,19.238827264345435
2025-03-11,0.00551640994365421,-0.00502545102075036,-0.002103090236108033,0.08271534350477143,0.08179601276688005,270102208.0,-0.9199999999999999,-0.4800000000000004,-3.8131929015416777,-4.003842978300677,0.4399999999999995,5.96891214263747,19.04986237519503,19.414310993479525
2025-03-12,0.007145074798778239,-0.0031443951848949326,-0.0015673566780957263,0.12073596432603292,0.08741734158378647,209792456.0,-0.9900000000000002,-0.6199999999999992,-3.4267109300932006,-4.2734011871513395,0.370000000000001,5.741784496789209,19.30142276142629,19.161629295224675
2025-03-13,0.013938211710012638,0.0009007212940044696,-0.0007110990421701385,0.16487837839923186,0.10197981635738558,233351798.0,-0.6500000000000004,-0.48999999999999844,-4.019781589441955,-3.7625353075158525,0.16000000000000192,5.860187753820337,18.996731275738547,19.26805773549433
2025-03-14,0.005002511682971722,0.001603214997647129,-0.0002984638930647387,0.16753358821875597,0.10322975113356024,314384796.0,-0.8599999999999994,-0.4800000000000004,-4.312623801718601,-4.247606371643789,0.379999999999999,5.929030476726433,18.808817418221803,19.566128258571375
2025-03-17,0.004601388532787354,0.003193599943064207,-1.9093443567372436e-05,0.13065383359387814,0.09780538215715996,188506130.0,-0.8699999999999992,-0.4200000000000017,-4.3325188840589615,-4.316747450266886,0.4499999999999975,6.03049293407546,19.29153392934853,19.05464108421748
2025-03-18,0.00040112315018436817,0.004216657301758175,0.00010998027635571768,0.1130281806839829,0.09717415598202653,236225576.0,-0.7799999999999994,-0.46000000000000085,-4.304779314124465,-4.466910438164344,0.3199999999999985,5.957519891055044,19.32463277821477,19.280297736983258
2025-03-19,0.010099281496165347,0.004807498641235597,0.0005861114061311211,0.11960465040100868,0.10315103377578337,201623637.0,-0.4400000000000013,-0.39000000000000057,-4.202135693211623,-4.429832285140835,0.05000000000000071,6.210238565904249,18.96785184557213,19.121913334312403
2025-03-20,0.0005164571157436626,0.0019165648760843367,0.00035517632321094153,0.09058730205405541,0.10229580201852055,370304714.0,-0.4299999999999997,-0.3999999999999986,-4.766827709878765,-4.629437834771011,0.030000000000001137,5.959844872727521,19.44327800627122,19.729836776021553
2025-03-26,0.005478919916821923,-0.00017972144387439214,-9.503854590483687e-05,0.0983236298574347,0.10331750670471485,228871290.0,-0.7200000000000006,-0.4299999999999997,-4.120029880435299,-4.248797714168191,0.2900000000000009,6.382898341803169,19.412052914579274,19.248670351106107
2025-03-27,0.0004995753713332718,0.0006406411884164242,-0.00015204657936801746,0.09072081521090126,0.10328500913390032,276600057.0,-0.6799999999999997,-0.3299999999999983,-4.019604989150446,-4.01568002500076,0.3500000000000014,6.532523502850729,19.269321251157226,19.438083183268663
2025-03-28,0.007249294871431111,0.00217072479273952,-0.00012833804439391745,0.1008757213094748,0.1037178017350735,286739779.0,-0.3299999999999983,-0.3299999999999983,-4.222829102418801,-4.0766050272662095,0.0,6.389770758017667,19.694625788427164,19.474085669049032
2025-03-31,0.0008735012069731596,-2.38317478881811e-05,0.00033217208268694555,0.07267998613401122,0.0966503246326819,275552303.0,0.16000000000000014,-0.17999999999999972,-4.713396495581188,-4.6589212313672554,-0.33999999999999986,6.633778853586468,19.661150221910233,19.434288016088388
2025-04-01,0.0003972983763027571,0.0,0.00043149503113948384,0.072634012186938,0.09615360951669445,226664244.0,0.3200000000000003,-0.07000000000000028,-4.00577351751974,-3.997037071435308,-0.39000000000000057,6.1472709982461815,19.70234815917522,19.238980379173903
2025-04-02,0.0005366033139804216,0.0009884633205683002,0.00025913771305594155,0.05563179691669537,0.09571252617781136,160850858.0,-0.4800000000000004,-0.28999999999999915,-3.504990771836008,-3.634304822745568,0.19000000000000128,5.961134197300148,19.236788360935588,18.895988145797347
2025-04-03,0.0023485402085245966,0.0006186703531300353,0.00023781036050789304,0.060115435442634715,0.09585234085334245,295556729.0,-0.7699999999999996,-0.3999999999999986,-3.666500217400797,-3.4786758417590047,0.370000000000001,5.975741586642746,19.12611862347718,19.50437135269667
2025-04-04,0.016109455458561683,0.00239070247055615,0.0010516776406538735,0.1223629314349766,0.11030738799524999,368283375.0,-0.6600000000000001,-0.39000000000000057,-3.7900077278708846,-3.6131656045112592,0.2699999999999996,6.008985160825971,19.69850261334705,19.724363240564802
2025-04-07,0.021339316034995726,0.006833265918949926,0.0019096420836434834,0.17522731252469356,0.13074406544141562,456416517.0,-0.33999999999999986,-0.3099999999999987,-1.720742393036808,-3.1080324480756314,0.030000000000001137,6.058468775888456,19.03643612341243,19.938916365043198
2025-04-08,0.005736190200622104,0.005765487554086057,0.0017441189493519022,0.19236736763891163,0.13268103640755177,260163502.0,0.3299999999999983,-0.10999999999999943,-3.164082516500562,-3.0816693142799263,-0.4399999999999977,6.211262508171095,18.927810948058212,19.37682084518023
2025-04-09,0.004603110888682593,0.00679343039461866,0.0022627133099789006,0.18508199456682883,0.12970476238132542,314321516.0,0.10999999999999943,-0.14000000000000057,-2.00747202068413,-3.0207232542030376,-0.25,6.380224226644442,18.87158659731079,19.565926956313053
2025-04-10,0.009285691376395455,0.005406000161044489,0.0017495830937334777,0.21135662017899132,0.13574439314464118,294113601.0,-0.5999999999999996,-0.3299999999999983,-3.0171754018759387,-3.4477709237972203,0.27000000000000135,6.360611392542035,19.322614307151483,19.499476648629674
2025-04-11,0.004837002755710529,0.0031515096204742577,0.002577693380189824,0.1894028227692794,0.1256486123997397,251532708.0,-0.5899999999999999,-0.3000000000000007,-3.8518737082911674,-3.7922592186285105,0.28999999999999915,6.2513835165848075,19.26890692046365,19.34308359073794
2025-04-14,0.0011587486812185688,-0.0013481033227686011,0.002785201059353426,0.09912640451647751,0.12299026812436929,179005233.0,-0.75,-0.4299999999999997,-3.8543352712020127,-3.7922298966232724,0.3200000000000003,6.2946015741146235,19.1387477990816,19.002925598014578
2025-04-15,0.0009657171199588532,-7.721858652409707e-06,0.0024909459317905983,0.09156588276163034,0.12208972464365554,177426491.0,-0.8599999999999994,-0.4299999999999997,-4.122484774421553,-4.061518764269614,0.4299999999999997,6.027555367252336,18.92456159249442,18.994066945890808
2025-04-16,0.011516442061559218,0.001374944375922915,0.0023756235675785305,0.12169444882479792,0.11948920425576041,218089936.0,-0.8599999999999994,-0.5,-4.334168804744133,-4.262413586135036,0.35999999999999943,6.163756811598062,18.77093881070133,19.200418086136537
2025-04-17,0.0013367709428795393,0.0029647284626260983,0.002073752966347518,0.08553812656361454,0.11975083637375021,203478759.0,-0.9900000000000002,-0.4800000000000004,-4.215164965113546,-4.250899595104604,0.5099999999999998,6.153902223304797,18.85002857580384,19.131072179020745
2025-04-18,0.0005925699549287344,0.0018788139204982458,0.00226464908910269,0.08672776006255455,0.11772328852591327,180060147.0,-0.8699999999999992,-0.4800000000000004,-4.308348885566414,-4.305204243993369,0.3899999999999988,6.2149680336377395,18.55532753928394,19.008801503038807
2025-04-21,0.005445111906329458,0.0010215412754760677,0.0020244591483338766,0.10044018712449007,0.12042805689413208,193962401.0,-0.5600000000000005,-0.41000000000000014,-4.430398564857619,-4.54884390954671,0.15000000000000036,6.348474434946743,18.932132975358776,19.083174888965807
2025-04-22,0.0024060451432106333,0.00034718882284217044,0.001428967403601687,0.10336795532597245,0.117621691392443,167959600.0,-0.379999999999999,-0.33999999999999986,-4.670950409184044,-4.688621660497015,0.03999999999999915,6.338558741889817,18.89722444646996,18.93923403225802
2025-04-23,0.0005783132691297155,-0.0020717622432956163,0.0014260218724880655,0.032192238623465076,0.11763477665833295,255704879.0,-0.48999999999999844,-0.379999999999999,-4.628546965853692,-4.691938498526634,0.10999999999999943,6.331199313030826,19.278727033883246,19.35953452103362
2025-04-24,0.005006727965827018,-0.002805753647885112,0.0014485072034878229,0.037084851244728385,0.11729643098729337,328819376.0,-0.41000000000000014,-0.4499999999999993,-4.769108186343418,-4.761593005449097,-0.03999999999999915,6.189146690384318,19.200094011342212,19.611019148850417
2025-04-25,0.0029305898646327933,-0.003273357629825924,0.001332744608568798,0.03160390279392757,0.11810467089700359,181619800.0,-0.6500000000000004,-0.46000000000000085,-4.177392157167864,-4.1533267761637696,0.1899999999999995,6.191441820390352,19.114986563031394,19.01742604902504
2025-04-28,0.002919710103334694,-0.002768277269226971,0.000848506276437093,0.025083597708156064,0.11693352137683825,221772386.0,-0.7699999999999996,-0.5500000000000007,-3.38134931123434,-3.660917431329908,0.21999999999999886,6.198255114259419,18.692480370446482,19.217162125580685
2025-04-29,0.003221557918747564,-0.002931379824334357,0.0007366940520668832,0.025009696760189472,0.11764991211395996,263626661.0,-0.9000000000000004,-0.6300000000000008,-3.808775929942728,-3.7486229721186675,0.2699999999999996,6.129768905985113,18.833427986176584,19.39004449735977
2025-04-30,0.005168978203143659,-0.001781921529879682,0.0010017548415643316,0.06320015123997473,0.11855057034636139,222250460.0,-0.9600000000000009,-0.6500000000000004,-3.5174436355027296,-3.753159860205864,0.3100000000000005,6.262216612336917,18.32863115464068,19.21931550209743
2025-05-02,0.0056068204579293734,0.0003407881548715963,0.0012942988307028933,0.07320609291973527,0.11945282662360132,190839696.0,-0.8599999999999994,-0.5500000000000007,-3.293183568854724,-3.5332812810398053,0.3099999999999987,6.315303750502855,18.72355729837122,19.06694434565346
2025-05-05,0.0007547973534016705,0.0007759466571178209,0.001370191347613509,0.06856297476089733,0.11896702533395843,215752521.0,-0.7200000000000006,-0.46999999999999886,-3.309631657534432,-3.386015305394663,0.2500000000000018,6.242767864216048,18.627275109784357,19.18964257267994
2025-05-06,0.0033939426517939353,0.0006811001474259726,0.0004414581042632413,0.07023563186417277,0.10711492439722675,219509037.0,-0.7200000000000006,-0.41000000000000014,-3.371700384445136,-3.5892288368933354,0.3100000000000005,6.1781515614115765,18.08869701887481,19.20690396047483
2025-05-08,0.0016887141643335823,0.0016631545640422019,-0.0004942848419587655,0.0611038023093145,0.07588703857895274,187869204.0,-0.6899999999999995,-0.48999999999999844,-3.490325283415981,-3.889317214660373,0.20000000000000107,6.08845513242161,18.222747293259715,19.051256555262132
2025-05-12,0.006264490049654015,-0.0006235390865173329,-0.0005194419776269518,0.07260595717007778,0.07636738923029755,252545143.0,-0.8800000000000008,-0.5299999999999994,-3.880151353863871,-3.974033046372707,0.3500000000000014,6.0837246255332795,19.07279655911717,19.34710057485812
2025-05-13,0.00744371703455915,-0.0032336465850150375,-0.0010931004501622728,0.06008806808448404,0.07757825706158268,267886682.0,-0.9700000000000006,-0.5399999999999991,-3.781065037046295,-3.720609320516264,0.4300000000000015,5.984137771721521,18.53118706620859,19.406074620699805
2025-05-14,0.0007867821019562626,-0.003240043534725956,-0.0006883904847127875,0.06000531251481518,0.07162775776511238,262323352.0,-0.8100000000000005,-0.5,-3.893025573179731,-3.8928727182606586,0.3100000000000005,5.9370611582285955,18.515530681497832,19.38508846870509
2025-05-15,0.004025730803890681,-0.0017561088435890325,-0.0007270224824184945,0.07893895635686908,0.07089056492464511,207201911.0,-0.75,-0.46999999999999886,-4.1374418259225685,-4.267078059530739,0.28000000000000114,5.911528083790314,18.826169298452328,19.149204291280043
2025-05-16,0.0007646234602169955,-0.002246776368499148,-0.0007082546147517529,0.07395839439246545,0.07087346701120753,181171450.0,-0.5099999999999998,-0.3299999999999983,-4.329817300748569,-4.3174781263025235,0.1800000000000015,5.940039665115794,18.812001794816712,19.01495437845276
2025-05-19,0.0024486529958238634,-0.0005041477594035726,-0.0006376386206629429,0.06989480356845318,0.07149820843206232,217998620.0,-0.6799999999999997,-0.4299999999999997,-4.451011747865866,-4.522864783564009,0.25,5.891174488263261,18.97558204183766,19.1999992904581
2025-05-20,0.0016421327952649278,0.001313022206561243,-0.0011078438238198139,0.03318735550171311,0.05707614381628378,197875753.0,-0.8900000000000006,-0.5800000000000001,-4.244530796979019,-4.319691701082371,0.3100000000000005,5.907430551497972,18.714489529708064,19.103149881590934
2025-05-21,0.005778947470303386,0.0003145891328918182,-0.0013193760394114257,0.060648651002965154,0.05933049919182423,209379115.0,-0.8499999999999996,-0.46999999999999886,-4.273873261528033,-4.225845042291285,0.3800000000000008,5.9684773544619745,18.908994299961158,19.159657114081817
2025-05-22,0.002458816090028293,-0.0009823202458919766,-0.001408244902987595,0.05258656608086585,0.05939462411725325,230502534.0,-0.7699999999999996,-0.4299999999999997,-4.246181314734281,-4.217256540129881,0.33999999999999986,6.137856635323052,18.79051066056834,19.255772413832958
2025-05-23,0.00726062844252251,0.0006227301346559244,-0.0008032096482803585,0.07893968089000103,0.06459418357563577,396166939.0,-0.5,-0.3500000000000014,-4.46648644186185,-4.242927052325676,0.14999999999999858,6.177757374624178,19.112965077366756,19.797346243517296
2025-05-26,0.0008802386993123079,-4.304820437130985e-05,-0.0007305521985709144,0.07761517952287782,0.06433285345716963,235221738.0,-0.48999999999999844,-0.370000000000001,,,0.11999999999999744,6.347284125325738,,19.276039193187348
2025-05-27,0.0023065355521874054,8.983234701318566e-05,-0.000593178445174861,0.07866027407535048,0.06518935312815334,302193170.0,-0.8100000000000005,-0.6199999999999992,-4.228933184788504,-4.131838590019676,0.19000000000000128,6.353552315246578,19.05263695672727,19.52657700662097
2025-05-28,0.001778299359639135,0.0008899619691460359,-0.00043944374964210466,0.0635275985151722,0.06336919024543504,197898499.0,-1.0700000000000003,-0.6600000000000001,-3.8433833100316352,-3.828361166102006,0.41000000000000014,6.30384532969252,19.13718613498894,19.103264825905324
2025-05-29,0.005432610907638136,0.0002952030056240673,-0.0005585876088328353,0.07573801469383745,0.0651754912830023,248408908.0,-1.0399999999999991,-0.7200000000000006,-3.728266196418131,-3.604080628947319,0.3199999999999985,6.125929878475914,19.134648479622566,19.33058676889428
2025-05-30,0.004415018209116717,-0.0002739190410570913,-0.00020931483204943477,0.060389809777943074,0.06676080510560663,303661134.0,-1.08,-0.8399999999999999,-3.8258487509395263,-3.693374423624336,0.2400000000000002,6.051006229816298,18.86867036447437,19.531422946851176
2025-06-02,0.0012522748031322806,0.0001525836594318264,3.7248213734149735e-06,0.060936136818356246,0.06601200801750755,151081888.0,-1.0,-0.7300000000000004,-4.0979246260377575,-4.107532730194608,0.2699999999999996,5.953970342680401,19.065972896716534,18.83333255242094
2025-06-03,0.0021682025117000236,0.00012491705133435004,-0.00013916925917152007,0.060635253147398094,0.06383609430757865,238509000.0,-1.33,-0.9000000000000004,-3.857534103712643,-3.964760435511682,0.4299999999999997,6.041206639002796,18.79217330476127,19.289917603429746
2025-06-04,0.004889985294192378,-0.0004974201355762986,-0.0006390171521296987,0.07007735088134448,0.06226809578736244,302718153.0,-1.5299999999999994,-1.08,-3.904555816072543,-3.909085343854125,0.4499999999999993,6.1370572834036325,18.802568327195356,19.528312742461395
2025-06-05,1.9608035373153143e-05,0.0005851804388766979,-0.0006040081369854836,0.05496904512063976,0.06230294342750158,184853350.0,-1.4600000000000009,-1.1099999999999994,-4.146491360596372,-4.354542288981499,0.3500000000000014,6.01525431323072,18.59204503860796,19.03507336598497
2025-06-09,0.0012557146469225344,-0.0005489661323311523,-0.0005021877558011312,0.043656076503173,0.06153202403411557,201709971.0,-1.5399999999999991,-1.0500000000000007,-4.2285099289239305,-4.295661774760822,0.48999999999999844,6.0579542883768145,18.720008034381745,19.122341436506744
2025-06-10,0.00196521631490576,-0.0011924643559387605,-0.0006761844452887189,0.04119922698786504,0.06119369504993663,225075744.0,-1.0899999999999999,-0.9600000000000009,-4.837805415393964,-4.922024600072673,0.129999999999999,5.834489047899294,18.915742821301524,19.231947543518164
2025-06-11,0.004416318086213344,-0.0007428412410360963,-0.0001675745340569399,0.053889240149892034,0.060079083215156946,289267515.0,-0.75,-0.7300000000000004,-5.231107447253033,-5.3007191527339845,0.019999999999999574,5.933067130727174,18.95380293549925,19.482862475359504
2025-06-12,0.0023474189183056993,0.0007046396014635192,0.0002986700351271005,0.04197819565824803,0.05444815431202146,307609627.0,-0.9499999999999993,-0.6999999999999993,-5.148309223455193,-5.183610611863596,0.25,6.004059891677685,18.6544763362992,19.54434209224516
2025-06-13,0.0019519818807713918,0.0010989575846924282,0.00042908736763794123,0.04216828524825684,0.05458660051632329,237885500.0,-0.9299999999999997,-0.8599999999999994,-5.080338272917432,-5.165437670165723,0.07000000000000028,6.062505320212233,18.985677934702323,19.28730002343668
2025-06-16,0.0027263892253293065,0.0018953783591427963,0.0003672139591350186,0.03736200580686403,0.05368603222170953,156601756.0,-0.8800000000000008,-0.8100000000000005,-5.003604929869656,-4.883429589901363,0.07000000000000028,6.090042110468976,19.190246082202773,18.869216554740355
2025-06-17,0.007362947427693278,0.003761011107662604,0.000754241144273603,0.035269145250387386,0.058677610030660896,340621737.0,-0.8300000000000001,-0.7400000000000002,-4.993325247558484,-5.0142783181045605,0.08999999999999986,5.910850843113736,19.358745386317615,19.646283143886357
2025-06-18,0.003372684478639698,0.0035522843861478747,0.0007982426434553094,0.03482291460849876,0.05909960502792291,333406600.0,-0.9100000000000001,-0.8000000000000007,-4.871299108607207,-4.7627220429974315,0.10999999999999943,5.849699349556356,19.06948137708799,19.624873324125822
2025-06-19,9.619546926753486e-05,0.003102039696340242,0.0007246265803125764,0.042542073658611616,0.05906408747007259,249037154.0,-0.9800000000000004,-0.8000000000000007,,,0.17999999999999972,6.102513850883277,,19.333112656149257
2025-06-20,0.0024978397077788372,0.003211211261741731,0.0011187593030783966,0.04178213108817411,0.054352053347216364,265142056.0,-0.9800000000000004,-0.8499999999999996,-5.14899521751525,-5.31109090126359,0.13000000000000078,6.169087583120382,19.225579777987466,19.395776300698817
2025-06-23,0.0010740727565998753,0.002880747967995845,0.0012869921052987856,0.04454528069983723,0.052777022518728775,190092405.0,-0.9900000000000002,-0.9100000000000001,-5.736605773926081,-5.8089482232647764,0.08000000000000007,5.982953430089554,18.622481738567505,19.063020854004034
2025-06-24,0.006654766543759294,7.720517370533032e-05,0.0006243542488091759,0.06301659991839888,0.05490273114503524,243003702.0,-0.9900000000000002,-0.8900000000000006,-5.299439820960224,-5.308091279022197,0.09999999999999964,6.0473012545453795,18.868231930489966,19.30858723575668
2025-06-25,0.001253555923278249,-0.00034662053736695954,0.0007259635165515833,0.05759771573319376,0.054662989618801214,213407124.0,-0.9800000000000004,-0.9100000000000001,-5.677823545357269,-5.485001174750183,0.07000000000000028,5.921337103666186,19.144502691212463,19.17871227959243
2025-06-26,0.0006747963817055336,-0.0005008189075615732,0.0005839953292233481,0.05748424742189637,0.05455231274838449,202038835.0,-0.9900000000000002,-0.9000000000000004,-7.034925681957617,-5.973545526988092,0.08999999999999986,5.894347736328255,19.096616682175934,19.123970489362588
2025-06-27,0.003273325344968825,-0.00034572178012357566,0.000824548886585632,0.060230811501188385,0.05460274197862693,190851465.0,-1.0,-0.9399999999999995,-5.821675810206688,-6.091547285319836,0.0600000000000005,5.884547264761904,19.038223974711038,19.067006013311538
2025-06-30,0.0011540682181063744,-0.0007913499750648256,0.001028289014658573,0.058986149296941424,0.050264183318831424,185298819.0,-1.0,-0.9499999999999993,-5.268127496066651,-5.287349562776486,0.05000000000000071,6.419701725558344,18.452710829861243,19.037480317786816
2025-07-01,0.0021192571268624505,0.00011575190831454307,0.0007171330462786127,0.0341371530273398,0.04981142122417317,194743798.0,-0.9600000000000009,-0.8699999999999992,-5.309308029511717,-5.2857523919932135,0.09000000000000163,5.834606037750557,18.816621324073786,19.087195396251683
2025-07-02,0.0006747963817055336,0.0,0.00068963407382972,0.0331550064245247,0.04977340487961909,290184869.0,-0.9800000000000004,-0.8800000000000008,-4.859265922489152,-5.083352511210888,0.09999999999999964,5.9379846533271445,18.971590411940255,19.486028757151516
2025-07-03,0.0007706387049344343,0.0002890870173279936,0.0006230834163646918,0.03288855611542302,0.04948491614953497,257352706.0,-0.9900000000000002,-0.8800000000000008,-4.494084689517882,-4.63795253824048,0.10999999999999943,5.77430306747132,18.946499500858007,19.365958098870784
2025-07-04,0.0006738220402224826,-0.0002308136436212749,0.0008880266227653996,0.021089837603636533,0.045246572437939676,229739387.0,-0.9800000000000004,-0.8900000000000006,,,0.08999999999999986,5.684973353669147,,19.25245612444432
2025-07-08,0.00019247425716262256,-3.8494851432524516e-05,0.000879794897918282,0.01948132345822956,0.045294202436703915,179735291.0,-0.9900000000000002,-0.9000000000000004,-5.637460381010694,-5.781927182833719,0.08999999999999986,5.944896911291647,18.670130060660185,19.006995720897258
2025-07-09,0.0014447389943734734,9.64087750652709e-05,0.0008707937385158562,0.015020325952360952,0.045411076313369,185997359.0,-0.9700000000000006,-0.8900000000000006,-5.455465912725382,-5.395322295648738,0.08000000000000007,5.882346982572443,19.068414771317208,19.041243032651938
2025-07-10,0.0009248733775510942,0.00014642417423438303,0.001008417057204278,0.015715818563862036,0.04422499206152448,269793573.0,-0.9499999999999993,-0.8800000000000008,-5.535854820182237,-5.53388200055295,0.06999999999999851,5.732920476399523,18.864420598697766,19.41316768010505
2025-07-11,0.009144739398582402,0.0018212443129639766,0.0012335799768408997,0.06663292693271478,0.05128565232987263,287600095.0,-0.9900000000000002,-0.9000000000000004,-5.414828062206464,-5.3808293377999235,0.08999999999999986,6.0067225494969625,18.208041392354872,19.477081514131
2025-07-14,0.0008584100865709487,0.0018581619222336697,0.0011626747943773402,0.0664452960198731,0.05113735717441707,190291184.0,-0.9900000000000002,-0.9299999999999997,-5.002722118428419,-5.360837295577085,0.0600000000000005,5.933438109585634,18.823443350256603,19.06406600434092
2025-07-15,0.0023996354929085584,0.002376583872247906,0.0011839916330505385,0.06390513982325396,0.0512478106391173,243396177.0,-0.9900000000000002,-0.9800000000000004,-5.003785490221043,-5.136426895994148,0.009999999999999787,6.057322509899446,19.30297891587178,19.31020103173864
2025-07-16,0.005860558636954671,0.003837643398513535,0.0013332377955088894,0.05706293900328174,0.0535353576717296,300954778.0,-0.9399999999999995,-0.9000000000000004,-5.050914329749794,-5.118014538092449,0.03999999999999915,5.672635745659364,18.395660061052816,19.52247057222345
2025-07-17,0.008380068813983677,0.005328682485800052,0.0013816721472370034,0.05763058165883723,0.055072672051007396,339214336.0,-0.8000000000000007,-0.8100000000000005,-5.186658211281811,-5.212509356450296,-0.009999999999999787,5.668776865457386,18.681813096081196,19.642142725139863
2025-07-18,0.0016891895908441867,0.003161896687914734,0.001140630524880628,0.06346440203352181,0.055556260159718734,340234487.0,-0.8200000000000003,-0.8000000000000007,-5.807901534634098,-5.436088561583995,0.019999999999999574,5.866298070815087,18.65279248060636,19.6451456055101
2025-07-21,0.004386426077370942,0.0021129294551263554,0.0009271723559930815,0.08328509233903798,0.05869928732637873,241519805.0,-0.8499999999999996,-0.7400000000000002,-4.421797660620728,-4.871144396401224,0.10999999999999943,5.711552211920561,18.662115011573672,19.302462035975978
2025-07-22,0.009071592068894851,0.003447320770323614,0.0012402081827128917,0.09706176901766628,0.06499516493431501,271826944.0,-0.8599999999999994,-0.8300000000000001,-4.430125149431525,-4.505485838434614,0.02999999999999936,5.720705141852109,18.988140799303576,19.42067618648259
2025-07-23,0.007821997232987599,0.0038396084895302,0.0015615379196837356,0.10105097042683898,0.06886606083651782,270924806.0,-0.8699999999999992,-0.8000000000000007,-3.7688965472569524,-4.146959805390077,0.06999999999999851,5.8706519268912345,19.414895508692794,19.417351871707744
2025-07-24,0.008313367664881888,0.003826268259709842,0.0022743062153333157,0.10086309167346683,0.06581724385079728,254862166.0,-0.8800000000000008,-0.7799999999999994,-4.306728704733935,-4.328192000014667,0.10000000000000142,5.934179654681719,19.198901015488694,19.356233431495937
2025-07-25,0.003214403282006728,0.0048069868342800245,0.002367679899082291,0.08931686273415378,0.06578457236716559,255592156.0,-0.8499999999999996,-0.8699999999999992,-4.219126163054561,-4.181856755562141,-0.019999999999999574,5.708338745737413,18.77388930090765,19.35909359142085
2025-07-28,0.005148016517400933,0.004654668746274027,0.002154669416430129,0.09428116734039854,0.07007631503861877,230771650.0,-0.8599999999999994,-0.8200000000000003,-4.108839247852977,-4.081564566901685,0.03999999999999915,5.684565675729068,19.011892093477538,19.25693925143137
2025-07-29,0.0018784189976592813,0.0032160341320269124,0.002088245304653484,0.08656493932642835,0.06996225056110282,257220158.0,-0.9100000000000001,-0.8100000000000005,-4.21325722570427,-4.267215922395536,0.09999999999999964,5.968784283384761,19.003563219619547,19.365442922062194
2025-07-30,0.0002208074200265031,0.0016074732014240921,0.00213268629503824,0.0780131155231469,0.0694903944780374,443764570.0,-0.8499999999999996,-0.7699999999999996,-4.420784593897125,-4.486261215065172,0.08000000000000007,5.847651911742134,19.15419090330096,19.9108047320177
2025-07-31,0.005906255633732371,-0.0012364514582987596,0.001952353032806339,0.06528432177080966,0.07353083858106411,193025504.0,-0.9299999999999997,-0.7899999999999991,-5.00873201120956,-4.669742493523991,0.14000000000000057,6.5799176565532616,18.947994685223158,19.07833288321649
2025-08-01,0.004543531448113924,-0.0009706258250773203,0.0021365785121591195,0.07138952088413902,0.07390424780467082,168089000.0,-0.9600000000000009,-0.9399999999999995,-5.238156234807025,-4.9121788185681226,0.02000000000000135,6.250534931164268,19.05404076442689,18.940004158997997
2025-08-04,0.003988335727366454,-0.0007386896670704246,0.0019099606820495534,0.06748218435695941,0.07679468604878563,180811665.0,-0.9600000000000009,-0.9800000000000004,-5.0088967879606745,-5.058885118277846,-0.019999999999999574,6.335054251498059,19.26474266002894,19.012966522646412
2025-08-05,0.006403437035206849,-0.0023950608736436505,0.001572948345124347,0.07266187902636066,0.08196911911078934,255907237.0,-0.9800000000000004,-0.9600000000000009,-4.762130737016079,-4.525583284382984,0.019999999999999574,6.384232722569882,19.21145750333903,19.36032558130848
2025-08-06,0.000837559957761691,-0.002183387398086012,0.0016219975934540763,0.07500766507686162,0.08176700619666229,196177325.0,-0.9900000000000002,-0.9900000000000002,-4.654779184612762,-4.652344955429255,0.0,6.578487031209427,19.502128626755685,19.094529527570636
2025-08-07,0.002322881416139566,-0.0005375599881116244,0.0018014080891927925,0.07196552660161158,0.08102477720509964,197370724.0,-0.9900000000000002,-0.9800000000000004,-4.7014010882737995,-4.541130730494707,0.009999999999999787,6.391749595174604,19.50880135359816,19.100594365960884
2025-08-08,0.0037239160782478464,-0.00070148306208484,0.0019346958368450188,0.06847015462429679,0.08122316823320434,169837806.0,-0.9900000000000002,-0.9900000000000002,-4.7013379864860845,-4.702898860907375,0.0,6.157741406733081,19.001611863209597,18.950354457235328
2025-08-11,0.005992071543725608,0.0012945983921335725,0.0017845687961375524,0.07466667123053972,0.07838148278982718,173351157.0,-1.0,-1.0,-4.39109010477698,-4.3646958507549485,0.0,6.293770418668421,19.472113259075726,18.97082990443127
2025-08-12,0.0049016092830234115,0.00159496394257026,0.0015102821594902018,0.06505449091837437,0.08170816950018546,269764730.0,-1.0,-1.0,-4.0105830818124435,-4.1050839170502265,0.0,6.259351992231584,19.57859866730865,19.41306076672843
2025-08-13,0.005464241426389016,0.00033460366574011857,0.0011358118299998412,0.08267409568689263,0.08510034549676512,275641181.0,-1.0,-1.0,-4.181187131220206,-4.1250213496527195,0.0,5.956769577311095,19.542711943339988,19.434610509018185
2025-08-14,0.0005570513559698398,-1.8562346293826693e-05,0.0008832638642386587,0.0809307117969663,0.08335550554292519,229459594.0,-1.0,-1.0,-4.393518799967948,-4.457751836391614,0.0,6.315484575789955,19.15025112249719,19.251237510962138
2025-08-15,0.0038906950422665787,1.479344650991976e-05,0.0006694841608235588,0.08142374960773215,0.0796358201247001,347557534.0,-1.0,-1.0,-4.471592311875691,-4.608460642383127,0.0,6.4603894697589,19.116893879664758,19.666440774732298
2025-08-18,0.003148442271131202,-0.0018133093164614423,0.0005999959379527485,0.06290180217135236,0.0803377418938483,147106914.0,-1.0,-1.0,-4.534305796425816,-4.55780156899406,0.0,6.072445276240261,19.0667032975654,18.806670186506533
2025-08-19,0.0009279020801251647,-0.0010185678758817928,0.0007646875568692142,0.05662330196257021,0.07850540614777445,361621105.0,-1.0,-1.0,-4.443708058155163,-4.429507618133242,0.0,6.060127364132952,19.152314522114853,19.706107550376437
2025-08-20,0.0002785386026085135,1.857268887430763e-05,0.0003194432391785777,0.04070299672063299,0.07249067472583029,216790777.0,-1.0,-1.0,-4.514069175370588,-4.473180872181089,0.0,6.003887067106539,19.26503164202279,19.194443285111934
2025-08-21,0.001672862843652645,-0.0004274101510501893,-0.0001326929549471482,0.04190528488614675,0.06739129533487052,148949930.0,-1.0,-1.0,-4.440435018541541,-4.488405428711539,0.0,6.016888599448141,19.40703470760679,18.819120767167092
2025-08-22,0.0003349086474946361,-0.0012725308890024322,-0.0005445156364888874,0.018892055558031973,0.05998661068965249,136983518.0,-1.0,-1.0,-4.67288834319303,-4.650344285873034,0.0,5.90424405734671,19.19443637981278,18.73537116998564
2025-08-25,0.003859532884407102,-0.0014147490116576122,-0.0008813697396514508,0.023462125458654757,0.05940373266107935,166886071.0,-0.9900000000000002,-0.9700000000000006,-4.486436207658663,-4.524171467914076,0.019999999999999574,5.8687317817256845,19.50911969256927,18.932821927989345
2025-08-26,0.001516823763881625,-0.0009258038428562543,-0.0005639963929237099,0.03164904965652239,0.05783808709793458,318170667.0,-0.9499999999999993,-0.9499999999999993,-4.409354513243901,-4.455142660168505,0.0,5.772810901066625,19.462796861802143,19.578098485457836
2025-08-27,0.0049446025355379675,0.00011882438477304192,-0.0004179876530247249,0.052939687037306234,0.06038859347888554,244048582.0,-0.8000000000000007,-0.75,-4.737901825514204,-4.601732669226315,0.05000000000000071,5.7155133975318995,19.606651413841618,19.312877869995773
2025-08-28,0.0023600036969373406,-1.8603785883897216e-05,-0.0005198541424014314,0.054603399931711184,0.0607541489031002,227475845.0,-0.6199999999999992,-0.5399999999999991,-4.822083227366241,-4.803855821531453,0.08000000000000007,5.742554369156739,19.29391808943545,19.24255461489405
2025-08-29,0.002467639204954075,0.000541905784605845,-0.00012109724532112443,0.057146240635870656,0.05827419637420518,141594733.0,-0.8399999999999999,-0.379999999999999,-4.493720020054349,-4.556717865415772,0.46000000000000085,6.374292013060298,19.37064683418909,18.76847954220441
2025-09-02,0.0015293823107738191,0.0016196888236420293,-0.0002646281566230342,0.04172215101610971,0.05613015198809166,259413985.0,-0.8100000000000005,-0.5800000000000001,-4.4494348376796875,-4.454229348264743,0.23000000000000043,5.657913040997746,19.576711894022495,19.37393574126924
2025-09-03,9.90092955861499e-05,0.0013361259299829343,-6.999267933957686e-05,0.04313268073867396,0.054474991313167444,220168466.0,-0.8499999999999996,-0.6999999999999993,-4.127046172839105,-4.120858989088358,0.15000000000000036,5.809642865355678,19.261592771095575,19.209903565821666
2025-09-04,5.6458178660179215e-05,0.0003359137871433049,0.00023224440906740744,0.029105674189199526,0.049375487673103576,166590657.0,-0.6699999999999999,-0.8100000000000005,-4.34576209281251,-4.389445201122797,-0.14000000000000057,5.868364274972146,18.901014959715216,18.931050205692276
2025-09-05,0.006088181226948208,-0.00040972171885886863,-9.755279020449254e-05,0.05304784265359782,0.053924804608355754,267025319.0,-0.6600000000000001,-0.5299999999999994,-4.353790942070452,-4.372447241058508,0.13000000000000078,5.906342293691147,19.091311021099262,19.402854039584017
2025-09-08,0.0016979358304043402,-0.0012428367259305518,-0.00028902027813515474,0.046673295022798544,0.05344753215318346,256492728.0,-0.5999999999999996,-0.48999999999999844,-5.1549257455627835,-4.934964374145569,0.11000000000000121,5.766945049613841,19.297950970150385,19.362610871296013
2025-09-09,0.0018795725887850168,-0.0011727986703283122,-0.0003768461585857657,0.04803018328790549,0.05206675384042556,216067832.0,-0.39000000000000057,-0.4800000000000004,-4.97827768364723,-4.867433982105517,-0.08999999999999986,6.209052695708495,19.332607378993455,19.191102953386167
2025-09-10,0.003033702923989523,-0.0005858599446476376,-0.0005177208547636745,0.05666783056087243,0.048385552762192446,216884738.0,-0.08999999999999986,-0.17999999999999972,-5.245190617257601,-5.277842575351377,-0.08999999999999986,6.176366106165323,19.410791418503734,19.19487660909828
2025-09-11,0.003381051588875472,0.0001016420088594927,-0.00012330843229229905,0.0635302374571727,0.04742755305211618,294155627.0,-0.1700000000000017,-0.1999999999999993,-5.188306827496527,-5.170483199541595,-0.029999999999997584,5.983608771142398,19.018118079852627,19.499619528787502
2025-09-12,0.001778805035962172,0.0016750392614415688,0.00022159854210537655,0.031933030758782115,0.0436355460868917,252071684.0,-0.6999999999999993,-0.39000000000000057,-4.609555496798706,-4.60300858732322,0.3099999999999987,6.234763604625756,18.73311836359946,19.34522406534199
2025-09-15,0.0006696622237729599,0.0018806939827678449,0.0001631836097366718,0.02521899529087253,0.04372355066579413,127211397.0,-0.75,-0.46000000000000085,-4.727907178922695,-4.678374292231972,0.28999999999999915,5.778116611708905,19.005198605466504,18.661360803913144
2025-09-16,0.0007388067279645583,0.0013570181194179297,-5.726885551242995e-05,0.03133537243252163,0.04164219013176063,309015850.0,-0.7200000000000006,-0.5500000000000007,-4.586088758673323,-4.5665467108662625,0.16999999999999993,5.667740703308936,18.8970455665884,19.548903128044884
2025-09-17,0.0023414631793619023,0.0012185701704924058,0.00020415521355867026,0.029322566165914193,0.040842262996885516,214856530.0,-0.9100000000000001,-0.5999999999999996,-4.769001689623822,-4.637884099763811,0.3100000000000005,5.878715693665988,18.310304425717494,19.18548106102106
2025-09-18,0.0004918372012001626,0.0004439924124772787,0.00022492020779319417,0.023675296556894092,0.04071771465710403,231981593.0,-0.8699999999999992,-0.6799999999999997,-4.264951039017303,-4.261245151454503,0.1899999999999995,5.989136840098804,18.835534467425312,19.262168585965718
2025-09-19,0.0006679527289623621,0.00022182195107731673,0.00026999122358228346,0.02087780320426136,0.04070226219892497,215826727.0,-0.7799999999999994,-0.5500000000000007,-4.182802222677825,-4.199948229133611,0.22999999999999865,5.76653815748159,18.609587686086087,19.1899864539072
2025-09-22,0.003297190680147999,0.0010151925318615084,0.0005066604390013618,0.02798907685909545,0.0413492188214657,340397929.0,-0.7300000000000004,-0.5099999999999998,-4.346269316131856,-4.315348591423831,0.22000000000000064,5.787020073226257,18.588938331807256,19.645625870626183
2025-09-23,0.0017840472930394924,0.0015197633360623185,0.0006075631028363203,0.02337976403178404,0.041457203759268396,331186837.0,-0.7300000000000004,-0.5199999999999996,-4.160808592006303,-4.1021681628877324,0.21000000000000085,5.721622392784532,18.369802405563927,19.618193236328104
2025-09-24,0.00395168536741064,0.00026113362670781014,0.0006031748893599613,0.04348660493995976,0.04158335398897473,219116349.0,-0.6500000000000004,-0.46999999999999886,-4.517053295948415,-4.338504505638413,0.1800000000000015,5.85618877679811,18.889549097766746,19.205113420677325
2025-09-25,0.000805821314029842,0.0005206653297538111,0.0005693176298432098,0.04304462547792189,0.041459275641970335,321864817.0,-0.4299999999999997,-0.5,-4.539258211364061,-4.498888768416252,-0.07000000000000028,5.7276292011304815,18.67635189016244,19.589642192376974
2025-09-26,0.005952776884313948,0.0015776301608241283,0.0006173259321658755,0.05795305630740954,0.0429211717364757,334412260.0,-0.5899999999999999,-0.4800000000000004,-4.6253690990033896,-4.528918791538558,0.10999999999999943,5.899376670105168,18.856169271269987,19.627885101182187
2025-09-29,0.00456570994933525,0.0018313340146615786,0.000947121820083618,0.060946703774318746,0.04356817370308738,289696736.0,-0.7599999999999998,-0.5,-4.716283337868456,-4.732692542596164,0.2599999999999998,5.869889957587128,18.994244530432844,19.484345195848356
2025-09-30,0.0012860449239795457,0.0017317335408495893,0.0008908554257514975,0.06107345890647887,0.043239617797559526,196863176.0,-0.8000000000000007,-0.5,-4.627840344476084,-4.6320943133815184,0.3000000000000007,6.136841132616002,19.242641600566646,19.098019507327894
2025-10-01,0.0029760101061899746,0.0019268685930937223,0.0006763129297056025,0.05549102355998269,0.04517467830285796,188468671.0,-0.6400000000000006,-0.5299999999999994,-5.044190420683833,-4.960173091891132,0.11000000000000121,5.616734733369035,19.214643603026058,19.05444234944781
2025-10-02,0.00024675120396544514,0.001716354089494665,0.0006598481440126694,0.05730419035987314,0.04524617448166248,217171345.0,-0.7699999999999996,-0.5899999999999999,-4.63118463546666,-4.475860292127633,0.17999999999999972,5.740178689847492,19.008895095161435,19.19619720822304
2025-10-03,0.0006924998630957191,0.00038729874001273144,0.0006295604447538342,0.04429719887630498,0.045426336311155946,238833563.0,-0.7799999999999994,-0.5500000000000007,-4.5917326405884324,-4.52991671746479,0.22999999999999865,5.785085925720236,19.12744725890692,19.29127747818291
2025-10-06,0.00570889977088207,-0.0016676232040307327,0.0006476214664712694,0.043283651852224915,0.04473333018782199,225615004.0,-0.9399999999999995,-0.5800000000000001,-4.543645180164445,-4.369590718710924,0.35999999999999943,5.738441517141043,18.982299809700507,19.234340582468878
2025-10-07,0.004511026047368638,-0.0028270373983003694,0.0005136647894729695,0.037546876414640336,0.047563734173258015,241374848.0,-0.9800000000000004,-0.5800000000000001,-4.408043893699242,-4.5622156599591595,0.40000000000000036,5.695145281260538,19.116948550290797,19.30186166898722
2025-10-08,0.0015962027810507706,-0.0025510759332725286,0.00034815167662364627,0.038468469305275026,0.047829297994721694,270223903.0,-0.9700000000000006,-0.5700000000000003,-4.290254175108208,-4.192537334599779,0.40000000000000036,5.78986842356933,19.315954927225924,19.41476144367832
2025-10-09,0.001879742309199628,-0.002125777230639514,0.00029320117115746075,0.048219780524784886,0.047175480226368964,223817068.0,-0.9100000000000001,-0.5800000000000001,-4.338015039779997,-4.150039432127796,0.33000000000000007,5.97685839471862,19.103275204909465,19.226339615456002
2025-10-10,0.005639203331362808,-0.003115117924292932,-0.00013633477742531447,0.05162450174418808,0.050000053328294845,396120087.0,-0.4299999999999997,-0.3200000000000003,-4.170565929663633,-4.398681044463265,0.10999999999999943,6.117127565103639,19.274787301039296,19.797227973247768
2025-10-13,0.00131272853720521,-0.0022358836775575597,-0.0002835506618618565,0.04692967539884473,0.049653742772066814,238243926.0,-1.0399999999999991,-1.0100000000000016,,,0.029999999999997584,6.34542581234903,,19.28880560594485
2025-10-14,0.0033532162393328235,-0.0006630352202172674,-9.198502076158106e-05,0.05536264235010763,0.05119134821114854,330539235.0,-1.1499999999999986,-0.9499999999999993,-4.602963809323082,-4.42595651315251,0.1999999999999993,5.993861671707704,19.43649353682938,19.61623592427965
2025-10-15,0.0014025991729864629,-0.0006243144986044058,-0.00012359418481024318,0.05517379394546454,0.05134843066473717,229394539.0,-0.9800000000000004,-0.9200000000000017,-5.516634237683224,-5.478715238950311,0.05999999999999872,5.880365374589262,19.75675106777291,19.250953956796415
2025-10-16,0.0051172398111765105,-0.0020237109226796334,-0.00047877051769302473,0.05748036753281871,0.05330026117053584,351432148.0,-0.9299999999999997,-0.879999999999999,-6.175957979826238,-6.448669022383992,0.05000000000000071,5.843660352339588,19.488487198057232,19.677527215019353
2025-10-17,0.00324603279957536,-0.0002466636964919999,-0.00030077670813228555,0.056879303783529726,0.054839284269030814,308342270.0,-0.9899999999999984,-0.9400000000000013,-7.352289205300307,-7.403894130969682,0.04999999999999716,5.954722758879874,19.44084382631565,19.54672099017235
2025-10-20,0.0013642532294788623,0.00028873265684481453,-0.00026761954144102366,0.056893320404784314,0.05504691805124098,263139108.0,-1.0,-0.8500000000000014,-7.210544717206853,-7.354828272001166,0.14999999999999858,5.901293638596683,19.6998918563616,19.38819337806571
2025-10-21,0.0005999974363524174,-0.00026191110375126667,-0.00039605731495509895,0.05055498254014587,0.053620554418398705,219566042.0,-0.879999999999999,-0.8299999999999983,-7.23851593678488,-7.463549650594645,0.05000000000000071,5.784317368878372,19.53118171467966,19.207163619941042
2025-10-22,6.158341627315878e-05,6.292047591394123e-06,-0.0004839444915890347,0.04953485628281638,0.05305321531033557,249271358.0,-0.8299999999999983,-0.7399999999999984,-7.35908560985351,-7.506982294212175,0.08999999999999986,5.75295351866265,19.550275810818114,19.334052652202324
2025-10-23,0.001399444091817692,0.0007498511914631578,-0.0003624091927512753,0.027390731883786944,0.05166989446402348,256483877.0,-0.9299999999999997,-0.7399999999999984,-7.166287366513057,-7.2797185239395645,0.19000000000000128,6.111334292958366,19.520916014871982,19.362576362899667
2025-10-24,0.0006539674410275254,-3.0148856657419287e-05,-0.0004319229429921023,0.017035626487300948,0.05150120847666347,276514633.0,-0.9899999999999984,-0.8999999999999986,-6.365760401726186,-6.696478100135463,0.08999999999999986,6.244050389022149,19.351532744108606,19.437774299768645
2025-10-28,0.007492657534845293,-0.0018015310095222503,-0.0010721817248568282,0.05184324431236164,0.05156001718658908,295870357.0,-0.870000000000001,-0.7600000000000016,-6.644276509892398,-6.527288085975949,0.10999999999999943,6.198194123153937,19.42517540044847,19.50543193323761
2025-10-29,0.008870392428707241,-0.003695608982534182,-0.0017119961238112325,0.06589644726279635,0.0539986021710296,414681572.0,-0.8200000000000003,-0.6900000000000013,-7.260501084168686,-7.196817822467931,0.129999999999999,5.865816286503434,19.574728247234717,19.84302148728689
2025-10-30,0.003045574957448949,-0.0030741773077897607,-0.0016282089793603085,0.0790673972451754,0.055551183587493204,281343489.0,-0.4299999999999997,-0.5799999999999983,-8.326720553619412,-9.311638710879285,-0.14999999999999858,5.92235559745565,19.448008698451385,19.455086861581826
2025-10-31,0.0017796080925425173,-0.0031502101079347255,-0.0015712374549009059,0.07860481230271361,0.05533963524781023,410173896.0,-0.6700000000000017,-0.5700000000000003,-7.551521126472103,-7.471542366742307,0.10000000000000142,6.110158279065687,19.019226504978075,19.832091764327497
2025-11-03,0.00835322405980321,-0.004690061431689862,-0.0019572599718455613,0.08212633402230625,0.05983714462533451,327143380.0,-0.9600000000000009,-0.8900000000000006,-7.651252159050365,-7.396150905380333,0.07000000000000028,5.785454623300226,19.28006694363825,19.605909103709244
2025-11-04,0.002757367623716256,-0.0037430034494640553,-0.0020555870080655866,0.07875717883913812,0.05971462678044461,358799327.0,-0.9800000000000004,-0.8000000000000007,-11.26786069603331,-10.18193342573488,0.17999999999999972,5.766757273817589,19.240203652575982,19.698273812450388
2025-11-05,0.003425284525641281,-0.0012838680585943508,-0.0016206258510882844,0.07667278359154195,0.06104188493615013,275648893.0,-0.9699999999999989,-0.7699999999999996,-9.504940086116722,-10.249655237049385,0.1999999999999993,6.054979106675796,19.124696027153387,19.43463848702963
2025-11-06,0.0011857455815684759,-0.0016558339337704453,-0.0013493510116150884,0.07098233869816215,0.06083262500202793,246540650.0,-0.9600000000000009,-0.8299999999999983,-7.738036387819349,-8.3528462658059,0.13000000000000256,6.019809020117124,19.47684032726931,19.32303744657318
2025-11-07,0.0024245447464652514,-0.001784821264554992,-0.0013887958671110162,0.07120052027001741,0.06094255415643355,197054816.0,-1.0,-0.8500000000000014,-7.636157097982888,-7.728600633035946,0.14999999999999858,6.513467471464097,19.73120970167637,19.09899250180396
2025-11-10,0.001621160549483136,-0.00043840856249097724,-0.0015555055270482906,0.04221485889544413,0.05977216178090775,210886336.0,-0.9800000000000004,-0.8399999999999999,-7.647582528884676,-7.626353927656384,0.14000000000000057,6.345741618446713,19.70086231764007,19.166829854350578
2025-11-11,0.0014491927101998314,0.0004029035042922402,-0.0012179628584024506,0.03801078625962105,0.05870429769634645,203597098.0,-1.0,-0.8500000000000014,,,0.14999999999999858,6.619526390386989,,19.131653589100946
2025-11-12,2.7020090896279214e-05,-0.0002767493826567602,-0.0011541653046833321,0.027068840377714395,0.05886029423573631,217174049.0,-1.0,-0.879999999999999,-8.071591979297915,-8.450368553457174,0.120000000000001,6.524780359909144,19.945106625553436,19.19620965914361
2025-11-13,0.0032644004449222663,-0.0011667785879549085,-0.0014692899086954792,0.030179227735838005,0.05690676354452968,273155007.0,-1.0,-0.9299999999999997,-7.387933653605854,-7.8945535040249695,0.07000000000000028,6.361526977414198,19.777383559719663,19.425549983225586
2025-11-14,0.001883593835760422,-0.0003051508715097739,-0.00131280452732658,0.03410960593227641,0.05808176399235497,287626388.0,-1.0,-0.8599999999999994,-6.904482047894776,-7.962098151576786,0.14000000000000057,6.4015356977633875,19.58632531986201,19.477172932036105
2025-11-17,0.003564813712102932,-0.0006938815040337332,-0.0012388794749897429,0.0409408949057228,0.057040141947431525,265658996.0,-1.0,-0.8900000000000006,-7.2797582895306565,-7.404726348972719,0.10999999999999943,6.083701828574393,19.860530469050147,19.39772407439476
2025-11-18,0.004643283868789538,-0.001912376819831607,-0.0016145612211023572,0.043609430352738524,0.05575683541574272,246570054.0,-1.0,-0.9100000000000001,-5.35664444499581,-5.706272684511475,0.08999999999999986,6.002824774678617,19.898025960912133,19.323156705797512
2025-11-19,0.002148737585140559,-0.0023475283550389745,-0.0017818464979889963,0.04010854254866112,0.05471024898953642,415616461.0,-1.0,-0.9200000000000017,-5.969297394991209,-5.913330560926598,0.0799999999999983,6.048175638692024,19.3840149649707,19.845273424200936
2025-11-20,0.00020102295892865385,-0.0016544436742687908,-0.001800845282628223,0.04258650863474014,0.05450847713555824,233889090.0,-1.0,-0.9400000000000013,-5.44167790944222,-5.5368975713098685,0.05999999999999872,6.024173721517687,19.603948218749032,19.270357586601648
2025-11-21,0.003403192956718648,-0.0013505238500771456,-0.001635855931533375,0.05106289944443884,0.05715845737618186,343502136.0,-0.9499999999999993,-0.8599999999999994,-4.964882982534908,-4.935503365267541,0.08999999999999986,5.9692445002061385,19.80072710188806,19.654703887947957
2025-11-24,0.0019528853184249684,-0.0010281381713415528,-0.0016622102756575312,0.04783979324781995,0.05716176734885715,317680318.0,-0.8500000000000014,-0.6499999999999986,-5.123746602111698,-5.071263248366012,0.20000000000000284,6.011193642288977,19.81679525170925,19.576556145794072
2025-11-25,0.0016389921512551808,-0.0004272798278346812,-0.0017091162142398005,0.03708186315227646,0.057044576421692035,330381113.0,-0.6600000000000001,-0.6099999999999994,-4.913786892794429,-5.112024000142441,0.05000000000000071,6.394159154253479,19.622968182847515,19.615757433933588
2025-11-26,1.23220372767463e-05,3.2817380812844022e-09,-0.0013529097619746316,0.03378916193439916,0.05324777391648916,213329471.0,-0.3999999999999986,-0.4299999999999997,-5.210243462795637,-5.190530681149545,-0.030000000000001137,6.56388373487898,19.837974798343204,19.17834834079849
2025-11-27,0.0048313997662639,-0.0010064812633004295,-0.0011605767780487582,0.04786060890669903,0.04760186890289238,288505568.0,-0.5399999999999991,-0.5700000000000003,,,-0.030000000000001137,6.5274607180159165,,19.48022494355288
2025-11-28,0.005477489514073675,-0.002782617757458894,-0.0015664369909784068,0.036486094141872316,0.047267822436905756,408323283.0,-0.4800000000000004,-0.5300000000000011,-5.039474191468923,-4.962692475757603,-0.05000000000000071,6.938439661113132,19.81655673677613,19.82756977891086
2025-12-01,0.004079853865184724,-0.003208011466810845,-0.0016759725039613691,0.03656333900162731,0.04806347181194002,245991643.0,-0.8099999999999987,-0.7800000000000011,-4.8841861260732085,-4.864617188390373,0.029999999999997584,6.566714623005923,19.65097998155404,19.320808121774874
2025-12-02,0.0078836763946466,-0.004456948315489128,-0.001653613091334864,0.04547228223407104,0.047262392747480925,413170958.0,-0.9499999999999993,-0.8399999999999999,-4.972904168775129,-5.055406411362014,0.10999999999999943,6.319544524166601,19.8356776476242,19.839372007163618
2025-12-03,0.00848220394264576,-0.006150924696562932,-0.0019262243446172213,0.03066008912220348,0.05278496843250341,342744624.0,-0.9299999999999997,-0.8299999999999983,-6.122539087304991,-5.8992562253414444,0.10000000000000142,6.062877820391151,19.942181377427328,19.652496191382156
2025-12-04,0.0047403266323939874,-0.004236579416831354,-0.0018636032919147113,0.08455165367252024,0.054629194582263854,524267729.0,-0.8299999999999983,-0.870000000000001,-6.366693933318357,-6.279030161111786,-0.0400000000000027,6.273103396012478,19.685594370451074,20.077513045009496
2025-12-05,0.001188806717671298,-0.0029033201704823596,-0.0018634575235288626,0.09135877982412874,0.054631348526702594,444915476.0,-0.9400000000000013,-1.370000000000001,-6.273618440245871,-6.629952798775914,-0.4299999999999997,6.312007004409325,19.409946970398078,19.913394880516297
2025-12-08,0.009818519353119726,-0.00012364552682146978,-0.0012804544711676733,0.12657642558731247,0.06789835129177091,288506831.0,-0.8399999999999999,-0.8500000000000014,-6.2705048346696675,-6.09825760858126,-0.010000000000001563,6.268319466910692,19.660867476349747,19.480229321275097
2025-12-09,0.009306183239740307,0.0033143264000559114,-0.0007601047669189379,0.1187717463171576,0.07713137041363098,336613427.0,-0.9299999999999997,-0.8200000000000003,-6.307095554432248,-6.212955574675741,0.10999999999999943,6.33779870897739,19.687952717361288,19.634445729002636
2025-12-10,0.005604448579137333,0.00613165690441253,-0.000562235439826676,0.056301985639664015,0.07992360768185514,262368958.0,-0.9400000000000013,-0.8099999999999987,-7.798594074275821,-6.837864174961199,0.13000000000000256,6.381612951104253,19.825099769002428,19.385262307731296
2025-12-11,0.0035757457905143397,0.005898740736036601,-0.0003932485017496255,0.05867221149971269,0.08118867157038426,315868247.0,-0.9600000000000009,-0.9200000000000017,-7.0595268633561705,-7.018489399876771,0.03999999999999915,6.322044458024357,19.268638757818874,19.570835744734172
2025-12-12,0.001633845386563415,0.005987748469815024,-0.0001599987002503073,0.056465048023934476,0.08077816051095801,307813783.0,-0.9899999999999984,-0.9699999999999989,-6.9321812828116816,-6.952342333987673,0.019999999999999574,6.891137973158699,19.57607463399404,19.545005557443822
2025-12-15,0.010633155598323007,0.0018974134795264775,-0.0007560343875876134,0.11999001905107727,0.08809395661549475,396336825.0,-0.9899999999999984,-0.9499999999999993,-7.311891892951287,-7.4429900939192315,0.03999999999999915,6.461577545372708,19.390533262438847,19.797774975872446
2025-12-17,0.0031157011196327744,-0.0005869633923481388,-0.0007346480736604631,0.10285229932356246,0.08792711113124149,346414665.0,-0.9899999999999984,-0.9400000000000013,-7.697914646390705,-7.571781623407334,0.04999999999999716,6.615931307363021,19.477837187954098,19.66314706920678
2025-12-18,0.003502393978681795,-0.0010073743124392465,-0.00034675865235230435,0.09571543328252126,0.08789238752682545,355211798.0,-1.0,-0.9800000000000004,-6.360731090368835,-6.533480652733765,0.019999999999999574,6.683160675400613,19.555545283348067,19.68822478362077
2025-12-19,0.00271830866605427,-0.0011788617373312605,-0.00011499454515255063,0.0932917534745771,0.08825144487485749,357237802.0,-1.0,-0.9699999999999989,-6.367621566510929,-6.299776887438901,0.030000000000001137,6.569761885988985,19.070787246574927,19.693912230034574
2025-12-22,0.003642970780125765,-0.0022342249706690962,-0.0002980418660599039,0.09075582176032025,0.08907873365933794,325793777.0,-1.0,-0.9499999999999993,-4.844824926963325,-5.276027157976026,0.05000000000000071,6.691736287610223,19.498065838110083,19.601775153274538
2025-12-23,0.012328759306842407,-0.0025733457123729765,-0.0010471824500390017,0.10087577165446386,0.09714739258473508,391454579.0,-0.9800000000000004,-0.870000000000001,-5.382517002516156,-5.353690645353712,0.10999999999999943,6.410816123695158,19.46842159660659,19.78538004878459
2025-12-24,0.007851393384520122,-0.000379926811542397,-0.0005803120356130451,0.12445253844735928,0.10182009831252056,408031601.0,-0.9699999999999989,-0.879999999999999,-5.092695352758909,-5.429242823077754,0.08999999999999986,6.495763921158411,19.18717280558608,19.826855182800447
2025-12-25,0.005595716460855549,-0.0021995488994498657,-0.0007687274789273483,0.12332793905969872,0.1032509604910713,468576978.0,-0.9400000000000013,-0.8200000000000003,,,0.120000000000001,6.579070640152429,,19.9652109535097
2025-12-26,0.008747480140927522,-0.004492706660846224,-0.0011846873886250044,0.12137052888314713,0.1068170969235329,511984741.0,-0.9800000000000004,-0.8099999999999987,-6.397677347203583,-6.528756332053904,0.1700000000000017,6.842651264650091,19.61732663085496,20.053805379825295
2025-12-29,0.007448805166167638,-0.005253873538054598,-0.0013093257410013727,0.12269205186951616,0.10831728407397771,371758970.0,-0.9200000000000017,-0.8299999999999983,-7.1981304692145205,-6.915241504404202,0.09000000000000341,6.640894922222654,19.983998088771113,19.733756272132467
2025-12-30,0.00046377159104693533,-0.0026953673584767302,-0.001026408545519439,0.10907577148480718,0.10738789721804916,309253451.0,-1.0,-0.9499999999999993,-9.494209357050526,-8.846805872272483,0.05000000000000071,6.527797085976384,19.334215561781562,19.549671728430873
2025-12-31,0.009054536157641735,-0.0024547388038524075,-0.0004009614015753219,0.11648745512966116,0.11221255416520985,252203151.0,-1.0,-0.9800000000000004,-14.09869540941137,-14.980808603722426,0.019999999999999574,6.936575944790331,19.63606903398058,19.345745475469382
2026-01-05,0.011693739389445845,0.001003152366207871,0.0005312964929052707,0.14762327521610796,0.11618672819141534,313207269.0,-1.0,-0.9600000000000009,-9.516729454719481,-10.098623944887194,0.03999999999999915,7.125757636981474,19.884027165214178,19.562375730623863
2026-01-06,0.0063914017934418865,0.0014743680357049982,0.0006308585000102171,0.13848385128566007,0.11435430910145981,391434882.0,-1.0,-0.9400000000000013,-9.822142498483416,-10.409509555914685,0.05999999999999872,6.966448625321355,19.76125862080526,19.78532973005893
2026-01-08,0.00010037227318093755,0.0029842035235747135,0.0004099082924286433,0.11645766292415681,0.11337879415592524,207567397.0,-1.0,-0.9200000000000017,-7.7463674013741635,-6.533955043761564,0.0799999999999983,6.908185186558631,19.800508260031087,19.15096664971664
2026-01-09,0.002104732763825723,0.003312395758130471,0.00045352381843599687,0.1147910045921913,0.11350240538006964,251696557.0,-1.0,-0.8099999999999987,-6.000462380797041,-5.835386160010389,0.19000000000000128,6.803494158767612,19.716791986150167,19.34373478102907
2026-01-12,0.0006335595004642869,0.0013747766265092664,-4.419422221086087e-05,0.10439371244831801,0.10829163830251305,333192530.0,-0.9899999999999984,-0.9400000000000013,-5.990381663488822,-5.872090874681451,0.04999999999999716,6.580611397649169,19.680351612159455,19.624231049038066
2026-01-13,0.0021900791732170077,-0.001401987086023304,-0.0005916352894945425,0.050612052010863905,0.10297664209514136,311859879.0,-1.0,-0.9200000000000017,-5.832181510456802,-6.348226400776438,0.0799999999999983,6.487288201955625,19.6636450620905,19.558064539126324
2026-01-14,0.002348139185355258,0.00034592110973612477,-0.0007466976415794033,0.030279629854147942,0.10110878795502315,294829898.0,-1.0,-0.8900000000000006,-6.684470300592638,-7.006569189730341,0.10999999999999943,6.604905421738312,19.672799393490276,19.501909131047455
2026-01-15,0.0007876877270156513,0.0004833842005030675,-0.000879462311269817,0.030321611327681193,0.100062857188092,211040148.0,-0.9899999999999984,-0.8999999999999986,-5.21634251229966,-5.278417496144874,0.08999999999999986,6.541361834458381,19.623568257563328,19.167558948221888
2026-01-16,0.0005495799490686792,0.00017235363755165877,-0.0009310939987695663,0.026899637264358418,0.09978983230677352,358967302.0,-0.8299999999999983,-0.870000000000001,-4.547250477786662,-4.6044679517483456,-0.0400000000000027,6.413393381246811,19.592895291208357,19.698741861524503
2026-01-19,0.006404517714460489,-0.0009818380052475817,-0.0007297302900142082,0.05466371991838214,0.0955966486871572,191215878.0,-0.5399999999999991,-0.6999999999999993,,,-0.16000000000000014,6.732746915482407,,19.068913599066672
2026-01-20,1.4616890534391302e-05,-0.0005408987924973019,-0.0005806675276252957,0.053828072721881115,0.09522652453160795,307120607.0,-0.379999999999999,-0.6700000000000017,-6.472325689508125,-6.465773625789167,-0.2900000000000027,6.76825180320161,19.741002008756933,19.542751085081015
2026-01-21,0.0028730289693301714,-0.0015851324234343878,-0.0008842590965782464,0.04869078154686244,0.09433904726103569,262561577.0,-0.3299999999999983,-0.5799999999999983,-6.7538413707679705,-6.899646364307825,-0.25,6.612538223042504,19.624952314643185,19.385996191534208
2026-01-22,0.0019447641484244826,-0.0021316227985224145,-0.0011063101829819964,0.04393355963135857,0.09347433397961182,389909379.0,-0.46000000000000085,-0.6999999999999993,-5.451613889577283,-6.39173986311795,-0.23999999999999844,6.638908045408924,19.89153147620791,19.78142490854938
2026-01-23,0.004064842428584292,-0.0030545072740530087,-0.0011263993090990692,0.03800555310421089,0.09362988027288752,334166231.0,-0.41000000000000014,-0.6000000000000014,-4.59335598453986,-5.238047105188327,-0.19000000000000128,6.693422795946478,19.757152570692032,19.62714912473539
2026-01-26,0.002853959378009918,-0.0023443956067628947,-0.000675218360107046,0.024105860968644074,0.08467045215147881,197315837.0,-0.1999999999999993,-0.5700000000000003,-5.27386854739766,-5.30308368265924,-0.370000000000001,6.79170449211612,19.804096907031262,19.100316236397948
2026-01-27,0.003652673110693172,-0.0016167843627311385,-0.0008751574207654722,0.04826509192530475,0.08048884940965262,343827875.0,-0.07000000000000028,-0.4400000000000013,-5.721297377244163,-6.029428008421128,-0.370000000000001,6.78398183661347,19.89638924872969,19.655651726742054
2026-01-28,9.384436327053436e-05,-0.001060947441519211,-0.000613163511356662,0.04773775973409928,0.0786588193028764,352274972.0,0.05999999999999872,-0.3099999999999987,-6.416828368996681,-6.453440571094578,-0.36999999999999744,6.80152772088496,19.45248006199366,19.67992259906208
2026-01-29,0.0030013041421641518,-0.001272255440267145,-0.00033953608284412054,0.04952586498990281,0.07352247071373182,352626556.0,0.05000000000000071,-0.1700000000000017,-7.027926428084131,-7.0113753880791325,-0.22000000000000242,6.849617562252194,19.7530833850674,19.680920139896337
2026-01-30,0.001205802259165445,-0.00021812650271719748,7.258808026697867e-05,0.04470288018390367,0.06894836143492541,485373437.0,-0.05000000000000071,-0.3299999999999983,-7.216638393285875,-6.879662640497516,-0.2799999999999976,6.987804140482893,19.875212487916183,20.000429125820347
2026-02-02,0.003751119061902841,0.0011028891852653544,0.0002291284360220218,0.044760542179619056,0.07011392500520748,435190575.0,-0.4400000000000013,-0.46999999999999886,-5.749188699137095,-5.930162555995128,-0.029999999999997584,6.652488765777084,19.353686100932205,19.891294596561938
2026-02-03,0.0070691912015368175,-0.0010414836771806435,-0.0005386681048912426,0.06597548867513037,0.06670634224015959,231660251.0,-0.6400000000000006,-0.5700000000000003,-5.368762606636732,-5.669200581970504,0.07000000000000028,6.57229652861019,19.586342953801346,19.260782420952303
2026-02-04,0.008815827643190666,-0.0027858803331646696,-0.0015153141540644097,0.0845305675122939,0.05634920904742054,364454327.0,-0.5700000000000003,-0.6600000000000001,-5.302581444101179,-5.269589163178951,-0.08999999999999986,6.570490728563228,19.668036764069356,19.713911798406883
2026-02-05,0.007708792870303682,-0.0037273780787925757,-0.0015780470624864001,0.09159738413028576,0.05794771085025416,444968909.0,-0.6099999999999994,-0.6000000000000014,-5.3324112880289665,-5.576629473323633,0.00999999999999801,6.623573739177259,19.516310793495965,19.913514970273944
2026-02-06,0.003372480726712368,-0.0032940423852831913,-0.0014222323742229986,0.09986715638433191,0.06020643789499824,350285128.0,-0.6799999999999997,-0.5599999999999987,-4.802985630834755,-5.0519445706627515,0.120000000000001,6.4151296918600975,19.412929888572823,19.674258032227936
2026-02-09,0.0020909501805572717,-0.004462456233775214,-0.0016220268001459984,0.08066995127893554,0.05884853384807539,235334751.0,-0.8000000000000007,-0.7199999999999989,-4.549801005399079,-4.4829142307692305,0.08000000000000185,6.383709317045291,19.71832627637183,19.27651953085058
2026-02-10,0.003394217910221542,-0.003727461575512159,-0.0017534867244201533,0.07733870176712863,0.05904098979631693,328964630.0,-0.870000000000001,-0.7399999999999984,-4.96942306656376,-5.289823668109753,0.13000000000000256,6.292642637227534,19.878535412539666,19.611460795351505
2026-02-11,0.0022459710081061957,-0.0015151018452527864,-0.001542246239595239,0.07110761578676811,0.060606723811552805,371997184.0,-0.8999999999999986,-0.8299999999999983,-4.858708982035754,-4.981170279608531,0.07000000000000028,6.31213400351143,19.75125626924835,19.734396842316297
2026-02-12,0.0037443751686874194,0.0007755317625454339,-0.001475758811817517,0.05224371308655101,0.06191488070271315,246574138.0,-0.9600000000000009,-0.7899999999999991,-3.892612336553972,-4.622512624800095,0.1700000000000017,6.514579348649518,19.795668692806178,19.323173268904476
2026-02-13,0.00028286828629031646,4.446195994489699e-05,-0.0015267376695939916,0.04697597150692432,0.06153163615351462,311504346.0,-0.9899999999999984,-0.9299999999999997,-3.702409929928521,-3.9534398555511743,0.05999999999999872,6.755768921984255,19.970491854582022,19.556923847940364
2026-02-16,0.007423517449467454,-0.0010220514938371395,-0.0019064089742861885,0.07123707554362722,0.06427913838586279,217718578.0,-1.0,-0.870000000000001,,,0.129999999999999,6.681732586917084,,19.198713860184306
2026-02-17,0.0010184337370748864,-0.0005468946592078084,-0.001649928784886874,0.06818424312192281,0.062204511213687134,355326320.0,-0.9899999999999984,-0.8599999999999994,-5.617058669648536,-5.426106466244409,0.129999999999999,6.491997381388541,20.072385502286075,19.688547136491337
2026-02-18,0.0032660391815308998,-0.0016492966971352273,-0.0018061505026042688,0.06512046086364168,0.06213647446696579,308464323.0,-0.9600000000000009,-0.8900000000000006,-6.189394828068506,-6.295433763059025,0.07000000000000028,6.383895072945686,19.93055977421523,19.547116747944653
2026-02-19,0.00674479888187296,-0.0010492119544981194,-0.0013481587001660245,0.08205789715131444,0.06864688094607126,415486395.0,-0.9600000000000009,-0.8000000000000007,-5.071108668774341,-5.699574904409332,0.16000000000000014,6.3026556051106715,20.049485590743043,19.84496042804138
2026-02-20,0.0140956750494734,0.0018264967126546238,-0.0005843282621708872,0.1361679221486139,0.08694126316904935,424829735.0,-0.9299999999999997,-0.8200000000000003,-3.87383296407015,-4.098598233303225,0.10999999999999943,6.290920781271355,19.85352997521336,19.867199023088233
2026-02-23,0.0043406630585023365,0.0024430675908476474,-0.0005974625778812703,0.12420801860083085,0.08708552178999672,247504156.0,-0.8200000000000003,-0.8399999999999999,-3.9193958466950765,-4.426935908740868,-0.019999999999999574,6.1944666137203255,19.8796985041469,19.326937931751228
2026-02-24,0.0035393809643480267,0.00335463053113223,-0.0002930177996737491,0.12036086577660635,0.08781136944162252,375754908.0,-0.6999999999999993,-0.629999999999999,-4.482014330721631,-4.487401975749176,0.07000000000000028,6.469808300628719,20.053807163079977,19.7444476483883
2026-02-25,0.005369907335174062,0.005081819834473223,-0.00021124474136513527,0.10507808529327223,0.08897735861246159,469024960.0,-0.6600000000000001,-0.5899999999999999,-3.7773940328318076,-4.179225159040785,0.07000000000000028,6.353326017734014,20.029003839208652,19.966166544610644
2026-02-26,0.00448661145376672,0.0028355377673452862,-0.0004204241266268584,0.1226609682778156,0.09019717968290715,329674438.0,-0.1999999999999993,-0.4200000000000017,-3.693351695742125,-4.2629046491434615,-0.22000000000000242,6.281593623202815,19.820746031611346,19.6136161739474
2026-02-27,0.0026885315536882004,-0.0005213035532870336,-0.0004055301938422893,0.0736941331065623,0.09009085960449109,317853800.0,-0.030000000000001137,-0.16000000000000014,-4.028849092459806,-3.8863577506675107,-0.129999999999999,6.606204140788805,19.68634819035999,19.577102086600068
2026-03-02,7.922117140957141e-05,0.0003309848241315194,-0.0004667217857744329,0.06553861652653946,0.0899110632123562,261822383.0,-0.48999999999999844,-0.7100000000000009,-3.995599451869303,-3.9753762141137,-0.22000000000000242,6.547588531501259,19.604896674215425,19.383176904347714
2026-03-03,0.004686139684928037,0.0005603365682475214,-0.00042219699420180455,0.06946348209282939,0.09052001661968448,267752219.0,-0.26000000000000156,-0.370000000000001,-3.544692255744888,-3.981297346432056,-0.10999999999999943,6.576720234007968,19.52553262912108,19.40557255483949
2026-03-04,0.007824295107528911,-0.0020785039202930733,-0.00045815432305857095,0.07485582338818875,0.09125348600584274,307502348.0,0.030000000000001137,-0.21999999999999886,-3.8220092878421656,-4.021053550610205,-0.25,6.406318772512832,19.600167056193637,19.54399328095405
2026-03-05,0.008454571911495457,-0.0028720960118388205,-0.0004409516691683229,0.08718309697541628,0.09084425953477344,379101999.0,0.19000000000000128,-0.129999999999999,-3.573888984731907,-4.086453898068285,-0.3200000000000003,6.427976023621472,19.35790666937049,19.753315853487695
2026-03-06,0.0034040251037348312,-0.0016535846803542142,8.823013911922539e-05,0.09804395908279065,0.0877457008789222,313781966.0,0.05999999999999872,-0.19000000000000128,-3.184543647956689,-3.407517229216678,-0.25,6.418560675342441,19.770551836021014,19.56420892688582
2026-03-10,0.012679632348005399,-0.0041736669156733795,-0.0006761561977720968,0.12294349546234334,0.09727707415106705,268876871.0,-0.39000000000000057,-0.4299999999999997,-3.688005722618392,-3.737323434499711,-0.03999999999999915,6.508933057962132,19.86536561900949,19.409764104151854
2026-03-11,0.007201634845141136,-0.0036705678836307597,-0.0002336521489293155,0.13506352889128245,0.10083525196954929,399253791.0,-0.3999999999999986,-0.41000000000000014,-3.582809283205192,-3.6299003784481503,-0.010000000000001563,6.396079293761307,19.438455330133397,19.80510784031801
2026-03-12,0.0036294335472195627,-0.00283159557156889,-0.0002448528935482689,0.13012907290022568,0.10093139254776647,326459716.0,-0.5,-0.379999999999999,-3.4543389706576377,-3.4414266072208797,0.120000000000001,6.56643330135496,19.700563804199632,19.60381711775166
2026-03-13,0.000571638890684234,-0.001026353411132952,-0.0003245829943778861,0.12101554977133751,0.10057679107715888,354811141.0,-0.5899999999999999,-0.3999999999999986,-3.4811689594159,-3.759950302767214,0.19000000000000128,6.56927101959997,19.445578700416277,19.68709620869588
2026-03-16,0.013545589839099037,-0.004416276399699726,-0.0011479146614153364,0.14022270485206892,0.1092251415551111,354112234.0,-0.3200000000000003,-0.4499999999999993,-3.7886603575736846,-3.9730975445846557,-0.129999999999999,6.410454448147058,19.311386071015754,19.68512446604758
2026-03-17,0.0026111804489907797,-0.002402586019896802,-0.0012587866691629774,0.11953469450118709,0.10929057017211465,476767162.0,0.10000000000000142,-0.28000000000000114,-4.034794296020097,-4.126699582197542,-0.38000000000000256,6.524897684325956,19.633172587004577,19.98253879969936
2026-03-18,0.0007674199511722435,-0.0036894289986905806,-0.0008687420310372776,0.09267583646947766,0.10713101377260403,445712032.0,-0.14000000000000057,-0.19000000000000128,-4.91165005597613,-5.414565035494608,-0.05000000000000071,6.496880565306429,19.82341757128614,19.91518363328945
2026-03-19,0.003135612507556118,-0.0035906647907578914,-0.0009695600677268601,0.09276224541271923,0.10741894595774955,634955948.0,-0.2699999999999996,-0.08999999999999986,-3.861237689887181,-4.1082593196651676,0.17999999999999972,6.459199980942271,19.09351285884201,20.269066181222186
2026-03-20,0.0004368583712253127,-0.0037923642431398007,-0.0008348371719980227,0.0901509161459391,0.10710346783570399,509905175.0,-0.23000000000000043,-0.23000000000000043,-3.9958113060680347,-4.282253582525959,0.0,6.295542715918191,19.434414992993105,20.049735335022717
2026-03-26,0.0023069499273349336,-0.0006218562898530067,-0.0010461633126903095,0.036215628782475445,0.10421049567164273,458158284.0,-0.23000000000000043,-0.3200000000000003,-4.4633044291861275,-4.882404112771404,-0.08999999999999986,6.777316242947774,19.590595051528766,19.942725280626412
2026-03-27,0.0035115968845715884,0.0006026991768594669,-0.001550167034828491,0.04082013529049839,0.09036308668668391,330174229.0,-0.19000000000000128,-0.21999999999999886,-3.635057004288967,-3.517358340382419,-0.029999999999997584,7.064134901441533,19.686723600251188,19.615131039766105
2026-03-30,0.0054232857784572985,-0.0006354419690664415,-0.0016017204976834893,0.058901343648877245,0.09086078840593818,284264517.0,-0.21000000000000085,-0.120000000000001,-3.318335893258876,-3.771124461589908,0.08999999999999986,6.899743268371959,19.047943735703324,19.465415760530934
2026-03-31,0.008333468584677206,-0.001675013184490659,-0.00216709428573231,0.08042696756517083,0.09170093531423108,355369889.0,0.25,-0.05999999999999872,-3.3462284293071445,-3.274847192509217,-0.3099999999999987,6.911568001310054,19.52336745753325,19.68866974584116
2026-04-01,0.004940877331372384,-0.0025758169765200734,-0.002658084031758331,0.08239089852066189,0.08790026395876248,214798690.0,0.3500000000000014,-0.16000000000000014,-3.5573260938995634,-4.130973105378198,-0.5100000000000016,6.511789905174255,18.91653048488666,19.185211821883925
2026-04-02,0.003801081548374441,-0.0037974232716619484,-0.002625439750549175,0.07007674341576196,0.08775253478517202,240512253.0,0.0799999999999983,-0.10000000000000142,-3.4354138007126362,-3.8312733111223576,-0.17999999999999972,6.529885882464772,19.71603226454307,19.29828159423723
2026-04-03,0.0059416620423196065,-0.005688075057040188,-0.0027803507261982894,0.026624223210357807,0.08850239461629619,340071873.0,-0.10000000000000142,-0.25,-3.8637885169971273,-4.4627564255205545,-0.14999999999999858,6.627273885967057,19.055541487634706,19.644667544410986
2026-04-06,0.017642436907210346,-0.008131905282790796,-0.003616694332664993,0.08846627612766479,0.10167974864671041,259174283.0,-0.14000000000000057,-0.26000000000000156,-4.434317496524535,-4.501775146272868,-0.120000000000001,6.646494405554799,19.489887960061917,19.37301130069909
2026-04-07,0.014145855300708554,-0.0036360405057136447,-0.0031662316842944924,0.18089638824469936,0.11572327174878985,370470038.0,-0.35999999999999943,-0.4800000000000004,-4.296654746061531,-4.35839603165676,-0.120000000000001,6.598263766932699,19.314134665569274,19.730283130334517
2026-04-08,0.02132123746367931,0.0016163824532966942,-0.0017783491809036246,0.2513296179069772,0.14200079092102494,443330784.0,-0.33999999999999986,-0.4800000000000004,-4.693924999023217,-4.683888282751484,-0.14000000000000057,6.622244181591057,19.447905249191354,19.90982674011949
2026-04-09,0.0032459062057226262,0.001727417521827057,-0.001530317480628728,0.2506055629102707,0.140048123341268,433284648.0,0.03999999999999915,-0.3200000000000003,-4.372584822635735,-4.735969295967434,-0.35999999999999943,6.684611727667927,19.64710217770357,19.886905455664742
2026-04-10,0.006629160910732956,0.001589917748144387,-0.002008088243222432,0.25197480604604544,0.1399066612067475,408482316.0,-0.14000000000000057,-0.129999999999999,-4.428949734979863,-4.482752833475928,0.010000000000001563,6.658280585921539,19.522640450427502,19.82795918124161
2026-04-13,0.005495849842486855,0.006217575098083827,-0.0011425890912942296,0.1854831524564048,0.13656591118137698,415694877.0,0.03999999999999915,0.030000000000001137,-4.60862165731055,-4.5803600158730156,-0.00999999999999801,6.74396495336744,19.35812294204994,19.84546208035573
2026-04-14,1.1456681588306594e-05,0.0033861127016244553,-0.0014860696401861077,0.1742498510505274,0.13325863410959524,440847718.0,0.16000000000000014,-0.14999999999999858,-5.135497660844029,-5.16391235805898,-0.3099999999999987,6.66008847573523,19.284970128723536,19.904210063120072
2026-04-15,0.005325228580090879,-0.0019431805071295828,-0.0015668217846085514,0.0770218317748102,0.1337309493054249,456453943.0,0.5599999999999987,0.39000000000000057,-5.741193613570088,-5.7321322334920914,-0.16999999999999815,6.527489971895715,19.52773877009429,19.938998361343135
2026-04-16,0.005366958386143317,-0.0023673909432137207,-0.0018496121311241491,0.08066760210649133,0.13411615765300333,478815973.0,0.5700000000000003,0.019999999999999574,-5.070495576320731,-4.933760426122925,-0.5500000000000007,6.587260716783806,19.200408099381,19.98682689157619
2026-04-17,0.005192027412116218,-0.002079964243490373,-0.0014518234441249671,0.07641753414617525,0.1279156370115609,399293690.0,0.05999999999999872,0.21999999999999886,-3.9851523119847023,-3.8645080163589594,0.16000000000000014,6.6115167038472356,19.160865262903616,19.80520776925394
2026-04-20,0.0032058308383264844,-0.003820300379653041,-0.0014801401293314293,0.03673796208210421,0.12800010424166375,384248149.0,-0.030000000000001137,0.10999999999999943,-4.161306017502374,-4.120324651098331,0.14000000000000057,6.432811467103913,19.549351101793302,19.76679912319506
2026-04-21,0.005119127100590148,-0.004841834463453409,-0.001760451893701067,0.014604243494924814,0.1283216218819585,452284038.0,-0.19000000000000128,-0.3200000000000003,-4.497539698367465,-4.702045356489078,-0.129999999999999,6.404087311302744,19.68740925583524,19.9298209430891
2026-04-22,0.00283246454739583,-0.0043432816569144,-0.0017460162765505771,0.01935548196995308,0.12828498011397807,364108028.0,-0.3299999999999983,-0.16000000000000014,-4.2064793994114265,-4.135934805139582,0.16999999999999815,6.199332010869675,19.484273521778498,19.712961161790258
2026-04-23,0.00354444730958825,-0.002561000517768086,-0.0015564302917499312,0.05681228114157487,0.12953220463897247,401132216.0,-0.3299999999999983,-0.3299999999999983,-4.130467081720884,-4.128785766904496,0.0,6.529287442768902,19.5308069325414,19.809801646637286
2026-04-24,0.0008506605740663531,-0.0016927271501581131,-0.0017067926965785639,0.05232918601977888,0.12880536490697123,448819809.0,-0.28999999999999915,-0.17999999999999972,-3.723614342612697,-3.7535144685153004,0.10999999999999943,6.554844669608862,19.5053892480911,19.922132048899257
2026-04-27,0.013757461201023169,-0.00380305322269745,-0.0025291287958926,0.10179097798642253,0.13378537394076423,459654270.0,-0.129999999999999,-0.3000000000000007,-3.5402827383462174,-3.638631488415573,-0.1700000000000017,6.637310454549914,19.44034436626543,19.94598517790782
2026-04-28,0.0010683645229034866,-0.002565554897998723,-0.002220002591065896,0.10613636107382579,0.13390582741942603,569050606.0,0.0,-0.10000000000000142,-3.4347240000413404,-3.7881917637912395,-0.10000000000000142,6.710413481031759,19.45095439707451,20.15947992662439
2026-04-29,0.009716841200028803,-5.5693748513796494e-05,-0.0013604640298894193,0.13704062911617743,0.1380569301037982,453378647.0,0.41000000000000014,0.39000000000000057,-4.51388768587697,-4.685146791254644,-0.019999999999999574,6.605906666612778,19.720447501045616,19.93223819964858
2026-04-30,0.0008110706973569748,-0.0006023690709600516,-0.0010865617428070689,0.13385358321825533,0.13761452384161213,352046731.0,0.19000000000000128,0.3000000000000007,-3.931627257319679,-4.282455273584581,0.10999999999999943,6.736990682512835,19.406380225624098,19.679274483273467
2026-05-04,0.0029114512648531488,0.00015005329682384882,-0.0007669173231295647,0.13606035704116012,0.13791039660246224,338176315.0,-0.1700000000000017,-0.26000000000000156,-3.467915713671932,-3.8044711524546297,-0.08999999999999986,6.692530292912223,19.174156516633925,19.639077959451228
2026-05-05,0.0009488674024478172,0.0027117720565389193,-0.0005291651974213842,0.0658479296960894,0.13662845692198738,342844093.0,-0.35999999999999943,-0.26000000000000156,-3.5700347423866283,-3.9694106888077947,0.09999999999999787,6.4746157420850565,19.179782968470047,19.652786362437286
2026-05-06,0.0031636886039434486,0.0018653614311695322,0.00016029900749608706,0.0781981849218278,0.12222487666593497,391161016.0,-0.5199999999999996,-0.4200000000000017,-3.479609599012397,-3.955766751862715,0.09999999999999787,6.324448564101724,19.38156312043949,19.78462983880757
2026-05-08,0.0014238870199987375,0.00020677059516351903,-0.00044550900587104705,0.03710812046228786,0.1113437126638021,337695789.0,-0.35999999999999943,-0.3299999999999983,-3.680969365954965,-4.065977220475041,0.030000000000001137,6.4668287825958135,19.558095754581455,19.637656015630434
2026-05-12,0.0037696597473368954,0.0007984884051595031,-0.0012812984209349715,0.04520452074809606,0.08041573358484451,281221011.0,-0.4400000000000013,-0.3299999999999983,-3.9831942720435265,-3.965803666590581,0.11000000000000298,6.706960131331689,19.255506771928747,19.45465143417062
2026-05-13,0.009393828659696624,0.002094963884128198,-0.0006794062844864358,0.07672771907599728,0.08807993821209581,399827489.0,-0.35999999999999943,-0.1999999999999993,-4.1494496696403385,-4.220683653758838,0.16000000000000014,6.638358343150466,19.05229790263241,19.806543734545368
2026-05-14,0.006822312205265746,0.0036491998056709107,-3.88599456293548e-05,0.07713907492187,0.08895251744839995,526616850.0,-0.370000000000001,-0.19000000000000128,-4.364010083508029,-4.15754534150877,0.17999999999999972,6.655285898286099,19.865626579159485,20.081983802235797
2026-05-15,0.009345754905075943,0.002412786545444412,-0.0007456030288466309,0.114819227283759,0.0921184073163269,460164475.0,-0.4800000000000004,-0.3000000000000007,-4.122581704446294,-4.0337148417096955,0.17999999999999972,6.674397236927608,19.2466653476457,19.947094537887917
2026-05-18,3.6360802157631156e-05,0.002120736981013138,-0.000746788939349932,0.1160727052510614,0.09211594688595913,338911166.0,-0.39000000000000057,-0.33999999999999986,-3.8892264945609227,-3.962955674560652,0.05000000000000071,6.558821721609627,19.437531787718495,19.641248583806718
2026-05-19,0.007846462001815269,0.002936097431908813,-0.00011956557830678214,0.12311600505420488,0.09511867823234857,417420260.0,-0.379999999999999,-0.26000000000000156,-4.045922992289926,-4.037275492090272,0.11999999999999744,6.531518821534102,19.5234744814986,19.84960409000153
2026-05-20,0.000661060579491668,0.0011895438158678218,0.00016748294386631236,0.10906644581065622,0.09320137466610773,392287915.0,-0.5199999999999996,-0.28000000000000114,-3.9641472817587022,-4.122961016350837,0.23999999999999844,6.486541813905833,19.886121148554892,19.78750660519929
2026-05-21,0.005682278509649308,-0.001311374327115189,0.00014413765350759382,0.10440980121021666,0.09357132862335095,355358706.0,-0.5500000000000007,-0.28999999999999915,-3.8197361988921585,-3.9077994344402,0.26000000000000156,6.324430644399907,19.72924515840402,19.688638276726003
2026-05-22,0.00612637684149675,0.0017830520221993496,0.0005885284954039383,0.08546093275229255,0.09493606890949051,456085725.0,-0.4200000000000017,-0.41000000000000014,-3.6671682955340614,-3.7275055426300057,0.010000000000001563,6.55558446193169,19.850850808274487,19.938191343231164
2026-05-25,0.00010571159771810557,0.0017691818630872548,0.0008272625669692737,0.08555531439324407,0.09270045848851291,331110665.0,-0.28000000000000114,0.019999999999999574,,,0.3000000000000007,6.539123420919322,,19.617963212811162
2026-05-26,0.015089012564189375,0.003217691975562076,0.0016806662389495216,0.12453638690481657,0.10389762591273141,473804827.0,0.120000000000001,0.019999999999999574,-3.9560603025863355,-4.071717609606635,-0.10000000000000142,6.673411741320482,19.823982881880376,19.976306037480036
2026-05-28,0.008501471403134175,0.004785774140290577,0.0019167150053088513,0.12681414540593425,0.1064067651891107,558519211.0,0.4200000000000017,0.010000000000001563,-2.783825919331102,-3.602586156022026,-0.41000000000000014,6.973692821033415,19.69027559250516,20.140799573375237
2026-05-29,0.008633284191483348,0.0076488866805171085,0.00236833142271598,0.08676810651979193,0.10835290546111954,351366813.0,0.7100000000000009,0.25,-3.2486402530482206,-3.4801592645726096,-0.46000000000000085,6.965854361365784,19.835571694535528,19.67734128702625
2026-06-01,0.006615307308254437,0.007746672773868646,0.003338463256491104,0.0862957588649119,0.09188072197597226,258522667.0,0.46999999999999886,0.35999999999999943,-3.1317925134561424,-3.2631734202930236,-0.10999999999999943,6.88682781929914,19.490468402575225,19.37049393472228
2026-06-02,0.0026580038148003027,0.007236214330452207,0.0031610171451718757,0.10149144039535539,0.09392480699262164,401008883.0,0.21000000000000085,0.17999999999999972,-3.03176982789914,-3.1465730699181425,-0.030000000000001137,6.815256144485214,19.42422136037096,19.80949413714519
2026-06-03,0.006722449159545896,0.0028739219857051523,0.002378193794715938,0.11267827884872789,0.09669017830306934,337567899.0,0.17999999999999972,0.17999999999999972,-2.9537398395359578,-3.290071010490724,0.0,6.722148331196653,19.35728060228132,19.63727723026465
2026-06-04,0.0049347674210142856,0.00018667422087546016,0.002104582455745878,0.11076092665244691,0.09986029354212868,295998404.0,0.030000000000001137,0.10000000000000142,-3.0080106290085755,-3.1697545055153284,0.07000000000000028,6.662391680766084,19.735457583264523,19.505864620381907
2026-06-05,0.0026739505090107585,-0.0010051925156190577,0.0020932728959438592,0.08783799948295365,0.0998395011027063,366943330.0,-0.21000000000000085,-0.5199999999999996,-3.7256366460368397,-4.125772336677308,-0.3099999999999987,6.550251420159796,20.02020206310418,19.72071797992681
2026-06-08,0.0026639713017528877,-0.0017954597169193675,0.002265312834239131,0.06861783014955218,0.09923502413303711,443204403.0,-0.4400000000000013,-0.3500000000000014,-3.212147064650173,-3.475065260214178,0.08999999999999986,6.5218427669149435,19.884494973831433,19.909541627914788
2026-06-09,0.0021055179571547455,-0.000842755362528358,0.002516227432386664,0.07303655151782297,0.09726191398553685,413470120.0,-0.46999999999999886,-0.28000000000000114,-3.2511997871213474,-3.5607675622719057,0.18999999999999773,6.501965118050027,19.67621601748506,19.84009580863205
2026-06-10,2.452989683376927e-05,0.0005066404487475751,0.0024495913789026177,0.05128539103219392,0.09758021515512301,359811673.0,-0.16000000000000014,-0.03999999999999915,-3.758992070178463,-3.8344890307291717,0.120000000000001,6.36883877504962,19.689281155447595,19.701091321978346
2026-06-11,0.000495127619535296,0.001394568409043373,0.002246506266194418,0.024076987187072574,0.09797085326987723,320434891.0,0.10999999999999943,0.1700000000000017,-4.131146963052155,-4.349274943811519,0.060000000000002274,6.533294529736663,19.663480434853614,19.58518966548168
2026-06-12,0.0025943903831047166,0.0013786563838621645,0.0019227234911186133,0.0238158575678737,0.09449027690204147,365632787.0,0.17999999999999972,-0.03999999999999915,-4.12714214604288,-4.203368140775982,-0.21999999999999886,6.477987232350799,19.873385584720438,19.71714007350138
2026-06-15,2.665353497111056e-05,0.0008511928305058092,0.0015991206972950592,0.02215032127005978,0.0929705687329208,461274574.0,-0.120000000000001,0.0799999999999983,-3.7662984517765032,-3.8319191268435713,0.1999999999999993,6.659370839802132,19.704184351412604,19.949504028864613
2026-06-16,0.0034118777673537437,-0.00025228631439588867,0.0018816862752818306,0.03395437459569765,0.08619413923187727,645213316.0,-0.10000000000000142,0.0,-3.960307918572637,-4.109373995289289,0.10000000000000142,6.461046212339424,20.010296686783224,20.285091542564043
2026-06-17,0.00021150897405153302,-0.0002148904989523359,0.0018934895979584574,0.0340761384436017,0.08612889281977149,451510109.0,-0.35999999999999943,-0.07000000000000028,-3.948850296690944,-4.152446098124813,0.28999999999999915,6.278971604245476,19.952838925674207,19.928108320382403
2026-06-18,0.0012621963085859278,-0.00036830423676246225,0.001459743964129829,0.034898759130840354,0.08394857679369135,329803475.0,-0.5,-0.1700000000000017,-3.6462879499291088,-3.965161510700458,0.3299999999999983,6.2920875236925635,19.42752805880716,19.614007504723165
2026-06-19,0.0012394915289322128,-0.000639284007596963,0.0014872882950555692,0.02836656728836733,0.08390313794904145,256088948.0,-0.41000000000000014,-0.3099999999999987,,,0.10000000000000142,6.415342428223272,,19.361035395220977
2026-06-22,0.002447914498596937,-0.0011341976143105724,0.001641305628915206,0.03009401111500841,0.08112279189844766,285030439.0,-0.3299999999999983,-0.33999999999999986,-3.762048504645133,-3.8371358554061104,-0.010000000000001563,6.34710896023219,19.218279192429666,19.468106536038608
2026-06-23,0.0007423497581342531,-0.0006002920124666744,0.0013142234098851581,0.022331532526201965,0.07981685713268415,288112599.0,-0.3099999999999987,-0.14000000000000057,-3.9728488475443715,-4.049170374734,0.16999999999999815,6.361371559815432,19.332955237527752,19.47886193044185
2026-06-24,0.0013486662784591985,-0.0009123270629688207,0.00125503509175463,0.021489365199401894,0.08021063379112431,425148333.0,-0.28000000000000114,-0.0799999999999983,-3.745459919899787,-3.9096987208636342,0.20000000000000284,6.352368038126677,19.79376392294271,19.867948684819318
2026-06-25,0.0005785388496564181,-0.0007755955711829188,0.0005089612149048303,0.021335677094781503,0.0625895281775993,416876524.0,,,-3.46277255712077,-3.4892126863578277,0.1700000000000017,6.438695204448614,19.381435702319678,19.848300630399592
