date,KZ_MCI
2016-07-31,-0.8385010167947962
2016-08-01,-0.8385010167947962
2016-08-02,-0.8385010167947962
2016-08-03,-0.8385010167947962
2016-08-04,-0.8385010167947962
2016-08-05,-0.8385010167947962
2016-08-06,-0.8385010167947962
2016-08-07,-0.8385010167947962
2016-08-08,-0.8385010167947962
2016-08-09,-0.8385010167947962
2016-08-10,-0.8385010167947962
2016-08-11,-0.8385010167947962
2016-08-12,-0.8385010167947962
2016-08-13,-0.8385010167947962
2016-08-14,-0.8385010167947962
2016-08-15,-0.8385010167947962
2016-08-16,-0.8385010167947962
2016-08-17,-0.8385010167947962
2016-08-18,-0.8385010167947962
2016-08-19,-0.8385010167947962
2016-08-20,-0.8385010167947962
2016-08-21,-0.8385010167947962
2016-08-22,-0.8385010167947962
2016-08-23,-0.8385010167947962
2016-08-24,-0.8385010167947962
2016-08-25,-0.8385010167947962
2016-08-26,-0.8385010167947962
2016-08-27,-0.8385010167947962
2016-08-28,-0.8385010167947962
2016-08-29,-0.8385010167947962
2016-08-30,-0.8385010167947962
2016-08-31,-1.147224951336881
2016-09-01,-1.147224951336881
2016-09-02,-1.147224951336881
2016-09-03,-1.147224951336881
2016-09-04,-1.147224951336881
2016-09-05,-1.147224951336881
2016-09-06,-1.147224951336881
2016-09-07,-1.147224951336881
2016-09-08,-1.147224951336881
2016-09-09,-1.147224951336881
2016-09-10,-1.147224951336881
2016-09-11,-1.147224951336881
2016-09-12,-1.147224951336881
2016-09-13,-1.147224951336881
2016-09-14,-1.147224951336881
2016-09-15,-1.147224951336881
2016-09-16,-1.147224951336881
2016-09-17,-1.147224951336881
2016-09-18,-1.147224951336881
2016-09-19,-1.147224951336881
2016-09-20,-1.147224951336881
2016-09-21,-1.147224951336881
2016-09-22,-1.147224951336881
2016-09-23,-1.147224951336881
2016-09-24,-1.147224951336881
2016-09-25,-1.147224951336881
2016-09-26,-1.147224951336881
2016-09-27,-1.147224951336881
2016-09-28,-1.147224951336881
2016-09-29,-1.147224951336881
2016-09-30,-1.369382111975525
2016-10-01,-1.369382111975525
2016-10-02,-1.369382111975525
2016-10-03,-1.369382111975525
2016-10-04,-1.369382111975525
2016-10-05,-1.369382111975525
2016-10-06,-1.369382111975525
2016-10-07,-1.369382111975525
2016-10-08,-1.369382111975525
2016-10-09,-1.369382111975525
2016-10-10,-1.369382111975525
2016-10-11,-1.369382111975525
2016-10-12,-1.369382111975525
2016-10-13,-1.369382111975525
2016-10-14,-1.369382111975525
2016-10-15,-1.369382111975525
2016-10-16,-1.369382111975525
2016-10-17,-1.369382111975525
2016-10-18,-1.369382111975525
2016-10-19,-1.369382111975525
2016-10-20,-1.369382111975525
2016-10-21,-1.369382111975525
2016-10-22,-1.369382111975525
2016-10-23,-1.369382111975525
2016-10-24,-1.369382111975525
2016-10-25,-1.369382111975525
2016-10-26,-1.369382111975525
2016-10-27,-1.369382111975525
2016-10-28,-1.369382111975525
2016-10-29,-1.369382111975525
2016-10-30,-1.369382111975525
2016-10-31,-1.2618013899989649
2016-11-01,-1.2618013899989649
2016-11-02,-1.2618013899989649
2016-11-03,-1.2618013899989649
2016-11-04,-1.2618013899989649
2016-11-05,-1.2618013899989649
2016-11-06,-1.2618013899989649
2016-11-07,-1.2618013899989649
2016-11-08,-1.2618013899989649
2016-11-09,-1.2618013899989649
2016-11-10,-1.2618013899989649
2016-11-11,-1.2618013899989649
2016-11-12,-1.2618013899989649
2016-11-13,-1.2618013899989649
2016-11-14,-1.2618013899989649
2016-11-15,-1.2618013899989649
2016-11-16,-1.2618013899989649
2016-11-17,-1.2618013899989649
2016-11-18,-1.2618013899989649
2016-11-19,-1.2618013899989649
2016-11-20,-1.2618013899989649
2016-11-21,-1.2618013899989649
2016-11-22,-1.2618013899989649
2016-11-23,-1.2618013899989649
2016-11-24,-1.2618013899989649
2016-11-25,-1.2618013899989649
2016-11-26,-1.2618013899989649
2016-11-27,-1.2618013899989649
2016-11-28,-1.2618013899989649
2016-11-29,-1.2618013899989649
2016-11-30,-0.5539241985612715
2016-12-01,-0.5539241985612715
2016-12-02,-0.5539241985612715
2016-12-03,-0.5539241985612715
2016-12-04,-0.5539241985612715
2016-12-05,-0.5539241985612715
2016-12-06,-0.5539241985612715
2016-12-07,-0.5539241985612715
2016-12-08,-0.5539241985612715
2016-12-09,-0.5539241985612715
2016-12-10,-0.5539241985612715
2016-12-11,-0.5539241985612715
2016-12-12,-0.5539241985612715
2016-12-13,-0.5539241985612715
2016-12-14,-0.5539241985612715
2016-12-15,-0.5539241985612715
2016-12-16,-0.5539241985612715
2016-12-17,-0.5539241985612715
2016-12-18,-0.5539241985612715
2016-12-19,-0.5539241985612715
2016-12-20,-0.5539241985612715
2016-12-21,-0.5539241985612715
2016-12-22,-0.5539241985612715
2016-12-23,-0.5539241985612715
2016-12-24,-0.5539241985612715
2016-12-25,-0.5539241985612715
2016-12-26,-0.5539241985612715
2016-12-27,-0.5539241985612715
2016-12-28,-0.5539241985612715
2016-12-29,-0.5539241985612715
2016-12-30,-0.5539241985612715
2016-12-31,-1.2230623062675166
2017-01-01,-1.2230623062675166
2017-01-02,-1.2230623062675166
2017-01-03,-1.2230623062675166
2017-01-04,-1.2230623062675166
2017-01-05,-1.2230623062675166
2017-01-06,-1.2230623062675166
2017-01-07,-1.2230623062675166
2017-01-08,-1.2230623062675166
2017-01-09,-1.2230623062675166
2017-01-10,-1.2230623062675166
2017-01-11,-1.2230623062675166
2017-01-12,-1.2230623062675166
2017-01-13,-1.2230623062675166
2017-01-14,-1.2230623062675166
2017-01-15,-1.2230623062675166
2017-01-16,-1.2230623062675166
2017-01-17,-1.2230623062675166
2017-01-18,-1.2230623062675166
2017-01-19,-1.2230623062675166
2017-01-20,-1.2230623062675166
2017-01-21,-1.2230623062675166
2017-01-22,-1.2230623062675166
2017-01-23,-1.2230623062675166
2017-01-24,-1.2230623062675166
2017-01-25,-1.2230623062675166
2017-01-26,-1.2230623062675166
2017-01-27,-1.2230623062675166
2017-01-28,-1.2230623062675166
2017-01-29,-1.2230623062675166
2017-01-30,-1.2230623062675166
2017-01-31,-2.4306590533360195
2017-02-01,-2.4306590533360195
2017-02-02,-2.4306590533360195
2017-02-03,-2.4306590533360195
2017-02-04,-2.4306590533360195
2017-02-05,-2.4306590533360195
2017-02-06,-2.4306590533360195
2017-02-07,-2.4306590533360195
2017-02-08,-2.4306590533360195
2017-02-09,-2.4306590533360195
2017-02-10,-2.4306590533360195
2017-02-11,-2.4306590533360195
2017-02-12,-2.4306590533360195
2017-02-13,-2.4306590533360195
2017-02-14,-2.4306590533360195
2017-02-15,-2.4306590533360195
2017-02-16,-2.4306590533360195
2017-02-17,-2.4306590533360195
2017-02-18,-2.4306590533360195
2017-02-19,-2.4306590533360195
2017-02-20,-2.4306590533360195
2017-02-21,-2.4306590533360195
2017-02-22,-2.4306590533360195
2017-02-23,-2.4306590533360195
2017-02-24,-2.4306590533360195
2017-02-25,-2.4306590533360195
2017-02-26,-2.4306590533360195
2017-02-27,-2.4306590533360195
2017-02-28,-2.0873081232379773
2017-03-01,-2.0873081232379773
2017-03-02,-2.0873081232379773
2017-03-03,-2.0873081232379773
2017-03-04,-2.0873081232379773
2017-03-05,-2.0873081232379773
2017-03-06,-2.0873081232379773
2017-03-07,-2.0873081232379773
2017-03-08,-2.0873081232379773
2017-03-09,-2.0873081232379773
2017-03-10,-2.0873081232379773
2017-03-11,-2.0873081232379773
2017-03-12,-2.0873081232379773
2017-03-13,-2.0873081232379773
2017-03-14,-2.0873081232379773
2017-03-15,-2.0873081232379773
2017-03-16,-2.0873081232379773
2017-03-17,-2.0873081232379773
2017-03-18,-2.0873081232379773
2017-03-19,-2.0873081232379773
2017-03-20,-2.0873081232379773
2017-03-21,-2.0873081232379773
2017-03-22,-2.0873081232379773
2017-03-23,-2.0873081232379773
2017-03-24,-2.0873081232379773
2017-03-25,-2.0873081232379773
2017-03-26,-2.0873081232379773
2017-03-27,-2.0873081232379773
2017-03-28,-2.0873081232379773
2017-03-29,-2.0873081232379773
2017-03-30,-2.0873081232379773
2017-03-31,-1.586761247220268
2017-04-01,-1.586761247220268
2017-04-02,-1.586761247220268
2017-04-03,-1.586761247220268
2017-04-04,-1.586761247220268
2017-04-05,-1.586761247220268
2017-04-06,-1.586761247220268
2017-04-07,-1.586761247220268
2017-04-08,-1.586761247220268
2017-04-09,-1.586761247220268
2017-04-10,-1.586761247220268
2017-04-11,-1.586761247220268
2017-04-12,-1.586761247220268
2017-04-13,-1.586761247220268
2017-04-14,-1.586761247220268
2017-04-15,-1.586761247220268
2017-04-16,-1.586761247220268
2017-04-17,-1.586761247220268
2017-04-18,-1.586761247220268
2017-04-19,-1.586761247220268
2017-04-20,-1.586761247220268
2017-04-21,-1.586761247220268
2017-04-22,-1.586761247220268
2017-04-23,-1.586761247220268
2017-04-24,-1.586761247220268
2017-04-25,-1.586761247220268
2017-04-26,-1.586761247220268
2017-04-27,-1.586761247220268
2017-04-28,-1.586761247220268
2017-04-29,-1.586761247220268
2017-04-30,-1.2759913093473783
2017-05-01,-1.2759913093473783
2017-05-02,-1.2759913093473783
2017-05-03,-1.2759913093473783
2017-05-04,-1.2759913093473783
2017-05-05,-1.2759913093473783
2017-05-06,-1.2759913093473783
2017-05-07,-1.2759913093473783
2017-05-08,-1.2759913093473783
2017-05-09,-1.2759913093473783
2017-05-10,-1.2759913093473783
2017-05-11,-1.2759913093473783
2017-05-12,-1.2759913093473783
2017-05-13,-1.2759913093473783
2017-05-14,-1.2759913093473783
2017-05-15,-1.2759913093473783
2017-05-16,-1.2759913093473783
2017-05-17,-1.2759913093473783
2017-05-18,-1.2759913093473783
2017-05-19,-1.2759913093473783
2017-05-20,-1.2759913093473783
2017-05-21,-1.2759913093473783
2017-05-22,-1.2759913093473783
2017-05-23,-1.2759913093473783
2017-05-24,-1.2759913093473783
2017-05-25,-1.2759913093473783
2017-05-26,-1.2759913093473783
2017-05-27,-1.2759913093473783
2017-05-28,-1.2759913093473783
2017-05-29,-1.2759913093473783
2017-05-30,-1.2759913093473783
2017-05-31,-0.4487940253468674
2017-06-01,-0.4487940253468674
2017-06-02,-0.4487940253468674
2017-06-03,-0.4487940253468674
2017-06-04,-0.4487940253468674
2017-06-05,-0.4487940253468674
2017-06-06,-0.4487940253468674
2017-06-07,-0.4487940253468674
2017-06-08,-0.4487940253468674
2017-06-09,-0.4487940253468674
2017-06-10,-0.4487940253468674
2017-06-11,-0.4487940253468674
2017-06-12,-0.4487940253468674
2017-06-13,-0.4487940253468674
2017-06-14,-0.4487940253468674
2017-06-15,-0.4487940253468674
2017-06-16,-0.4487940253468674
2017-06-17,-0.4487940253468674
2017-06-18,-0.4487940253468674
2017-06-19,-0.4487940253468674
2017-06-20,-0.4487940253468674
2017-06-21,-0.4487940253468674
2017-06-22,-0.4487940253468674
2017-06-23,-0.4487940253468674
2017-06-24,-0.4487940253468674
2017-06-25,-0.4487940253468674
2017-06-26,-0.4487940253468674
2017-06-27,-0.4487940253468674
2017-06-28,-0.4487940253468674
2017-06-29,-0.4487940253468674
2017-06-30,-0.11946783167655076
2017-07-01,-0.11946783167655076
2017-07-02,-0.11946783167655076
2017-07-03,-0.11946783167655076
2017-07-04,-0.11946783167655076
2017-07-05,-0.11946783167655076
2017-07-06,-0.11946783167655076
2017-07-07,-0.11946783167655076
2017-07-08,-0.11946783167655076
2017-07-09,-0.11946783167655076
2017-07-10,-0.11946783167655076
2017-07-11,-0.11946783167655076
2017-07-12,-0.11946783167655076
2017-07-13,-0.11946783167655076
2017-07-14,-0.11946783167655076
2017-07-15,-0.11946783167655076
2017-07-16,-0.11946783167655076
2017-07-17,-0.11946783167655076
2017-07-18,-0.11946783167655076
2017-07-19,-0.11946783167655076
2017-07-20,-0.11946783167655076
2017-07-21,-0.11946783167655076
2017-07-22,-0.11946783167655076
2017-07-23,-0.11946783167655076
2017-07-24,-0.11946783167655076
2017-07-25,-0.11946783167655076
2017-07-26,-0.11946783167655076
2017-07-27,-0.11946783167655076
2017-07-28,-0.11946783167655076
2017-07-29,-0.11946783167655076
2017-07-30,-0.11946783167655076
2017-07-31,-0.14850395063131397
2017-08-01,-0.14850395063131397
2017-08-02,-0.14850395063131397
2017-08-03,-0.14850395063131397
2017-08-04,-0.14850395063131397
2017-08-05,-0.14850395063131397
2017-08-06,-0.14850395063131397
2017-08-07,-0.14850395063131397
2017-08-08,-0.14850395063131397
2017-08-09,-0.14850395063131397
2017-08-10,-0.14850395063131397
2017-08-11,-0.14850395063131397
2017-08-12,-0.14850395063131397
2017-08-13,-0.14850395063131397
2017-08-14,-0.14850395063131397
2017-08-15,-0.14850395063131397
2017-08-16,-0.14850395063131397
2017-08-17,-0.14850395063131397
2017-08-18,-0.14850395063131397
2017-08-19,-0.14850395063131397
2017-08-20,-0.14850395063131397
2017-08-21,-0.14850395063131397
2017-08-22,-0.14850395063131397
2017-08-23,-0.14850395063131397
2017-08-24,-0.14850395063131397
2017-08-25,-0.14850395063131397
2017-08-26,-0.14850395063131397
2017-08-27,-0.14850395063131397
2017-08-28,-0.14850395063131397
2017-08-29,-0.14850395063131397
2017-08-30,-0.14850395063131397
2017-08-31,0.10403565199427588
2017-09-01,0.10403565199427588
2017-09-02,0.10403565199427588
2017-09-03,0.10403565199427588
2017-09-04,0.10403565199427588
2017-09-05,0.10403565199427588
2017-09-06,0.10403565199427588
2017-09-07,0.10403565199427588
2017-09-08,0.10403565199427588
2017-09-09,0.10403565199427588
2017-09-10,0.10403565199427588
2017-09-11,0.10403565199427588
2017-09-12,0.10403565199427588
2017-09-13,0.10403565199427588
2017-09-14,0.10403565199427588
2017-09-15,0.10403565199427588
2017-09-16,0.10403565199427588
2017-09-17,0.10403565199427588
2017-09-18,0.10403565199427588
2017-09-19,0.10403565199427588
2017-09-20,0.10403565199427588
2017-09-21,0.10403565199427588
2017-09-22,0.10403565199427588
2017-09-23,0.10403565199427588
2017-09-24,0.10403565199427588
2017-09-25,0.10403565199427588
2017-09-26,0.10403565199427588
2017-09-27,0.10403565199427588
2017-09-28,0.10403565199427588
2017-09-29,0.10403565199427588
2017-09-30,0.09724327784656865
2017-10-01,0.09724327784656865
2017-10-02,0.09724327784656865
2017-10-03,0.09724327784656865
2017-10-04,0.09724327784656865
2017-10-05,0.09724327784656865
2017-10-06,0.09724327784656865
2017-10-07,0.09724327784656865
2017-10-08,0.09724327784656865
2017-10-09,0.09724327784656865
2017-10-10,0.09724327784656865
2017-10-11,0.09724327784656865
2017-10-12,0.09724327784656865
2017-10-13,0.09724327784656865
2017-10-14,0.09724327784656865
2017-10-15,0.09724327784656865
2017-10-16,0.09724327784656865
2017-10-17,0.09724327784656865
2017-10-18,0.09724327784656865
2017-10-19,0.09724327784656865
2017-10-20,0.09724327784656865
2017-10-21,0.09724327784656865
2017-10-22,0.09724327784656865
2017-10-23,0.09724327784656865
2017-10-24,0.09724327784656865
2017-10-25,0.09724327784656865
2017-10-26,0.09724327784656865
2017-10-27,0.09724327784656865
2017-10-28,0.09724327784656865
2017-10-29,0.09724327784656865
2017-10-30,0.09724327784656865
2017-10-31,-0.42707193567032165
2017-11-01,-0.42707193567032165
2017-11-02,-0.42707193567032165
2017-11-03,-0.42707193567032165
2017-11-04,-0.42707193567032165
2017-11-05,-0.42707193567032165
2017-11-06,-0.42707193567032165
2017-11-07,-0.42707193567032165
2017-11-08,-0.42707193567032165
2017-11-09,-0.42707193567032165
2017-11-10,-0.42707193567032165
2017-11-11,-0.42707193567032165
2017-11-12,-0.42707193567032165
2017-11-13,-0.42707193567032165
2017-11-14,-0.42707193567032165
2017-11-15,-0.42707193567032165
2017-11-16,-0.42707193567032165
2017-11-17,-0.42707193567032165
2017-11-18,-0.42707193567032165
2017-11-19,-0.42707193567032165
2017-11-20,-0.42707193567032165
2017-11-21,-0.42707193567032165
2017-11-22,-0.42707193567032165
2017-11-23,-0.42707193567032165
2017-11-24,-0.42707193567032165
2017-11-25,-0.42707193567032165
2017-11-26,-0.42707193567032165
2017-11-27,-0.42707193567032165
2017-11-28,-0.42707193567032165
2017-11-29,-0.42707193567032165
2017-11-30,-0.671527594307521
2017-12-01,-0.671527594307521
2017-12-02,-0.671527594307521
2017-12-03,-0.671527594307521
2017-12-04,-0.671527594307521
2017-12-05,-0.671527594307521
2017-12-06,-0.671527594307521
2017-12-07,-0.671527594307521
2017-12-08,-0.671527594307521
2017-12-09,-0.671527594307521
2017-12-10,-0.671527594307521
2017-12-11,-0.671527594307521
2017-12-12,-0.671527594307521
2017-12-13,-0.671527594307521
2017-12-14,-0.671527594307521
2017-12-15,-0.671527594307521
2017-12-16,-0.671527594307521
2017-12-17,-0.671527594307521
2017-12-18,-0.671527594307521
2017-12-19,-0.671527594307521
2017-12-20,-0.671527594307521
2017-12-21,-0.671527594307521
2017-12-22,-0.671527594307521
2017-12-23,-0.671527594307521
2017-12-24,-0.671527594307521
2017-12-25,-0.671527594307521
2017-12-26,-0.671527594307521
2017-12-27,-0.671527594307521
2017-12-28,-0.671527594307521
2017-12-29,-0.671527594307521
2017-12-30,-0.671527594307521
2017-12-31,-0.04287544180673471
2018-01-01,-0.04287544180673471
2018-01-02,-0.04287544180673471
2018-01-03,-0.04287544180673471
2018-01-04,-0.04287544180673471
2018-01-05,-0.04287544180673471
2018-01-06,-0.04287544180673471
2018-01-07,-0.04287544180673471
2018-01-08,-0.04287544180673471
2018-01-09,-0.04287544180673471
2018-01-10,-0.04287544180673471
2018-01-11,-0.04287544180673471
2018-01-12,-0.04287544180673471
2018-01-13,-0.04287544180673471
2018-01-14,-0.04287544180673471
2018-01-15,-0.04287544180673471
2018-01-16,-0.04287544180673471
2018-01-17,-0.04287544180673471
2018-01-18,-0.04287544180673471
2018-01-19,-0.04287544180673471
2018-01-20,-0.04287544180673471
2018-01-21,-0.04287544180673471
2018-01-22,-0.04287544180673471
2018-01-23,-0.04287544180673471
2018-01-24,-0.04287544180673471
2018-01-25,-0.04287544180673471
2018-01-26,-0.04287544180673471
2018-01-27,-0.04287544180673471
2018-01-28,-0.04287544180673471
2018-01-29,-0.04287544180673471
2018-01-30,-0.04287544180673471
2018-01-31,-0.552097731384003
2018-02-01,-0.552097731384003
2018-02-02,-0.552097731384003
2018-02-03,-0.552097731384003
2018-02-04,-0.552097731384003
2018-02-05,-0.552097731384003
2018-02-06,-0.552097731384003
2018-02-07,-0.552097731384003
2018-02-08,-0.552097731384003
2018-02-09,-0.552097731384003
2018-02-10,-0.552097731384003
2018-02-11,-0.552097731384003
2018-02-12,-0.552097731384003
2018-02-13,-0.552097731384003
2018-02-14,-0.552097731384003
2018-02-15,-0.552097731384003
2018-02-16,-0.552097731384003
2018-02-17,-0.552097731384003
2018-02-18,-0.552097731384003
2018-02-19,-0.552097731384003
2018-02-20,-0.552097731384003
2018-02-21,-0.552097731384003
2018-02-22,-0.552097731384003
2018-02-23,-0.552097731384003
2018-02-24,-0.552097731384003
2018-02-25,-0.552097731384003
2018-02-26,-0.552097731384003
2018-02-27,-0.552097731384003
2018-02-28,-0.35574349362299046
2018-03-01,-0.35574349362299046
2018-03-02,-0.35574349362299046
2018-03-03,-0.35574349362299046
2018-03-04,-0.35574349362299046
2018-03-05,-0.35574349362299046
2018-03-06,-0.35574349362299046
2018-03-07,-0.35574349362299046
2018-03-08,-0.35574349362299046
2018-03-09,-0.35574349362299046
2018-03-10,-0.35574349362299046
2018-03-11,-0.35574349362299046
2018-03-12,-0.35574349362299046
2018-03-13,-0.35574349362299046
2018-03-14,-0.35574349362299046
2018-03-15,-0.35574349362299046
2018-03-16,-0.35574349362299046
2018-03-17,-0.35574349362299046
2018-03-18,-0.35574349362299046
2018-03-19,-0.35574349362299046
2018-03-20,-0.35574349362299046
2018-03-21,-0.35574349362299046
2018-03-22,-0.35574349362299046
2018-03-23,-0.35574349362299046
2018-03-24,-0.35574349362299046
2018-03-25,-0.35574349362299046
2018-03-26,-0.35574349362299046
2018-03-27,-0.35574349362299046
2018-03-28,-0.35574349362299046
2018-03-29,-0.35574349362299046
2018-03-30,-0.35574349362299046
2018-03-31,-0.3393202146622647
2018-04-01,-0.3393202146622647
2018-04-02,-0.3393202146622647
2018-04-03,-0.3393202146622647
2018-04-04,-0.3393202146622647
2018-04-05,-0.3393202146622647
2018-04-06,-0.3393202146622647
2018-04-07,-0.3393202146622647
2018-04-08,-0.3393202146622647
2018-04-09,-0.3393202146622647
2018-04-10,-0.3393202146622647
2018-04-11,-0.3393202146622647
2018-04-12,-0.3393202146622647
2018-04-13,-0.3393202146622647
2018-04-14,-0.3393202146622647
2018-04-15,-0.3393202146622647
2018-04-16,-0.3393202146622647
2018-04-17,-0.3393202146622647
2018-04-18,-0.3393202146622647
2018-04-19,-0.3393202146622647
2018-04-20,-0.3393202146622647
2018-04-21,-0.3393202146622647
2018-04-22,-0.3393202146622647
2018-04-23,-0.3393202146622647
2018-04-24,-0.3393202146622647
2018-04-25,-0.3393202146622647
2018-04-26,-0.3393202146622647
2018-04-27,-0.3393202146622647
2018-04-28,-0.3393202146622647
2018-04-29,-0.3393202146622647
2018-04-30,0.6190748067191545
2018-05-01,0.6190748067191545
2018-05-02,0.6190748067191545
2018-05-03,0.6190748067191545
2018-05-04,0.6190748067191545
2018-05-05,0.6190748067191545
2018-05-06,0.6190748067191545
2018-05-07,0.6190748067191545
2018-05-08,0.6190748067191545
2018-05-09,0.6190748067191545
2018-05-10,0.6190748067191545
2018-05-11,0.6190748067191545
2018-05-12,0.6190748067191545
2018-05-13,0.6190748067191545
2018-05-14,0.6190748067191545
2018-05-15,0.6190748067191545
2018-05-16,0.6190748067191545
2018-05-17,0.6190748067191545
2018-05-18,0.6190748067191545
2018-05-19,0.6190748067191545
2018-05-20,0.6190748067191545
2018-05-21,0.6190748067191545
2018-05-22,0.6190748067191545
2018-05-23,0.6190748067191545
2018-05-24,0.6190748067191545
2018-05-25,0.6190748067191545
2018-05-26,0.6190748067191545
2018-05-27,0.6190748067191545
2018-05-28,0.6190748067191545
2018-05-29,0.6190748067191545
2018-05-30,0.6190748067191545
2018-05-31,-0.03187725971967375
2018-06-01,-0.03187725971967375
2018-06-02,-0.03187725971967375
2018-06-03,-0.03187725971967375
2018-06-04,-0.03187725971967375
2018-06-05,-0.03187725971967375
2018-06-06,-0.03187725971967375
2018-06-07,-0.03187725971967375
2018-06-08,-0.03187725971967375
2018-06-09,-0.03187725971967375
2018-06-10,-0.03187725971967375
2018-06-11,-0.03187725971967375
2018-06-12,-0.03187725971967375
2018-06-13,-0.03187725971967375
2018-06-14,-0.03187725971967375
2018-06-15,-0.03187725971967375
2018-06-16,-0.03187725971967375
2018-06-17,-0.03187725971967375
2018-06-18,-0.03187725971967375
2018-06-19,-0.03187725971967375
2018-06-20,-0.03187725971967375
2018-06-21,-0.03187725971967375
2018-06-22,-0.03187725971967375
2018-06-23,-0.03187725971967375
2018-06-24,-0.03187725971967375
2018-06-25,-0.03187725971967375
2018-06-26,-0.03187725971967375
2018-06-27,-0.03187725971967375
2018-06-28,-0.03187725971967375
2018-06-29,-0.03187725971967375
2018-06-30,0.057447741323367336
2018-07-01,0.057447741323367336
2018-07-02,0.057447741323367336
2018-07-03,0.057447741323367336
2018-07-04,0.057447741323367336
2018-07-05,0.057447741323367336
2018-07-06,0.057447741323367336
2018-07-07,0.057447741323367336
2018-07-08,0.057447741323367336
2018-07-09,0.057447741323367336
2018-07-10,0.057447741323367336
2018-07-11,0.057447741323367336
2018-07-12,0.057447741323367336
2018-07-13,0.057447741323367336
2018-07-14,0.057447741323367336
2018-07-15,0.057447741323367336
2018-07-16,0.057447741323367336
2018-07-17,0.057447741323367336
2018-07-18,0.057447741323367336
2018-07-19,0.057447741323367336
2018-07-20,0.057447741323367336
2018-07-21,0.057447741323367336
2018-07-22,0.057447741323367336
2018-07-23,0.057447741323367336
2018-07-24,0.057447741323367336
2018-07-25,0.057447741323367336
2018-07-26,0.057447741323367336
2018-07-27,0.057447741323367336
2018-07-28,0.057447741323367336
2018-07-29,0.057447741323367336
2018-07-30,0.057447741323367336
2018-07-31,0.12442286884175958
2018-08-01,0.12442286884175958
2018-08-02,0.12442286884175958
2018-08-03,0.12442286884175958
2018-08-04,0.12442286884175958
2018-08-05,0.12442286884175958
2018-08-06,0.12442286884175958
2018-08-07,0.12442286884175958
2018-08-08,0.12442286884175958
2018-08-09,0.12442286884175958
2018-08-10,0.12442286884175958
2018-08-11,0.12442286884175958
2018-08-12,0.12442286884175958
2018-08-13,0.12442286884175958
2018-08-14,0.12442286884175958
2018-08-15,0.12442286884175958
2018-08-16,0.12442286884175958
2018-08-17,0.12442286884175958
2018-08-18,0.12442286884175958
2018-08-19,0.12442286884175958
2018-08-20,0.12442286884175958
2018-08-21,0.12442286884175958
2018-08-22,0.12442286884175958
2018-08-23,0.12442286884175958
2018-08-24,0.12442286884175958
2018-08-25,0.12442286884175958
2018-08-26,0.12442286884175958
2018-08-27,0.12442286884175958
2018-08-28,0.12442286884175958
2018-08-29,0.12442286884175958
2018-08-30,0.12442286884175958
2018-08-31,0.8908516371476699
2018-09-01,0.8908516371476699
2018-09-02,0.8908516371476699
2018-09-03,0.8908516371476699
2018-09-04,0.8908516371476699
2018-09-05,0.8908516371476699
2018-09-06,0.8908516371476699
2018-09-07,0.8908516371476699
2018-09-08,0.8908516371476699
2018-09-09,0.8908516371476699
2018-09-10,0.8908516371476699
2018-09-11,0.8908516371476699
2018-09-12,0.8908516371476699
2018-09-13,0.8908516371476699
2018-09-14,0.8908516371476699
2018-09-15,0.8908516371476699
2018-09-16,0.8908516371476699
2018-09-17,0.8908516371476699
2018-09-18,0.8908516371476699
2018-09-19,0.8908516371476699
2018-09-20,0.8908516371476699
2018-09-21,0.8908516371476699
2018-09-22,0.8908516371476699
2018-09-23,0.8908516371476699
2018-09-24,0.8908516371476699
2018-09-25,0.8908516371476699
2018-09-26,0.8908516371476699
2018-09-27,0.8908516371476699
2018-09-28,0.8908516371476699
2018-09-29,0.8908516371476699
2018-09-30,0.8892076565760323
2018-10-01,0.8892076565760323
2018-10-02,0.8892076565760323
2018-10-03,0.8892076565760323
2018-10-04,0.8892076565760323
2018-10-05,0.8892076565760323
2018-10-06,0.8892076565760323
2018-10-07,0.8892076565760323
2018-10-08,0.8892076565760323
2018-10-09,0.8892076565760323
2018-10-10,0.8892076565760323
2018-10-11,0.8892076565760323
2018-10-12,0.8892076565760323
2018-10-13,0.8892076565760323
2018-10-14,0.8892076565760323
2018-10-15,0.8892076565760323
2018-10-16,0.8892076565760323
2018-10-17,0.8892076565760323
2018-10-18,0.8892076565760323
2018-10-19,0.8892076565760323
2018-10-20,0.8892076565760323
2018-10-21,0.8892076565760323
2018-10-22,0.8892076565760323
2018-10-23,0.8892076565760323
2018-10-24,0.8892076565760323
2018-10-25,0.8892076565760323
2018-10-26,0.8892076565760323
2018-10-27,0.8892076565760323
2018-10-28,0.8892076565760323
2018-10-29,0.8892076565760323
2018-10-30,0.8892076565760323
2018-10-31,0.1840341722519774
2018-11-01,0.1840341722519774
2018-11-02,0.1840341722519774
2018-11-03,0.1840341722519774
2018-11-04,0.1840341722519774
2018-11-05,0.1840341722519774
2018-11-06,0.1840341722519774
2018-11-07,0.1840341722519774
2018-11-08,0.1840341722519774
2018-11-09,0.1840341722519774
2018-11-10,0.1840341722519774
2018-11-11,0.1840341722519774
2018-11-12,0.1840341722519774
2018-11-13,0.1840341722519774
2018-11-14,0.1840341722519774
2018-11-15,0.1840341722519774
2018-11-16,0.1840341722519774
2018-11-17,0.1840341722519774
2018-11-18,0.1840341722519774
2018-11-19,0.1840341722519774
2018-11-20,0.1840341722519774
2018-11-21,0.1840341722519774
2018-11-22,0.1840341722519774
2018-11-23,0.1840341722519774
2018-11-24,0.1840341722519774
2018-11-25,0.1840341722519774
2018-11-26,0.1840341722519774
2018-11-27,0.1840341722519774
2018-11-28,0.1840341722519774
2018-11-29,0.1840341722519774
2018-11-30,0.0427475491450536
2018-12-01,0.0427475491450536
2018-12-02,0.0427475491450536
2018-12-03,0.0427475491450536
2018-12-04,0.0427475491450536
2018-12-05,0.0427475491450536
2018-12-06,0.0427475491450536
2018-12-07,0.0427475491450536
2018-12-08,0.0427475491450536
2018-12-09,0.0427475491450536
2018-12-10,0.0427475491450536
2018-12-11,0.0427475491450536
2018-12-12,0.0427475491450536
2018-12-13,0.0427475491450536
2018-12-14,0.0427475491450536
2018-12-15,0.0427475491450536
2018-12-16,0.0427475491450536
2018-12-17,0.0427475491450536
2018-12-18,0.0427475491450536
2018-12-19,0.0427475491450536
2018-12-20,0.0427475491450536
2018-12-21,0.0427475491450536
2018-12-22,0.0427475491450536
2018-12-23,0.0427475491450536
2018-12-24,0.0427475491450536
2018-12-25,0.0427475491450536
2018-12-26,0.0427475491450536
2018-12-27,0.0427475491450536
2018-12-28,0.0427475491450536
2018-12-29,0.0427475491450536
2018-12-30,0.0427475491450536
2018-12-31,-0.13798319684195176
2019-01-01,-0.13798319684195176
2019-01-02,-0.13798319684195176
2019-01-03,-0.13798319684195176
2019-01-04,-0.13798319684195176
2019-01-05,-0.13798319684195176
2019-01-06,-0.13798319684195176
2019-01-07,-0.13798319684195176
2019-01-08,-0.13798319684195176
2019-01-09,-0.13798319684195176
2019-01-10,-0.13798319684195176
2019-01-11,-0.13798319684195176
2019-01-12,-0.13798319684195176
2019-01-13,-0.13798319684195176
2019-01-14,-0.13798319684195176
2019-01-15,-0.13798319684195176
2019-01-16,-0.13798319684195176
2019-01-17,-0.13798319684195176
2019-01-18,-0.13798319684195176
2019-01-19,-0.13798319684195176
2019-01-20,-0.13798319684195176
2019-01-21,-0.13798319684195176
2019-01-22,-0.13798319684195176
2019-01-23,-0.13798319684195176
2019-01-24,-0.13798319684195176
2019-01-25,-0.13798319684195176
2019-01-26,-0.13798319684195176
2019-01-27,-0.13798319684195176
2019-01-28,-0.13798319684195176
2019-01-29,-0.13798319684195176
2019-01-30,-0.13798319684195176
2019-01-31,-0.3076032885562205
2019-02-01,-0.3076032885562205
2019-02-02,-0.3076032885562205
2019-02-03,-0.3076032885562205
2019-02-04,-0.3076032885562205
2019-02-05,-0.3076032885562205
2019-02-06,-0.3076032885562205
2019-02-07,-0.3076032885562205
2019-02-08,-0.3076032885562205
2019-02-09,-0.3076032885562205
2019-02-10,-0.3076032885562205
2019-02-11,-0.3076032885562205
2019-02-12,-0.3076032885562205
2019-02-13,-0.3076032885562205
2019-02-14,-0.3076032885562205
2019-02-15,-0.3076032885562205
2019-02-16,-0.3076032885562205
2019-02-17,-0.3076032885562205
2019-02-18,-0.3076032885562205
2019-02-19,-0.3076032885562205
2019-02-20,-0.3076032885562205
2019-02-21,-0.3076032885562205
2019-02-22,-0.3076032885562205
2019-02-23,-0.3076032885562205
2019-02-24,-0.3076032885562205
2019-02-25,-0.3076032885562205
2019-02-26,-0.3076032885562205
2019-02-27,-0.3076032885562205
2019-02-28,-0.13826910858605096
2019-03-01,-0.13826910858605096
2019-03-02,-0.13826910858605096
2019-03-03,-0.13826910858605096
2019-03-04,-0.13826910858605096
2019-03-05,-0.13826910858605096
2019-03-06,-0.13826910858605096
2019-03-07,-0.13826910858605096
2019-03-08,-0.13826910858605096
2019-03-09,-0.13826910858605096
2019-03-10,-0.13826910858605096
2019-03-11,-0.13826910858605096
2019-03-12,-0.13826910858605096
2019-03-13,-0.13826910858605096
2019-03-14,-0.13826910858605096
2019-03-15,-0.13826910858605096
2019-03-16,-0.13826910858605096
2019-03-17,-0.13826910858605096
2019-03-18,-0.13826910858605096
2019-03-19,-0.13826910858605096
2019-03-20,-0.13826910858605096
2019-03-21,-0.13826910858605096
2019-03-22,-0.13826910858605096
2019-03-23,-0.13826910858605096
2019-03-24,-0.13826910858605096
2019-03-25,-0.13826910858605096
2019-03-26,-0.13826910858605096
2019-03-27,-0.13826910858605096
2019-03-28,-0.13826910858605096
2019-03-29,-0.13826910858605096
2019-03-30,-0.13826910858605096
2019-03-31,-0.6518158710532921
2019-04-01,-0.6518158710532921
2019-04-02,-0.6518158710532921
2019-04-03,-0.6518158710532921
2019-04-04,-0.6518158710532921
2019-04-05,-0.6518158710532921
2019-04-06,-0.6518158710532921
2019-04-07,-0.6518158710532921
2019-04-08,-0.6518158710532921
2019-04-09,-0.6518158710532921
2019-04-10,-0.6518158710532921
2019-04-11,-0.6518158710532921
2019-04-12,-0.6518158710532921
2019-04-13,-0.6518158710532921
2019-04-14,-0.6518158710532921
2019-04-15,-0.6518158710532921
2019-04-16,-0.6518158710532921
2019-04-17,-0.6518158710532921
2019-04-18,-0.6518158710532921
2019-04-19,-0.6518158710532921
2019-04-20,-0.6518158710532921
2019-04-21,-0.6518158710532921
2019-04-22,-0.6518158710532921
2019-04-23,-0.6518158710532921
2019-04-24,-0.6518158710532921
2019-04-25,-0.6518158710532921
2019-04-26,-0.6518158710532921
2019-04-27,-0.6518158710532921
2019-04-28,-0.6518158710532921
2019-04-29,-0.6518158710532921
2019-04-30,-0.7861071440546026
2019-05-01,-0.7861071440546026
2019-05-02,-0.7861071440546026
2019-05-03,-0.7861071440546026
2019-05-04,-0.7861071440546026
2019-05-05,-0.7861071440546026
2019-05-06,-0.7861071440546026
2019-05-07,-0.7861071440546026
2019-05-08,-0.7861071440546026
2019-05-09,-0.7861071440546026
2019-05-10,-0.7861071440546026
2019-05-11,-0.7861071440546026
2019-05-12,-0.7861071440546026
2019-05-13,-0.7861071440546026
2019-05-14,-0.7861071440546026
2019-05-15,-0.7861071440546026
2019-05-16,-0.7861071440546026
2019-05-17,-0.7861071440546026
2019-05-18,-0.7861071440546026
2019-05-19,-0.7861071440546026
2019-05-20,-0.7861071440546026
2019-05-21,-0.7861071440546026
2019-05-22,-0.7861071440546026
2019-05-23,-0.7861071440546026
2019-05-24,-0.7861071440546026
2019-05-25,-0.7861071440546026
2019-05-26,-0.7861071440546026
2019-05-27,-0.7861071440546026
2019-05-28,-0.7861071440546026
2019-05-29,-0.7861071440546026
2019-05-30,-0.7861071440546026
2019-05-31,-0.7306597380455588
2019-06-01,-0.7306597380455588
2019-06-02,-0.7306597380455588
2019-06-03,-0.7306597380455588
2019-06-04,-0.7306597380455588
2019-06-05,-0.7306597380455588
2019-06-06,-0.7306597380455588
2019-06-07,-0.7306597380455588
2019-06-08,-0.7306597380455588
2019-06-09,-0.7306597380455588
2019-06-10,-0.7306597380455588
2019-06-11,-0.7306597380455588
2019-06-12,-0.7306597380455588
2019-06-13,-0.7306597380455588
2019-06-14,-0.7306597380455588
2019-06-15,-0.7306597380455588
2019-06-16,-0.7306597380455588
2019-06-17,-0.7306597380455588
2019-06-18,-0.7306597380455588
2019-06-19,-0.7306597380455588
2019-06-20,-0.7306597380455588
2019-06-21,-0.7306597380455588
2019-06-22,-0.7306597380455588
2019-06-23,-0.7306597380455588
2019-06-24,-0.7306597380455588
2019-06-25,-0.7306597380455588
2019-06-26,-0.7306597380455588
2019-06-27,-0.7306597380455588
2019-06-28,-0.7306597380455588
2019-06-29,-0.7306597380455588
2019-06-30,-0.13474841530937462
2019-07-01,-0.13474841530937462
2019-07-02,-0.13474841530937462
2019-07-03,-0.13474841530937462
2019-07-04,-0.13474841530937462
2019-07-05,-0.13474841530937462
2019-07-06,-0.13474841530937462
2019-07-07,-0.13474841530937462
2019-07-08,-0.13474841530937462
2019-07-09,-0.13474841530937462
2019-07-10,-0.13474841530937462
2019-07-11,-0.13474841530937462
2019-07-12,-0.13474841530937462
2019-07-13,-0.13474841530937462
2019-07-14,-0.13474841530937462
2019-07-15,-0.13474841530937462
2019-07-16,-0.13474841530937462
2019-07-17,-0.13474841530937462
2019-07-18,-0.13474841530937462
2019-07-19,-0.13474841530937462
2019-07-20,-0.13474841530937462
2019-07-21,-0.13474841530937462
2019-07-22,-0.13474841530937462
2019-07-23,-0.13474841530937462
2019-07-24,-0.13474841530937462
2019-07-25,-0.13474841530937462
2019-07-26,-0.13474841530937462
2019-07-27,-0.13474841530937462
2019-07-28,-0.13474841530937462
2019-07-29,-0.13474841530937462
2019-07-30,-0.13474841530937462
2019-07-31,0.0372787617969594
2019-08-01,0.0372787617969594
2019-08-02,0.0372787617969594
2019-08-03,0.0372787617969594
2019-08-04,0.0372787617969594
2019-08-05,0.0372787617969594
2019-08-06,0.0372787617969594
2019-08-07,0.0372787617969594
2019-08-08,0.0372787617969594
2019-08-09,0.0372787617969594
2019-08-10,0.0372787617969594
2019-08-11,0.0372787617969594
2019-08-12,0.0372787617969594
2019-08-13,0.0372787617969594
2019-08-14,0.0372787617969594
2019-08-15,0.0372787617969594
2019-08-16,0.0372787617969594
2019-08-17,0.0372787617969594
2019-08-18,0.0372787617969594
2019-08-19,0.0372787617969594
2019-08-20,0.0372787617969594
2019-08-21,0.0372787617969594
2019-08-22,0.0372787617969594
2019-08-23,0.0372787617969594
2019-08-24,0.0372787617969594
2019-08-25,0.0372787617969594
2019-08-26,0.0372787617969594
2019-08-27,0.0372787617969594
2019-08-28,0.0372787617969594
2019-08-29,0.0372787617969594
2019-08-30,0.0372787617969594
2019-08-31,0.050436058556964855
2019-09-01,0.050436058556964855
2019-09-02,0.050436058556964855
2019-09-03,0.050436058556964855
2019-09-04,0.050436058556964855
2019-09-05,0.050436058556964855
2019-09-06,0.050436058556964855
2019-09-07,0.050436058556964855
2019-09-08,0.050436058556964855
2019-09-09,0.050436058556964855
2019-09-10,0.050436058556964855
2019-09-11,0.050436058556964855
2019-09-12,0.050436058556964855
2019-09-13,0.050436058556964855
2019-09-14,0.050436058556964855
2019-09-15,0.050436058556964855
2019-09-16,0.050436058556964855
2019-09-17,0.050436058556964855
2019-09-18,0.050436058556964855
2019-09-19,0.050436058556964855
2019-09-20,0.050436058556964855
2019-09-21,0.050436058556964855
2019-09-22,0.050436058556964855
2019-09-23,0.050436058556964855
2019-09-24,0.050436058556964855
2019-09-25,0.050436058556964855
2019-09-26,0.050436058556964855
2019-09-27,0.050436058556964855
2019-09-28,0.050436058556964855
2019-09-29,0.050436058556964855
2019-09-30,-0.1097774576294229
2019-10-01,-0.1097774576294229
2019-10-02,-0.1097774576294229
2019-10-03,-0.1097774576294229
2019-10-04,-0.1097774576294229
2019-10-05,-0.1097774576294229
2019-10-06,-0.1097774576294229
2019-10-07,-0.1097774576294229
2019-10-08,-0.1097774576294229
2019-10-09,-0.1097774576294229
2019-10-10,-0.1097774576294229
2019-10-11,-0.1097774576294229
2019-10-12,-0.1097774576294229
2019-10-13,-0.1097774576294229
2019-10-14,-0.1097774576294229
2019-10-15,-0.1097774576294229
2019-10-16,-0.1097774576294229
2019-10-17,-0.1097774576294229
2019-10-18,-0.1097774576294229
2019-10-19,-0.1097774576294229
2019-10-20,-0.1097774576294229
2019-10-21,-0.1097774576294229
2019-10-22,-0.1097774576294229
2019-10-23,-0.1097774576294229
2019-10-24,-0.1097774576294229
2019-10-25,-0.1097774576294229
2019-10-26,-0.1097774576294229
2019-10-27,-0.1097774576294229
2019-10-28,-0.1097774576294229
2019-10-29,-0.1097774576294229
2019-10-30,-0.1097774576294229
2019-10-31,-0.2849140300426129
2019-11-01,-0.2849140300426129
2019-11-02,-0.2849140300426129
2019-11-03,-0.2849140300426129
2019-11-04,-0.2849140300426129
2019-11-05,-0.2849140300426129
2019-11-06,-0.2849140300426129
2019-11-07,-0.2849140300426129
2019-11-08,-0.2849140300426129
2019-11-09,-0.2849140300426129
2019-11-10,-0.2849140300426129
2019-11-11,-0.2849140300426129
2019-11-12,-0.2849140300426129
2019-11-13,-0.2849140300426129
2019-11-14,-0.2849140300426129
2019-11-15,-0.2849140300426129
2019-11-16,-0.2849140300426129
2019-11-17,-0.2849140300426129
2019-11-18,-0.2849140300426129
2019-11-19,-0.2849140300426129
2019-11-20,-0.2849140300426129
2019-11-21,-0.2849140300426129
2019-11-22,-0.2849140300426129
2019-11-23,-0.2849140300426129
2019-11-24,-0.2849140300426129
2019-11-25,-0.2849140300426129
2019-11-26,-0.2849140300426129
2019-11-27,-0.2849140300426129
2019-11-28,-0.2849140300426129
2019-11-29,-0.2849140300426129
2019-11-30,-0.33532185022991595
2019-12-01,-0.33532185022991595
2019-12-02,-0.33532185022991595
2019-12-03,-0.33532185022991595
2019-12-04,-0.33532185022991595
2019-12-05,-0.33532185022991595
2019-12-06,-0.33532185022991595
2019-12-07,-0.33532185022991595
2019-12-08,-0.33532185022991595
2019-12-09,-0.33532185022991595
2019-12-10,-0.33532185022991595
2019-12-11,-0.33532185022991595
2019-12-12,-0.33532185022991595
2019-12-13,-0.33532185022991595
2019-12-14,-0.33532185022991595
2019-12-15,-0.33532185022991595
2019-12-16,-0.33532185022991595
2019-12-17,-0.33532185022991595
2019-12-18,-0.33532185022991595
2019-12-19,-0.33532185022991595
2019-12-20,-0.33532185022991595
2019-12-21,-0.33532185022991595
2019-12-22,-0.33532185022991595
2019-12-23,-0.33532185022991595
2019-12-24,-0.33532185022991595
2019-12-25,-0.33532185022991595
2019-12-26,-0.33532185022991595
2019-12-27,-0.33532185022991595
2019-12-28,-0.33532185022991595
2019-12-29,-0.33532185022991595
2019-12-30,-0.33532185022991595
2019-12-31,-0.0742670131092601
2020-01-01,-0.0742670131092601
2020-01-02,-0.0742670131092601
2020-01-03,-0.0742670131092601
2020-01-04,-0.0742670131092601
2020-01-05,-0.0742670131092601
2020-01-06,-0.0742670131092601
2020-01-07,-0.0742670131092601
2020-01-08,-0.0742670131092601
2020-01-09,-0.0742670131092601
2020-01-10,-0.0742670131092601
2020-01-11,-0.0742670131092601
2020-01-12,-0.0742670131092601
2020-01-13,-0.0742670131092601
2020-01-14,-0.0742670131092601
2020-01-15,-0.0742670131092601
2020-01-16,-0.0742670131092601
2020-01-17,-0.0742670131092601
2020-01-18,-0.0742670131092601
2020-01-19,-0.0742670131092601
2020-01-20,-0.0742670131092601
2020-01-21,-0.0742670131092601
2020-01-22,-0.0742670131092601
2020-01-23,-0.0742670131092601
2020-01-24,-0.0742670131092601
2020-01-25,-0.0742670131092601
2020-01-26,-0.0742670131092601
2020-01-27,-0.0742670131092601
2020-01-28,-0.0742670131092601
2020-01-29,-0.0742670131092601
2020-01-30,-0.0742670131092601
2020-01-31,-0.09249251860843989
2020-02-01,-0.09249251860843989
2020-02-02,-0.09249251860843989
2020-02-03,-0.09249251860843989
2020-02-04,-0.09249251860843989
2020-02-05,-0.09249251860843989
2020-02-06,-0.09249251860843989
2020-02-07,-0.09249251860843989
2020-02-08,-0.09249251860843989
2020-02-09,-0.09249251860843989
2020-02-10,-0.09249251860843989
2020-02-11,-0.09249251860843989
2020-02-12,-0.09249251860843989
2020-02-13,-0.09249251860843989
2020-02-14,-0.09249251860843989
2020-02-15,-0.09249251860843989
2020-02-16,-0.09249251860843989
2020-02-17,-0.09249251860843989
2020-02-18,-0.09249251860843989
2020-02-19,-0.09249251860843989
2020-02-20,-0.09249251860843989
2020-02-21,-0.09249251860843989
2020-02-22,-0.09249251860843989
2020-02-23,-0.09249251860843989
2020-02-24,-0.09249251860843989
2020-02-25,-0.09249251860843989
2020-02-26,-0.09249251860843989
2020-02-27,-0.09249251860843989
2020-02-28,-0.09249251860843989
2020-02-29,-0.2189737442028584
2020-03-01,-0.2189737442028584
2020-03-02,-0.2189737442028584
2020-03-03,-0.2189737442028584
2020-03-04,-0.2189737442028584
2020-03-05,-0.2189737442028584
2020-03-06,-0.2189737442028584
2020-03-07,-0.2189737442028584
2020-03-08,-0.2189737442028584
2020-03-09,-0.2189737442028584
2020-03-10,-0.2189737442028584
2020-03-11,-0.2189737442028584
2020-03-12,-0.2189737442028584
2020-03-13,-0.2189737442028584
2020-03-14,-0.2189737442028584
2020-03-15,-0.2189737442028584
2020-03-16,-0.2189737442028584
2020-03-17,-0.2189737442028584
2020-03-18,-0.2189737442028584
2020-03-19,-0.2189737442028584
2020-03-20,-0.2189737442028584
2020-03-21,-0.2189737442028584
2020-03-22,-0.2189737442028584
2020-03-23,-0.2189737442028584
2020-03-24,-0.2189737442028584
2020-03-25,-0.2189737442028584
2020-03-26,-0.2189737442028584
2020-03-27,-0.2189737442028584
2020-03-28,-0.2189737442028584
2020-03-29,-0.2189737442028584
2020-03-30,-0.2189737442028584
2020-03-31,4.229928608756102
2020-04-01,4.229928608756102
2020-04-02,4.229928608756102
2020-04-03,4.229928608756102
2020-04-04,4.229928608756102
2020-04-05,4.229928608756102
2020-04-06,4.229928608756102
2020-04-07,4.229928608756102
2020-04-08,4.229928608756102
2020-04-09,4.229928608756102
2020-04-10,4.229928608756102
2020-04-11,4.229928608756102
2020-04-12,4.229928608756102
2020-04-13,4.229928608756102
2020-04-14,4.229928608756102
2020-04-15,4.229928608756102
2020-04-16,4.229928608756102
2020-04-17,4.229928608756102
2020-04-18,4.229928608756102
2020-04-19,4.229928608756102
2020-04-20,4.229928608756102
2020-04-21,4.229928608756102
2020-04-22,4.229928608756102
2020-04-23,4.229928608756102
2020-04-24,4.229928608756102
2020-04-25,4.229928608756102
2020-04-26,4.229928608756102
2020-04-27,4.229928608756102
2020-04-28,4.229928608756102
2020-04-29,4.229928608756102
2020-04-30,0.9842109121649403
2020-05-01,0.9842109121649403
2020-05-02,0.9842109121649403
2020-05-03,0.9842109121649403
2020-05-04,0.9842109121649403
2020-05-05,0.9842109121649403
2020-05-06,0.9842109121649403
2020-05-07,0.9842109121649403
2020-05-08,0.9842109121649403
2020-05-09,0.9842109121649403
2020-05-10,0.9842109121649403
2020-05-11,0.9842109121649403
2020-05-12,0.9842109121649403
2020-05-13,0.9842109121649403
2020-05-14,0.9842109121649403
2020-05-15,0.9842109121649403
2020-05-16,0.9842109121649403
2020-05-17,0.9842109121649403
2020-05-18,0.9842109121649403
2020-05-19,0.9842109121649403
2020-05-20,0.9842109121649403
2020-05-21,0.9842109121649403
2020-05-22,0.9842109121649403
2020-05-23,0.9842109121649403
2020-05-24,0.9842109121649403
2020-05-25,0.9842109121649403
2020-05-26,0.9842109121649403
2020-05-27,0.9842109121649403
2020-05-28,0.9842109121649403
2020-05-29,0.9842109121649403
2020-05-30,0.9842109121649403
2020-05-31,-0.32124438777601866
2020-06-01,-0.32124438777601866
2020-06-02,-0.32124438777601866
2020-06-03,-0.32124438777601866
2020-06-04,-0.32124438777601866
2020-06-05,-0.32124438777601866
2020-06-06,-0.32124438777601866
2020-06-07,-0.32124438777601866
2020-06-08,-0.32124438777601866
2020-06-09,-0.32124438777601866
2020-06-10,-0.32124438777601866
2020-06-11,-0.32124438777601866
2020-06-12,-0.32124438777601866
2020-06-13,-0.32124438777601866
2020-06-14,-0.32124438777601866
2020-06-15,-0.32124438777601866
2020-06-16,-0.32124438777601866
2020-06-17,-0.32124438777601866
2020-06-18,-0.32124438777601866
2020-06-19,-0.32124438777601866
2020-06-20,-0.32124438777601866
2020-06-21,-0.32124438777601866
2020-06-22,-0.32124438777601866
2020-06-23,-0.32124438777601866
2020-06-24,-0.32124438777601866
2020-06-25,-0.32124438777601866
2020-06-26,-0.32124438777601866
2020-06-27,-0.32124438777601866
2020-06-28,-0.32124438777601866
2020-06-29,-0.32124438777601866
2020-06-30,-0.36172394251344586
2020-07-01,-0.36172394251344586
2020-07-02,-0.36172394251344586
2020-07-03,-0.36172394251344586
2020-07-04,-0.36172394251344586
2020-07-05,-0.36172394251344586
2020-07-06,-0.36172394251344586
2020-07-07,-0.36172394251344586
2020-07-08,-0.36172394251344586
2020-07-09,-0.36172394251344586
2020-07-10,-0.36172394251344586
2020-07-11,-0.36172394251344586
2020-07-12,-0.36172394251344586
2020-07-13,-0.36172394251344586
2020-07-14,-0.36172394251344586
2020-07-15,-0.36172394251344586
2020-07-16,-0.36172394251344586
2020-07-17,-0.36172394251344586
2020-07-18,-0.36172394251344586
2020-07-19,-0.36172394251344586
2020-07-20,-0.36172394251344586
2020-07-21,-0.36172394251344586
2020-07-22,-0.36172394251344586
2020-07-23,-0.36172394251344586
2020-07-24,-0.36172394251344586
2020-07-25,-0.36172394251344586
2020-07-26,-0.36172394251344586
2020-07-27,-0.36172394251344586
2020-07-28,-0.36172394251344586
2020-07-29,-0.36172394251344586
2020-07-30,-0.36172394251344586
2020-07-31,0.2555393687004139
2020-08-01,0.2555393687004139
2020-08-02,0.2555393687004139
2020-08-03,0.2555393687004139
2020-08-04,0.2555393687004139
2020-08-05,0.2555393687004139
2020-08-06,0.2555393687004139
2020-08-07,0.2555393687004139
2020-08-08,0.2555393687004139
2020-08-09,0.2555393687004139
2020-08-10,0.2555393687004139
2020-08-11,0.2555393687004139
2020-08-12,0.2555393687004139
2020-08-13,0.2555393687004139
2020-08-14,0.2555393687004139
2020-08-15,0.2555393687004139
2020-08-16,0.2555393687004139
2020-08-17,0.2555393687004139
2020-08-18,0.2555393687004139
2020-08-19,0.2555393687004139
2020-08-20,0.2555393687004139
2020-08-21,0.2555393687004139
2020-08-22,0.2555393687004139
2020-08-23,0.2555393687004139
2020-08-24,0.2555393687004139
2020-08-25,0.2555393687004139
2020-08-26,0.2555393687004139
2020-08-27,0.2555393687004139
2020-08-28,0.2555393687004139
2020-08-29,0.2555393687004139
2020-08-30,0.2555393687004139
2020-08-31,0.21278331956132596
2020-09-01,0.21278331956132596
2020-09-02,0.21278331956132596
2020-09-03,0.21278331956132596
2020-09-04,0.21278331956132596
2020-09-05,0.21278331956132596
2020-09-06,0.21278331956132596
2020-09-07,0.21278331956132596
2020-09-08,0.21278331956132596
2020-09-09,0.21278331956132596
2020-09-10,0.21278331956132596
2020-09-11,0.21278331956132596
2020-09-12,0.21278331956132596
2020-09-13,0.21278331956132596
2020-09-14,0.21278331956132596
2020-09-15,0.21278331956132596
2020-09-16,0.21278331956132596
2020-09-17,0.21278331956132596
2020-09-18,0.21278331956132596
2020-09-19,0.21278331956132596
2020-09-20,0.21278331956132596
2020-09-21,0.21278331956132596
2020-09-22,0.21278331956132596
2020-09-23,0.21278331956132596
2020-09-24,0.21278331956132596
2020-09-25,0.21278331956132596
2020-09-26,0.21278331956132596
2020-09-27,0.21278331956132596
2020-09-28,0.21278331956132596
2020-09-29,0.21278331956132596
2020-09-30,0.39705925091651434
2020-10-01,0.39705925091651434
2020-10-02,0.39705925091651434
2020-10-03,0.39705925091651434
2020-10-04,0.39705925091651434
2020-10-05,0.39705925091651434
2020-10-06,0.39705925091651434
2020-10-07,0.39705925091651434
2020-10-08,0.39705925091651434
2020-10-09,0.39705925091651434
2020-10-10,0.39705925091651434
2020-10-11,0.39705925091651434
2020-10-12,0.39705925091651434
2020-10-13,0.39705925091651434
2020-10-14,0.39705925091651434
2020-10-15,0.39705925091651434
2020-10-16,0.39705925091651434
2020-10-17,0.39705925091651434
2020-10-18,0.39705925091651434
2020-10-19,0.39705925091651434
2020-10-20,0.39705925091651434
2020-10-21,0.39705925091651434
2020-10-22,0.39705925091651434
2020-10-23,0.39705925091651434
2020-10-24,0.39705925091651434
2020-10-25,0.39705925091651434
2020-10-26,0.39705925091651434
2020-10-27,0.39705925091651434
2020-10-28,0.39705925091651434
2020-10-29,0.39705925091651434
2020-10-30,0.39705925091651434
2020-10-31,0.12623674215304614
2020-11-01,0.12623674215304614
2020-11-02,0.12623674215304614
2020-11-03,0.12623674215304614
2020-11-04,0.12623674215304614
2020-11-05,0.12623674215304614
2020-11-06,0.12623674215304614
2020-11-07,0.12623674215304614
2020-11-08,0.12623674215304614
2020-11-09,0.12623674215304614
2020-11-10,0.12623674215304614
2020-11-11,0.12623674215304614
2020-11-12,0.12623674215304614
2020-11-13,0.12623674215304614
2020-11-14,0.12623674215304614
2020-11-15,0.12623674215304614
2020-11-16,0.12623674215304614
2020-11-17,0.12623674215304614
2020-11-18,0.12623674215304614
2020-11-19,0.12623674215304614
2020-11-20,0.12623674215304614
2020-11-21,0.12623674215304614
2020-11-22,0.12623674215304614
2020-11-23,0.12623674215304614
2020-11-24,0.12623674215304614
2020-11-25,0.12623674215304614
2020-11-26,0.12623674215304614
2020-11-27,0.12623674215304614
2020-11-28,0.12623674215304614
2020-11-29,0.12623674215304614
2020-11-30,-0.29943894734024235
2020-12-01,-0.29943894734024235
2020-12-02,-0.29943894734024235
2020-12-03,-0.29943894734024235
2020-12-04,-0.29943894734024235
2020-12-05,-0.29943894734024235
2020-12-06,-0.29943894734024235
2020-12-07,-0.29943894734024235
2020-12-08,-0.29943894734024235
2020-12-09,-0.29943894734024235
2020-12-10,-0.29943894734024235
2020-12-11,-0.29943894734024235
2020-12-12,-0.29943894734024235
2020-12-13,-0.29943894734024235
2020-12-14,-0.29943894734024235
2020-12-15,-0.29943894734024235
2020-12-16,-0.29943894734024235
2020-12-17,-0.29943894734024235
2020-12-18,-0.29943894734024235
2020-12-19,-0.29943894734024235
2020-12-20,-0.29943894734024235
2020-12-21,-0.29943894734024235
2020-12-22,-0.29943894734024235
2020-12-23,-0.29943894734024235
2020-12-24,-0.29943894734024235
2020-12-25,-0.29943894734024235
2020-12-26,-0.29943894734024235
2020-12-27,-0.29943894734024235
2020-12-28,-0.29943894734024235
2020-12-29,-0.29943894734024235
2020-12-30,-0.29943894734024235
2020-12-31,-0.18412921799541587
2021-01-01,-0.18412921799541587
2021-01-02,-0.18412921799541587
2021-01-03,-0.18412921799541587
2021-01-04,-0.18412921799541587
2021-01-05,-0.18412921799541587
2021-01-06,-0.18412921799541587
2021-01-07,-0.18412921799541587
2021-01-08,-0.18412921799541587
2021-01-09,-0.18412921799541587
2021-01-10,-0.18412921799541587
2021-01-11,-0.18412921799541587
2021-01-12,-0.18412921799541587
2021-01-13,-0.18412921799541587
2021-01-14,-0.18412921799541587
2021-01-15,-0.18412921799541587
2021-01-16,-0.18412921799541587
2021-01-17,-0.18412921799541587
2021-01-18,-0.18412921799541587
2021-01-19,-0.18412921799541587
2021-01-20,-0.18412921799541587
2021-01-21,-0.18412921799541587
2021-01-22,-0.18412921799541587
2021-01-23,-0.18412921799541587
2021-01-24,-0.18412921799541587
2021-01-25,-0.18412921799541587
2021-01-26,-0.18412921799541587
2021-01-27,-0.18412921799541587
2021-01-28,-0.18412921799541587
2021-01-29,-0.18412921799541587
2021-01-30,-0.18412921799541587
2021-01-31,0.08532875117158689
2021-02-01,0.08532875117158689
2021-02-02,0.08532875117158689
2021-02-03,0.08532875117158689
2021-02-04,0.08532875117158689
2021-02-05,0.08532875117158689
2021-02-06,0.08532875117158689
2021-02-07,0.08532875117158689
2021-02-08,0.08532875117158689
2021-02-09,0.08532875117158689
2021-02-10,0.08532875117158689
2021-02-11,0.08532875117158689
2021-02-12,0.08532875117158689
2021-02-13,0.08532875117158689
2021-02-14,0.08532875117158689
2021-02-15,0.08532875117158689
2021-02-16,0.08532875117158689
2021-02-17,0.08532875117158689
2021-02-18,0.08532875117158689
2021-02-19,0.08532875117158689
2021-02-20,0.08532875117158689
2021-02-21,0.08532875117158689
2021-02-22,0.08532875117158689
2021-02-23,0.08532875117158689
2021-02-24,0.08532875117158689
2021-02-25,0.08532875117158689
2021-02-26,0.08532875117158689
2021-02-27,0.08532875117158689
2021-02-28,-0.18009711237084292
2021-03-01,-0.18009711237084292
2021-03-02,-0.18009711237084292
2021-03-03,-0.18009711237084292
2021-03-04,-0.18009711237084292
2021-03-05,-0.18009711237084292
2021-03-06,-0.18009711237084292
2021-03-07,-0.18009711237084292
2021-03-08,-0.18009711237084292
2021-03-09,-0.18009711237084292
2021-03-10,-0.18009711237084292
2021-03-11,-0.18009711237084292
2021-03-12,-0.18009711237084292
2021-03-13,-0.18009711237084292
2021-03-14,-0.18009711237084292
2021-03-15,-0.18009711237084292
2021-03-16,-0.18009711237084292
2021-03-17,-0.18009711237084292
2021-03-18,-0.18009711237084292
2021-03-19,-0.18009711237084292
2021-03-20,-0.18009711237084292
2021-03-21,-0.18009711237084292
2021-03-22,-0.18009711237084292
2021-03-23,-0.18009711237084292
2021-03-24,-0.18009711237084292
2021-03-25,-0.18009711237084292
2021-03-26,-0.18009711237084292
2021-03-27,-0.18009711237084292
2021-03-28,-0.18009711237084292
2021-03-29,-0.18009711237084292
2021-03-30,-0.18009711237084292
2021-03-31,-0.0893508451889285
2021-04-01,-0.0893508451889285
2021-04-02,-0.0893508451889285
2021-04-03,-0.0893508451889285
2021-04-04,-0.0893508451889285
2021-04-05,-0.0893508451889285
2021-04-06,-0.0893508451889285
2021-04-07,-0.0893508451889285
2021-04-08,-0.0893508451889285
2021-04-09,-0.0893508451889285
2021-04-10,-0.0893508451889285
2021-04-11,-0.0893508451889285
2021-04-12,-0.0893508451889285
2021-04-13,-0.0893508451889285
2021-04-14,-0.0893508451889285
2021-04-15,-0.0893508451889285
2021-04-16,-0.0893508451889285
2021-04-17,-0.0893508451889285
2021-04-18,-0.0893508451889285
2021-04-19,-0.0893508451889285
2021-04-20,-0.0893508451889285
2021-04-21,-0.0893508451889285
2021-04-22,-0.0893508451889285
2021-04-23,-0.0893508451889285
2021-04-24,-0.0893508451889285
2021-04-25,-0.0893508451889285
2021-04-26,-0.0893508451889285
2021-04-27,-0.0893508451889285
2021-04-28,-0.0893508451889285
2021-04-29,-0.0893508451889285
2021-04-30,0.18019882070203733
2021-05-01,0.18019882070203733
2021-05-02,0.18019882070203733
2021-05-03,0.18019882070203733
2021-05-04,0.18019882070203733
2021-05-05,0.18019882070203733
2021-05-06,0.18019882070203733
2021-05-07,0.18019882070203733
2021-05-08,0.18019882070203733
2021-05-09,0.18019882070203733
2021-05-10,0.18019882070203733
2021-05-11,0.18019882070203733
2021-05-12,0.18019882070203733
2021-05-13,0.18019882070203733
2021-05-14,0.18019882070203733
2021-05-15,0.18019882070203733
2021-05-16,0.18019882070203733
2021-05-17,0.18019882070203733
2021-05-18,0.18019882070203733
2021-05-19,0.18019882070203733
2021-05-20,0.18019882070203733
2021-05-21,0.18019882070203733
2021-05-22,0.18019882070203733
2021-05-23,0.18019882070203733
2021-05-24,0.18019882070203733
2021-05-25,0.18019882070203733
2021-05-26,0.18019882070203733
2021-05-27,0.18019882070203733
2021-05-28,0.18019882070203733
2021-05-29,0.18019882070203733
2021-05-30,0.18019882070203733
2021-05-31,-0.1731618248990339
2021-06-01,-0.1731618248990339
2021-06-02,-0.1731618248990339
2021-06-03,-0.1731618248990339
2021-06-04,-0.1731618248990339
2021-06-05,-0.1731618248990339
2021-06-06,-0.1731618248990339
2021-06-07,-0.1731618248990339
2021-06-08,-0.1731618248990339
2021-06-09,-0.1731618248990339
2021-06-10,-0.1731618248990339
2021-06-11,-0.1731618248990339
2021-06-12,-0.1731618248990339
2021-06-13,-0.1731618248990339
2021-06-14,-0.1731618248990339
2021-06-15,-0.1731618248990339
2021-06-16,-0.1731618248990339
2021-06-17,-0.1731618248990339
2021-06-18,-0.1731618248990339
2021-06-19,-0.1731618248990339
2021-06-20,-0.1731618248990339
2021-06-21,-0.1731618248990339
2021-06-22,-0.1731618248990339
2021-06-23,-0.1731618248990339
2021-06-24,-0.1731618248990339
2021-06-25,-0.1731618248990339
2021-06-26,-0.1731618248990339
2021-06-27,-0.1731618248990339
2021-06-28,-0.1731618248990339
2021-06-29,-0.1731618248990339
2021-06-30,-0.4389856249193525
2021-07-01,-0.4389856249193525
2021-07-02,-0.4389856249193525
2021-07-03,-0.4389856249193525
2021-07-04,-0.4389856249193525
2021-07-05,-0.4389856249193525
2021-07-06,-0.4389856249193525
2021-07-07,-0.4389856249193525
2021-07-08,-0.4389856249193525
2021-07-09,-0.4389856249193525
2021-07-10,-0.4389856249193525
2021-07-11,-0.4389856249193525
2021-07-12,-0.4389856249193525
2021-07-13,-0.4389856249193525
2021-07-14,-0.4389856249193525
2021-07-15,-0.4389856249193525
2021-07-16,-0.4389856249193525
2021-07-17,-0.4389856249193525
2021-07-18,-0.4389856249193525
2021-07-19,-0.4389856249193525
2021-07-20,-0.4389856249193525
2021-07-21,-0.4389856249193525
2021-07-22,-0.4389856249193525
2021-07-23,-0.4389856249193525
2021-07-24,-0.4389856249193525
2021-07-25,-0.4389856249193525
2021-07-26,-0.4389856249193525
2021-07-27,-0.4389856249193525
2021-07-28,-0.4389856249193525
2021-07-29,-0.4389856249193525
2021-07-30,-0.4389856249193525
2021-07-31,-0.031868166690980276
2021-08-01,-0.031868166690980276
2021-08-02,-0.031868166690980276
2021-08-03,-0.031868166690980276
2021-08-04,-0.031868166690980276
2021-08-05,-0.031868166690980276
2021-08-06,-0.031868166690980276
2021-08-07,-0.031868166690980276
2021-08-08,-0.031868166690980276
2021-08-09,-0.031868166690980276
2021-08-10,-0.031868166690980276
2021-08-11,-0.031868166690980276
2021-08-12,-0.031868166690980276
2021-08-13,-0.031868166690980276
2021-08-14,-0.031868166690980276
2021-08-15,-0.031868166690980276
2021-08-16,-0.031868166690980276
2021-08-17,-0.031868166690980276
2021-08-18,-0.031868166690980276
2021-08-19,-0.031868166690980276
2021-08-20,-0.031868166690980276
2021-08-21,-0.031868166690980276
2021-08-22,-0.031868166690980276
2021-08-23,-0.031868166690980276
2021-08-24,-0.031868166690980276
2021-08-25,-0.031868166690980276
2021-08-26,-0.031868166690980276
2021-08-27,-0.031868166690980276
2021-08-28,-0.031868166690980276
2021-08-29,-0.031868166690980276
2021-08-30,-0.031868166690980276
2021-08-31,-0.2721708397788655
2021-09-01,-0.2721708397788655
2021-09-02,-0.2721708397788655
2021-09-03,-0.2721708397788655
2021-09-04,-0.2721708397788655
2021-09-05,-0.2721708397788655
2021-09-06,-0.2721708397788655
2021-09-07,-0.2721708397788655
2021-09-08,-0.2721708397788655
2021-09-09,-0.2721708397788655
2021-09-10,-0.2721708397788655
2021-09-11,-0.2721708397788655
2021-09-12,-0.2721708397788655
2021-09-13,-0.2721708397788655
2021-09-14,-0.2721708397788655
2021-09-15,-0.2721708397788655
2021-09-16,-0.2721708397788655
2021-09-17,-0.2721708397788655
2021-09-18,-0.2721708397788655
2021-09-19,-0.2721708397788655
2021-09-20,-0.2721708397788655
2021-09-21,-0.2721708397788655
2021-09-22,-0.2721708397788655
2021-09-23,-0.2721708397788655
2021-09-24,-0.2721708397788655
2021-09-25,-0.2721708397788655
2021-09-26,-0.2721708397788655
2021-09-27,-0.2721708397788655
2021-09-28,-0.2721708397788655
2021-09-29,-0.2721708397788655
2021-09-30,-0.43550985871521536
2021-10-01,-0.43550985871521536
2021-10-02,-0.43550985871521536
2021-10-03,-0.43550985871521536
2021-10-04,-0.43550985871521536
2021-10-05,-0.43550985871521536
2021-10-06,-0.43550985871521536
2021-10-07,-0.43550985871521536
2021-10-08,-0.43550985871521536
2021-10-09,-0.43550985871521536
2021-10-10,-0.43550985871521536
2021-10-11,-0.43550985871521536
2021-10-12,-0.43550985871521536
2021-10-13,-0.43550985871521536
2021-10-14,-0.43550985871521536
2021-10-15,-0.43550985871521536
2021-10-16,-0.43550985871521536
2021-10-17,-0.43550985871521536
2021-10-18,-0.43550985871521536
2021-10-19,-0.43550985871521536
2021-10-20,-0.43550985871521536
2021-10-21,-0.43550985871521536
2021-10-22,-0.43550985871521536
2021-10-23,-0.43550985871521536
2021-10-24,-0.43550985871521536
2021-10-25,-0.43550985871521536
2021-10-26,-0.43550985871521536
2021-10-27,-0.43550985871521536
2021-10-28,-0.43550985871521536
2021-10-29,-0.43550985871521536
2021-10-30,-0.43550985871521536
2021-10-31,-0.3614574786582572
2021-11-01,-0.3614574786582572
2021-11-02,-0.3614574786582572
2021-11-03,-0.3614574786582572
2021-11-04,-0.3614574786582572
2021-11-05,-0.3614574786582572
2021-11-06,-0.3614574786582572
2021-11-07,-0.3614574786582572
2021-11-08,-0.3614574786582572
2021-11-09,-0.3614574786582572
2021-11-10,-0.3614574786582572
2021-11-11,-0.3614574786582572
2021-11-12,-0.3614574786582572
2021-11-13,-0.3614574786582572
2021-11-14,-0.3614574786582572
2021-11-15,-0.3614574786582572
2021-11-16,-0.3614574786582572
2021-11-17,-0.3614574786582572
2021-11-18,-0.3614574786582572
2021-11-19,-0.3614574786582572
2021-11-20,-0.3614574786582572
2021-11-21,-0.3614574786582572
2021-11-22,-0.3614574786582572
2021-11-23,-0.3614574786582572
2021-11-24,-0.3614574786582572
2021-11-25,-0.3614574786582572
2021-11-26,-0.3614574786582572
2021-11-27,-0.3614574786582572
2021-11-28,-0.3614574786582572
2021-11-29,-0.3614574786582572
2021-11-30,0.0147265326886009
2021-12-01,0.0147265326886009
2021-12-02,0.0147265326886009
2021-12-03,0.0147265326886009
2021-12-04,0.0147265326886009
2021-12-05,0.0147265326886009
2021-12-06,0.0147265326886009
2021-12-07,0.0147265326886009
2021-12-08,0.0147265326886009
2021-12-09,0.0147265326886009
2021-12-10,0.0147265326886009
2021-12-11,0.0147265326886009
2021-12-12,0.0147265326886009
2021-12-13,0.0147265326886009
2021-12-14,0.0147265326886009
2021-12-15,0.0147265326886009
2021-12-16,0.0147265326886009
2021-12-17,0.0147265326886009
2021-12-18,0.0147265326886009
2021-12-19,0.0147265326886009
2021-12-20,0.0147265326886009
2021-12-21,0.0147265326886009
2021-12-22,0.0147265326886009
2021-12-23,0.0147265326886009
2021-12-24,0.0147265326886009
2021-12-25,0.0147265326886009
2021-12-26,0.0147265326886009
2021-12-27,0.0147265326886009
2021-12-28,0.0147265326886009
2021-12-29,0.0147265326886009
2021-12-30,0.0147265326886009
2021-12-31,-0.037617800763328504
2022-01-01,-0.037617800763328504
2022-01-02,-0.037617800763328504
2022-01-03,-0.037617800763328504
2022-01-04,-0.037617800763328504
2022-01-05,-0.037617800763328504
2022-01-06,-0.037617800763328504
2022-01-07,-0.037617800763328504
2022-01-08,-0.037617800763328504
2022-01-09,-0.037617800763328504
2022-01-10,-0.037617800763328504
2022-01-11,-0.037617800763328504
2022-01-12,-0.037617800763328504
2022-01-13,-0.037617800763328504
2022-01-14,-0.037617800763328504
2022-01-15,-0.037617800763328504
2022-01-16,-0.037617800763328504
2022-01-17,-0.037617800763328504
2022-01-18,-0.037617800763328504
2022-01-19,-0.037617800763328504
2022-01-20,-0.037617800763328504
2022-01-21,-0.037617800763328504
2022-01-22,-0.037617800763328504
2022-01-23,-0.037617800763328504
2022-01-24,-0.037617800763328504
2022-01-25,-0.037617800763328504
2022-01-26,-0.037617800763328504
2022-01-27,-0.037617800763328504
2022-01-28,-0.037617800763328504
2022-01-29,-0.037617800763328504
2022-01-30,-0.037617800763328504
2022-01-31,-0.3695456218725076
2022-02-01,-0.3695456218725076
2022-02-02,-0.3695456218725076
2022-02-03,-0.3695456218725076
2022-02-04,-0.3695456218725076
2022-02-05,-0.3695456218725076
2022-02-06,-0.3695456218725076
2022-02-07,-0.3695456218725076
2022-02-08,-0.3695456218725076
2022-02-09,-0.3695456218725076
2022-02-10,-0.3695456218725076
2022-02-11,-0.3695456218725076
2022-02-12,-0.3695456218725076
2022-02-13,-0.3695456218725076
2022-02-14,-0.3695456218725076
2022-02-15,-0.3695456218725076
2022-02-16,-0.3695456218725076
2022-02-17,-0.3695456218725076
2022-02-18,-0.3695456218725076
2022-02-19,-0.3695456218725076
2022-02-20,-0.3695456218725076
2022-02-21,-0.3695456218725076
2022-02-22,-0.3695456218725076
2022-02-23,-0.3695456218725076
2022-02-24,-0.3695456218725076
2022-02-25,-0.3695456218725076
2022-02-26,-0.3695456218725076
2022-02-27,-0.3695456218725076
2022-02-28,2.4316831289535146
2022-03-01,2.4316831289535146
2022-03-02,2.4316831289535146
2022-03-03,2.4316831289535146
2022-03-04,2.4316831289535146
2022-03-05,2.4316831289535146
2022-03-06,2.4316831289535146
2022-03-07,2.4316831289535146
2022-03-08,2.4316831289535146
2022-03-09,2.4316831289535146
2022-03-10,2.4316831289535146
2022-03-11,2.4316831289535146
2022-03-12,2.4316831289535146
2022-03-13,2.4316831289535146
2022-03-14,2.4316831289535146
2022-03-15,2.4316831289535146
2022-03-16,2.4316831289535146
2022-03-17,2.4316831289535146
2022-03-18,2.4316831289535146
2022-03-19,2.4316831289535146
2022-03-20,2.4316831289535146
2022-03-21,2.4316831289535146
2022-03-22,2.4316831289535146
2022-03-23,2.4316831289535146
2022-03-24,2.4316831289535146
2022-03-25,2.4316831289535146
2022-03-26,2.4316831289535146
2022-03-27,2.4316831289535146
2022-03-28,2.4316831289535146
2022-03-29,2.4316831289535146
2022-03-30,2.4316831289535146
2022-03-31,4.99423462907685
2022-04-01,4.99423462907685
2022-04-02,4.99423462907685
2022-04-03,4.99423462907685
2022-04-04,4.99423462907685
2022-04-05,4.99423462907685
2022-04-06,4.99423462907685
2022-04-07,4.99423462907685
2022-04-08,4.99423462907685
2022-04-09,4.99423462907685
2022-04-10,4.99423462907685
2022-04-11,4.99423462907685
2022-04-12,4.99423462907685
2022-04-13,4.99423462907685
2022-04-14,4.99423462907685
2022-04-15,4.99423462907685
2022-04-16,4.99423462907685
2022-04-17,4.99423462907685
2022-04-18,4.99423462907685
2022-04-19,4.99423462907685
2022-04-20,4.99423462907685
2022-04-21,4.99423462907685
2022-04-22,4.99423462907685
2022-04-23,4.99423462907685
2022-04-24,4.99423462907685
2022-04-25,4.99423462907685
2022-04-26,4.99423462907685
2022-04-27,4.99423462907685
2022-04-28,4.99423462907685
2022-04-29,4.99423462907685
2022-04-30,1.4798575630683581
2022-05-01,1.4798575630683581
2022-05-02,1.4798575630683581
2022-05-03,1.4798575630683581
2022-05-04,1.4798575630683581
2022-05-05,1.4798575630683581
2022-05-06,1.4798575630683581
2022-05-07,1.4798575630683581
2022-05-08,1.4798575630683581
2022-05-09,1.4798575630683581
2022-05-10,1.4798575630683581
2022-05-11,1.4798575630683581
2022-05-12,1.4798575630683581
2022-05-13,1.4798575630683581
2022-05-14,1.4798575630683581
2022-05-15,1.4798575630683581
2022-05-16,1.4798575630683581
2022-05-17,1.4798575630683581
2022-05-18,1.4798575630683581
2022-05-19,1.4798575630683581
2022-05-20,1.4798575630683581
2022-05-21,1.4798575630683581
2022-05-22,1.4798575630683581
2022-05-23,1.4798575630683581
2022-05-24,1.4798575630683581
2022-05-25,1.4798575630683581
2022-05-26,1.4798575630683581
2022-05-27,1.4798575630683581
2022-05-28,1.4798575630683581
2022-05-29,1.4798575630683581
2022-05-30,1.4798575630683581
2022-05-31,1.948045916235159
2022-06-01,1.948045916235159
2022-06-02,1.948045916235159
2022-06-03,1.948045916235159
2022-06-04,1.948045916235159
2022-06-05,1.948045916235159
2022-06-06,1.948045916235159
2022-06-07,1.948045916235159
2022-06-08,1.948045916235159
2022-06-09,1.948045916235159
2022-06-10,1.948045916235159
2022-06-11,1.948045916235159
2022-06-12,1.948045916235159
2022-06-13,1.948045916235159
2022-06-14,1.948045916235159
2022-06-15,1.948045916235159
2022-06-16,1.948045916235159
2022-06-17,1.948045916235159
2022-06-18,1.948045916235159
2022-06-19,1.948045916235159
2022-06-20,1.948045916235159
2022-06-21,1.948045916235159
2022-06-22,1.948045916235159
2022-06-23,1.948045916235159
2022-06-24,1.948045916235159
2022-06-25,1.948045916235159
2022-06-26,1.948045916235159
2022-06-27,1.948045916235159
2022-06-28,1.948045916235159
2022-06-29,1.948045916235159
2022-06-30,2.8418910939593
2022-07-01,2.8418910939593
2022-07-02,2.8418910939593
2022-07-03,2.8418910939593
2022-07-04,2.8418910939593
2022-07-05,2.8418910939593
2022-07-06,2.8418910939593
2022-07-07,2.8418910939593
2022-07-08,2.8418910939593
2022-07-09,2.8418910939593
2022-07-10,2.8418910939593
2022-07-11,2.8418910939593
2022-07-12,2.8418910939593
2022-07-13,2.8418910939593
2022-07-14,2.8418910939593
2022-07-15,2.8418910939593
2022-07-16,2.8418910939593
2022-07-17,2.8418910939593
2022-07-18,2.8418910939593
2022-07-19,2.8418910939593
2022-07-20,2.8418910939593
2022-07-21,2.8418910939593
2022-07-22,2.8418910939593
2022-07-23,2.8418910939593
2022-07-24,2.8418910939593
2022-07-25,2.8418910939593
2022-07-26,2.8418910939593
2022-07-27,2.8418910939593
2022-07-28,2.8418910939593
2022-07-29,2.8418910939593
2022-07-30,2.8418910939593
2022-07-31,2.376789720343912
2022-08-01,2.376789720343912
2022-08-02,2.376789720343912
2022-08-03,2.376789720343912
2022-08-04,2.376789720343912
2022-08-05,2.376789720343912
2022-08-06,2.376789720343912
2022-08-07,2.376789720343912
2022-08-08,2.376789720343912
2022-08-09,2.376789720343912
2022-08-10,2.376789720343912
2022-08-11,2.376789720343912
2022-08-12,2.376789720343912
2022-08-13,2.376789720343912
2022-08-14,2.376789720343912
2022-08-15,2.376789720343912
2022-08-16,2.376789720343912
2022-08-17,2.376789720343912
2022-08-18,2.376789720343912
2022-08-19,2.376789720343912
2022-08-20,2.376789720343912
2022-08-21,2.376789720343912
2022-08-22,2.376789720343912
2022-08-23,2.376789720343912
2022-08-24,2.376789720343912
2022-08-25,2.376789720343912
2022-08-26,2.376789720343912
2022-08-27,2.376789720343912
2022-08-28,2.376789720343912
2022-08-29,2.376789720343912
2022-08-30,2.376789720343912
2022-08-31,0.7352402282687129
2022-09-01,0.7352402282687129
2022-09-02,0.7352402282687129
2022-09-03,0.7352402282687129
2022-09-04,0.7352402282687129
2022-09-05,0.7352402282687129
2022-09-06,0.7352402282687129
2022-09-07,0.7352402282687129
2022-09-08,0.7352402282687129
2022-09-09,0.7352402282687129
2022-09-10,0.7352402282687129
2022-09-11,0.7352402282687129
2022-09-12,0.7352402282687129
2022-09-13,0.7352402282687129
2022-09-14,0.7352402282687129
2022-09-15,0.7352402282687129
2022-09-16,0.7352402282687129
2022-09-17,0.7352402282687129
2022-09-18,0.7352402282687129
2022-09-19,0.7352402282687129
2022-09-20,0.7352402282687129
2022-09-21,0.7352402282687129
2022-09-22,0.7352402282687129
2022-09-23,0.7352402282687129
2022-09-24,0.7352402282687129
2022-09-25,0.7352402282687129
2022-09-26,0.7352402282687129
2022-09-27,0.7352402282687129
2022-09-28,0.7352402282687129
2022-09-29,0.7352402282687129
2022-09-30,1.1672718190351987
2022-10-01,1.1672718190351987
2022-10-02,1.1672718190351987
2022-10-03,1.1672718190351987
2022-10-04,1.1672718190351987
2022-10-05,1.1672718190351987
2022-10-06,1.1672718190351987
2022-10-07,1.1672718190351987
2022-10-08,1.1672718190351987
2022-10-09,1.1672718190351987
2022-10-10,1.1672718190351987
2022-10-11,1.1672718190351987
2022-10-12,1.1672718190351987
2022-10-13,1.1672718190351987
2022-10-14,1.1672718190351987
2022-10-15,1.1672718190351987
2022-10-16,1.1672718190351987
2022-10-17,1.1672718190351987
2022-10-18,1.1672718190351987
2022-10-19,1.1672718190351987
2022-10-20,1.1672718190351987
2022-10-21,1.1672718190351987
2022-10-22,1.1672718190351987
2022-10-23,1.1672718190351987
2022-10-24,1.1672718190351987
2022-10-25,1.1672718190351987
2022-10-26,1.1672718190351987
2022-10-27,1.1672718190351987
2022-10-28,1.1672718190351987
2022-10-29,1.1672718190351987
2022-10-30,1.1672718190351987
2022-10-31,0.736020757129223
2022-11-01,0.736020757129223
2022-11-02,0.736020757129223
2022-11-03,0.736020757129223
2022-11-04,0.736020757129223
2022-11-05,0.736020757129223
2022-11-06,0.736020757129223
2022-11-07,0.736020757129223
2022-11-08,0.736020757129223
2022-11-09,0.736020757129223
2022-11-10,0.736020757129223
2022-11-11,0.736020757129223
2022-11-12,0.736020757129223
2022-11-13,0.736020757129223
2022-11-14,0.736020757129223
2022-11-15,0.736020757129223
2022-11-16,0.736020757129223
2022-11-17,0.736020757129223
2022-11-18,0.736020757129223
2022-11-19,0.736020757129223
2022-11-20,0.736020757129223
2022-11-21,0.736020757129223
2022-11-22,0.736020757129223
2022-11-23,0.736020757129223
2022-11-24,0.736020757129223
2022-11-25,0.736020757129223
2022-11-26,0.736020757129223
2022-11-27,0.736020757129223
2022-11-28,0.736020757129223
2022-11-29,0.736020757129223
2022-11-30,0.482193769620311
2022-12-01,0.482193769620311
2022-12-02,0.482193769620311
2022-12-03,0.482193769620311
2022-12-04,0.482193769620311
2022-12-05,0.482193769620311
2022-12-06,0.482193769620311
2022-12-07,0.482193769620311
2022-12-08,0.482193769620311
2022-12-09,0.482193769620311
2022-12-10,0.482193769620311
2022-12-11,0.482193769620311
2022-12-12,0.482193769620311
2022-12-13,0.482193769620311
2022-12-14,0.482193769620311
2022-12-15,0.482193769620311
2022-12-16,0.482193769620311
2022-12-17,0.482193769620311
2022-12-18,0.482193769620311
2022-12-19,0.482193769620311
2022-12-20,0.482193769620311
2022-12-21,0.482193769620311
2022-12-22,0.482193769620311
2022-12-23,0.482193769620311
2022-12-24,0.482193769620311
2022-12-25,0.482193769620311
2022-12-26,0.482193769620311
2022-12-27,0.482193769620311
2022-12-28,0.482193769620311
2022-12-29,0.482193769620311
2022-12-30,0.482193769620311
2022-12-31,0.6795487128371241
2023-01-01,0.6795487128371241
2023-01-02,0.6795487128371241
2023-01-03,0.6795487128371241
2023-01-04,0.6795487128371241
2023-01-05,0.6795487128371241
2023-01-06,0.6795487128371241
2023-01-07,0.6795487128371241
2023-01-08,0.6795487128371241
2023-01-09,0.6795487128371241
2023-01-10,0.6795487128371241
2023-01-11,0.6795487128371241
2023-01-12,0.6795487128371241
2023-01-13,0.6795487128371241
2023-01-14,0.6795487128371241
2023-01-15,0.6795487128371241
2023-01-16,0.6795487128371241
2023-01-17,0.6795487128371241
2023-01-18,0.6795487128371241
2023-01-19,0.6795487128371241
2023-01-20,0.6795487128371241
2023-01-21,0.6795487128371241
2023-01-22,0.6795487128371241
2023-01-23,0.6795487128371241
2023-01-24,0.6795487128371241
2023-01-25,0.6795487128371241
2023-01-26,0.6795487128371241
2023-01-27,0.6795487128371241
2023-01-28,0.6795487128371241
2023-01-29,0.6795487128371241
2023-01-30,0.6795487128371241
2023-01-31,0.08329748652640977
2023-02-01,0.08329748652640977
2023-02-02,0.08329748652640977
2023-02-03,0.08329748652640977
2023-02-04,0.08329748652640977
2023-02-05,0.08329748652640977
2023-02-06,0.08329748652640977
2023-02-07,0.08329748652640977
2023-02-08,0.08329748652640977
2023-02-09,0.08329748652640977
2023-02-10,0.08329748652640977
2023-02-11,0.08329748652640977
2023-02-12,0.08329748652640977
2023-02-13,0.08329748652640977
2023-02-14,0.08329748652640977
2023-02-15,0.08329748652640977
2023-02-16,0.08329748652640977
2023-02-17,0.08329748652640977
2023-02-18,0.08329748652640977
2023-02-19,0.08329748652640977
2023-02-20,0.08329748652640977
2023-02-21,0.08329748652640977
2023-02-22,0.08329748652640977
2023-02-23,0.08329748652640977
2023-02-24,0.08329748652640977
2023-02-25,0.08329748652640977
2023-02-26,0.08329748652640977
2023-02-27,0.08329748652640977
2023-02-28,-0.12296123373733606
2023-03-01,-0.12296123373733606
2023-03-02,-0.12296123373733606
2023-03-03,-0.12296123373733606
2023-03-04,-0.12296123373733606
2023-03-05,-0.12296123373733606
2023-03-06,-0.12296123373733606
2023-03-07,-0.12296123373733606
2023-03-08,-0.12296123373733606
2023-03-09,-0.12296123373733606
2023-03-10,-0.12296123373733606
2023-03-11,-0.12296123373733606
2023-03-12,-0.12296123373733606
2023-03-13,-0.12296123373733606
2023-03-14,-0.12296123373733606
2023-03-15,-0.12296123373733606
2023-03-16,-0.12296123373733606
2023-03-17,-0.12296123373733606
2023-03-18,-0.12296123373733606
2023-03-19,-0.12296123373733606
2023-03-20,-0.12296123373733606
2023-03-21,-0.12296123373733606
2023-03-22,-0.12296123373733606
2023-03-23,-0.12296123373733606
2023-03-24,-0.12296123373733606
2023-03-25,-0.12296123373733606
2023-03-26,-0.12296123373733606
2023-03-27,-0.12296123373733606
2023-03-28,-0.12296123373733606
2023-03-29,-0.12296123373733606
2023-03-30,-0.12296123373733606
2023-03-31,1.6835938267520114
2023-04-01,1.6835938267520114
2023-04-02,1.6835938267520114
2023-04-03,1.6835938267520114
2023-04-04,1.6835938267520114
2023-04-05,1.6835938267520114
2023-04-06,1.6835938267520114
2023-04-07,1.6835938267520114
2023-04-08,1.6835938267520114
2023-04-09,1.6835938267520114
2023-04-10,1.6835938267520114
2023-04-11,1.6835938267520114
2023-04-12,1.6835938267520114
2023-04-13,1.6835938267520114
2023-04-14,1.6835938267520114
2023-04-15,1.6835938267520114
2023-04-16,1.6835938267520114
2023-04-17,1.6835938267520114
2023-04-18,1.6835938267520114
2023-04-19,1.6835938267520114
2023-04-20,1.6835938267520114
2023-04-21,1.6835938267520114
2023-04-22,1.6835938267520114
2023-04-23,1.6835938267520114
2023-04-24,1.6835938267520114
2023-04-25,1.6835938267520114
2023-04-26,1.6835938267520114
2023-04-27,1.6835938267520114
2023-04-28,1.6835938267520114
2023-04-29,1.6835938267520114
2023-04-30,0.8177176687152319
2023-05-01,0.8177176687152319
2023-05-02,0.8177176687152319
2023-05-03,0.8177176687152319
2023-05-04,0.8177176687152319
2023-05-05,0.8177176687152319
2023-05-06,0.8177176687152319
2023-05-07,0.8177176687152319
2023-05-08,0.8177176687152319
2023-05-09,0.8177176687152319
2023-05-10,0.8177176687152319
2023-05-11,0.8177176687152319
2023-05-12,0.8177176687152319
2023-05-13,0.8177176687152319
2023-05-14,0.8177176687152319
2023-05-15,0.8177176687152319
2023-05-16,0.8177176687152319
2023-05-17,0.8177176687152319
2023-05-18,0.8177176687152319
2023-05-19,0.8177176687152319
2023-05-20,0.8177176687152319
2023-05-21,0.8177176687152319
2023-05-22,0.8177176687152319
2023-05-23,0.8177176687152319
2023-05-24,0.8177176687152319
2023-05-25,0.8177176687152319
2023-05-26,0.8177176687152319
2023-05-27,0.8177176687152319
2023-05-28,0.8177176687152319
2023-05-29,0.8177176687152319
2023-05-30,0.8177176687152319
2023-05-31,0.12689705584142916
2023-06-01,0.12689705584142916
2023-06-02,0.12689705584142916
2023-06-03,0.12689705584142916
2023-06-04,0.12689705584142916
2023-06-05,0.12689705584142916
2023-06-06,0.12689705584142916
2023-06-07,0.12689705584142916
2023-06-08,0.12689705584142916
2023-06-09,0.12689705584142916
2023-06-10,0.12689705584142916
2023-06-11,0.12689705584142916
2023-06-12,0.12689705584142916
2023-06-13,0.12689705584142916
2023-06-14,0.12689705584142916
2023-06-15,0.12689705584142916
2023-06-16,0.12689705584142916
2023-06-17,0.12689705584142916
2023-06-18,0.12689705584142916
2023-06-19,0.12689705584142916
2023-06-20,0.12689705584142916
2023-06-21,0.12689705584142916
2023-06-22,0.12689705584142916
2023-06-23,0.12689705584142916
2023-06-24,0.12689705584142916
2023-06-25,0.12689705584142916
2023-06-26,0.12689705584142916
2023-06-27,0.12689705584142916
2023-06-28,0.12689705584142916
2023-06-29,0.12689705584142916
2023-06-30,0.27847566117756267
2023-07-01,0.27847566117756267
2023-07-02,0.27847566117756267
2023-07-03,0.27847566117756267
2023-07-04,0.27847566117756267
2023-07-05,0.27847566117756267
2023-07-06,0.27847566117756267
2023-07-07,0.27847566117756267
2023-07-08,0.27847566117756267
2023-07-09,0.27847566117756267
2023-07-10,0.27847566117756267
2023-07-11,0.27847566117756267
2023-07-12,0.27847566117756267
2023-07-13,0.27847566117756267
2023-07-14,0.27847566117756267
2023-07-15,0.27847566117756267
2023-07-16,0.27847566117756267
2023-07-17,0.27847566117756267
2023-07-18,0.27847566117756267
2023-07-19,0.27847566117756267
2023-07-20,0.27847566117756267
2023-07-21,0.27847566117756267
2023-07-22,0.27847566117756267
2023-07-23,0.27847566117756267
2023-07-24,0.27847566117756267
2023-07-25,0.27847566117756267
2023-07-26,0.27847566117756267
2023-07-27,0.27847566117756267
2023-07-28,0.27847566117756267
2023-07-29,0.27847566117756267
2023-07-30,0.27847566117756267
2023-07-31,-0.5338467576225538
2023-08-01,-0.5338467576225538
2023-08-02,-0.5338467576225538
2023-08-03,-0.5338467576225538
2023-08-04,-0.5338467576225538
2023-08-05,-0.5338467576225538
2023-08-06,-0.5338467576225538
2023-08-07,-0.5338467576225538
2023-08-08,-0.5338467576225538
2023-08-09,-0.5338467576225538
2023-08-10,-0.5338467576225538
2023-08-11,-0.5338467576225538
2023-08-12,-0.5338467576225538
2023-08-13,-0.5338467576225538
2023-08-14,-0.5338467576225538
2023-08-15,-0.5338467576225538
2023-08-16,-0.5338467576225538
2023-08-17,-0.5338467576225538
2023-08-18,-0.5338467576225538
2023-08-19,-0.5338467576225538
2023-08-20,-0.5338467576225538
2023-08-21,-0.5338467576225538
2023-08-22,-0.5338467576225538
2023-08-23,-0.5338467576225538
2023-08-24,-0.5338467576225538
2023-08-25,-0.5338467576225538
2023-08-26,-0.5338467576225538
2023-08-27,-0.5338467576225538
2023-08-28,-0.5338467576225538
2023-08-29,-0.5338467576225538
2023-08-30,-0.5338467576225538
2023-08-31,0.6198048131987213
2023-09-01,0.6198048131987213
2023-09-02,0.6198048131987213
2023-09-03,0.6198048131987213
2023-09-04,0.6198048131987213
2023-09-05,0.6198048131987213
2023-09-06,0.6198048131987213
2023-09-07,0.6198048131987213
2023-09-08,0.6198048131987213
2023-09-09,0.6198048131987213
2023-09-10,0.6198048131987213
2023-09-11,0.6198048131987213
2023-09-12,0.6198048131987213
2023-09-13,0.6198048131987213
2023-09-14,0.6198048131987213
2023-09-15,0.6198048131987213
2023-09-16,0.6198048131987213
2023-09-17,0.6198048131987213
2023-09-18,0.6198048131987213
2023-09-19,0.6198048131987213
2023-09-20,0.6198048131987213
2023-09-21,0.6198048131987213
2023-09-22,0.6198048131987213
2023-09-23,0.6198048131987213
2023-09-24,0.6198048131987213
2023-09-25,0.6198048131987213
2023-09-26,0.6198048131987213
2023-09-27,0.6198048131987213
2023-09-28,0.6198048131987213
2023-09-29,0.6198048131987213
2023-09-30,0.6881665224308003
2023-10-01,0.6881665224308003
2023-10-02,0.6881665224308003
2023-10-03,0.6881665224308003
2023-10-04,0.6881665224308003
2023-10-05,0.6881665224308003
2023-10-06,0.6881665224308003
2023-10-07,0.6881665224308003
2023-10-08,0.6881665224308003
2023-10-09,0.6881665224308003
2023-10-10,0.6881665224308003
2023-10-11,0.6881665224308003
2023-10-12,0.6881665224308003
2023-10-13,0.6881665224308003
2023-10-14,0.6881665224308003
2023-10-15,0.6881665224308003
2023-10-16,0.6881665224308003
2023-10-17,0.6881665224308003
2023-10-18,0.6881665224308003
2023-10-19,0.6881665224308003
2023-10-20,0.6881665224308003
2023-10-21,0.6881665224308003
2023-10-22,0.6881665224308003
2023-10-23,0.6881665224308003
2023-10-24,0.6881665224308003
2023-10-25,0.6881665224308003
2023-10-26,0.6881665224308003
2023-10-27,0.6881665224308003
2023-10-28,0.6881665224308003
2023-10-29,0.6881665224308003
2023-10-30,0.6881665224308003
2023-10-31,-0.17573193735880477
2023-11-01,-0.17573193735880477
2023-11-02,-0.17573193735880477
2023-11-03,-0.17573193735880477
2023-11-04,-0.17573193735880477
2023-11-05,-0.17573193735880477
2023-11-06,-0.17573193735880477
2023-11-07,-0.17573193735880477
2023-11-08,-0.17573193735880477
2023-11-09,-0.17573193735880477
2023-11-10,-0.17573193735880477
2023-11-11,-0.17573193735880477
2023-11-12,-0.17573193735880477
2023-11-13,-0.17573193735880477
2023-11-14,-0.17573193735880477
2023-11-15,-0.17573193735880477
2023-11-16,-0.17573193735880477
2023-11-17,-0.17573193735880477
2023-11-18,-0.17573193735880477
2023-11-19,-0.17573193735880477
2023-11-20,-0.17573193735880477
2023-11-21,-0.17573193735880477
2023-11-22,-0.17573193735880477
2023-11-23,-0.17573193735880477
2023-11-24,-0.17573193735880477
2023-11-25,-0.17573193735880477
2023-11-26,-0.17573193735880477
2023-11-27,-0.17573193735880477
2023-11-28,-0.17573193735880477
2023-11-29,-0.17573193735880477
2023-11-30,-0.7133666863297095
2023-12-01,-0.7133666863297095
2023-12-02,-0.7133666863297095
2023-12-03,-0.7133666863297095
2023-12-04,-0.7133666863297095
2023-12-05,-0.7133666863297095
2023-12-06,-0.7133666863297095
2023-12-07,-0.7133666863297095
2023-12-08,-0.7133666863297095
2023-12-09,-0.7133666863297095
2023-12-10,-0.7133666863297095
2023-12-11,-0.7133666863297095
2023-12-12,-0.7133666863297095
2023-12-13,-0.7133666863297095
2023-12-14,-0.7133666863297095
2023-12-15,-0.7133666863297095
2023-12-16,-0.7133666863297095
2023-12-17,-0.7133666863297095
2023-12-18,-0.7133666863297095
2023-12-19,-0.7133666863297095
2023-12-20,-0.7133666863297095
2023-12-21,-0.7133666863297095
2023-12-22,-0.7133666863297095
2023-12-23,-0.7133666863297095
2023-12-24,-0.7133666863297095
2023-12-25,-0.7133666863297095
2023-12-26,-0.7133666863297095
2023-12-27,-0.7133666863297095
2023-12-28,-0.7133666863297095
2023-12-29,-0.7133666863297095
2023-12-30,-0.7133666863297095
2023-12-31,-0.6604539096412894
2024-01-01,-0.6604539096412894
2024-01-02,-0.6604539096412894
2024-01-03,-0.6604539096412894
2024-01-04,-0.6604539096412894
2024-01-05,-0.6604539096412894
2024-01-06,-0.6604539096412894
2024-01-07,-0.6604539096412894
2024-01-08,-0.6604539096412894
2024-01-09,-0.6604539096412894
2024-01-10,-0.6604539096412894
2024-01-11,-0.6604539096412894
2024-01-12,-0.6604539096412894
2024-01-13,-0.6604539096412894
2024-01-14,-0.6604539096412894
2024-01-15,-0.6604539096412894
2024-01-16,-0.6604539096412894
2024-01-17,-0.6604539096412894
2024-01-18,-0.6604539096412894
2024-01-19,-0.6604539096412894
2024-01-20,-0.6604539096412894
2024-01-21,-0.6604539096412894
2024-01-22,-0.6604539096412894
2024-01-23,-0.6604539096412894
2024-01-24,-0.6604539096412894
2024-01-25,-0.6604539096412894
2024-01-26,-0.6604539096412894
2024-01-27,-0.6604539096412894
2024-01-28,-0.6604539096412894
2024-01-29,-0.6604539096412894
2024-01-30,-0.6604539096412894
2024-01-31,-1.075610104964968
2024-02-01,-1.075610104964968
2024-02-02,-1.075610104964968
2024-02-03,-1.075610104964968
2024-02-04,-1.075610104964968
2024-02-05,-1.075610104964968
2024-02-06,-1.075610104964968
2024-02-07,-1.075610104964968
2024-02-08,-1.075610104964968
2024-02-09,-1.075610104964968
2024-02-10,-1.075610104964968
2024-02-11,-1.075610104964968
2024-02-12,-1.075610104964968
2024-02-13,-1.075610104964968
2024-02-14,-1.075610104964968
2024-02-15,-1.075610104964968
2024-02-16,-1.075610104964968
2024-02-17,-1.075610104964968
2024-02-18,-1.075610104964968
2024-02-19,-1.075610104964968
2024-02-20,-1.075610104964968
2024-02-21,-1.075610104964968
2024-02-22,-1.075610104964968
2024-02-23,-1.075610104964968
2024-02-24,-1.075610104964968
2024-02-25,-1.075610104964968
2024-02-26,-1.075610104964968
2024-02-27,-1.075610104964968
2024-02-28,-1.075610104964968
2024-02-29,-0.5808317638931648
2024-03-01,-0.5808317638931648
2024-03-02,-0.5808317638931648
2024-03-03,-0.5808317638931648
2024-03-04,-0.5808317638931648
2024-03-05,-0.5808317638931648
2024-03-06,-0.5808317638931648
2024-03-07,-0.5808317638931648
2024-03-08,-0.5808317638931648
2024-03-09,-0.5808317638931648
2024-03-10,-0.5808317638931648
2024-03-11,-0.5808317638931648
2024-03-12,-0.5808317638931648
2024-03-13,-0.5808317638931648
2024-03-14,-0.5808317638931648
2024-03-15,-0.5808317638931648
2024-03-16,-0.5808317638931648
2024-03-17,-0.5808317638931648
2024-03-18,-0.5808317638931648
2024-03-19,-0.5808317638931648
2024-03-20,-0.5808317638931648
2024-03-21,-0.5808317638931648
2024-03-22,-0.5808317638931648
2024-03-23,-0.5808317638931648
2024-03-24,-0.5808317638931648
2024-03-25,-0.5808317638931648
2024-03-26,-0.5808317638931648
2024-03-27,-0.5808317638931648
2024-03-28,-0.5808317638931648
2024-03-29,-0.5808317638931648
2024-03-30,-0.5808317638931648
2024-03-31,-0.5592624296610048
2024-04-01,-0.5592624296610048
2024-04-02,-0.5592624296610048
2024-04-03,-0.5592624296610048
2024-04-04,-0.5592624296610048
2024-04-05,-0.5592624296610048
2024-04-06,-0.5592624296610048
2024-04-07,-0.5592624296610048
2024-04-08,-0.5592624296610048
2024-04-09,-0.5592624296610048
2024-04-10,-0.5592624296610048
2024-04-11,-0.5592624296610048
2024-04-12,-0.5592624296610048
2024-04-13,-0.5592624296610048
2024-04-14,-0.5592624296610048
2024-04-15,-0.5592624296610048
2024-04-16,-0.5592624296610048
2024-04-17,-0.5592624296610048
2024-04-18,-0.5592624296610048
2024-04-19,-0.5592624296610048
2024-04-20,-0.5592624296610048
2024-04-21,-0.5592624296610048
2024-04-22,-0.5592624296610048
2024-04-23,-0.5592624296610048
2024-04-24,-0.5592624296610048
2024-04-25,-0.5592624296610048
2024-04-26,-0.5592624296610048
2024-04-27,-0.5592624296610048
2024-04-28,-0.5592624296610048
2024-04-29,-0.5592624296610048
2024-04-30,-1.0917722026920642
2024-05-01,-1.0917722026920642
2024-05-02,-1.0917722026920642
2024-05-03,-1.0917722026920642
2024-05-04,-1.0917722026920642
2024-05-05,-1.0917722026920642
2024-05-06,-1.0917722026920642
2024-05-07,-1.0917722026920642
2024-05-08,-1.0917722026920642
2024-05-09,-1.0917722026920642
2024-05-10,-1.0917722026920642
2024-05-11,-1.0917722026920642
2024-05-12,-1.0917722026920642
2024-05-13,-1.0917722026920642
2024-05-14,-1.0917722026920642
2024-05-15,-1.0917722026920642
2024-05-16,-1.0917722026920642
2024-05-17,-1.0917722026920642
2024-05-18,-1.0917722026920642
2024-05-19,-1.0917722026920642
2024-05-20,-1.0917722026920642
2024-05-21,-1.0917722026920642
2024-05-22,-1.0917722026920642
2024-05-23,-1.0917722026920642
2024-05-24,-1.0917722026920642
2024-05-25,-1.0917722026920642
2024-05-26,-1.0917722026920642
2024-05-27,-1.0917722026920642
2024-05-28,-1.0917722026920642
2024-05-29,-1.0917722026920642
2024-05-30,-1.0917722026920642
2024-05-31,-0.637228412556211
2024-06-01,-0.637228412556211
2024-06-02,-0.637228412556211
2024-06-03,-0.637228412556211
2024-06-04,-0.637228412556211
2024-06-05,-0.637228412556211
2024-06-06,-0.637228412556211
2024-06-07,-0.637228412556211
2024-06-08,-0.637228412556211
2024-06-09,-0.637228412556211
2024-06-10,-0.637228412556211
2024-06-11,-0.637228412556211
2024-06-12,-0.637228412556211
2024-06-13,-0.637228412556211
2024-06-14,-0.637228412556211
2024-06-15,-0.637228412556211
2024-06-16,-0.637228412556211
2024-06-17,-0.637228412556211
2024-06-18,-0.637228412556211
2024-06-19,-0.637228412556211
2024-06-20,-0.637228412556211
2024-06-21,-0.637228412556211
2024-06-22,-0.637228412556211
2024-06-23,-0.637228412556211
2024-06-24,-0.637228412556211
2024-06-25,-0.637228412556211
2024-06-26,-0.637228412556211
2024-06-27,-0.637228412556211
2024-06-28,-0.637228412556211
2024-06-29,-0.637228412556211
2024-06-30,0.08686061725265917
2024-07-01,0.08686061725265917
2024-07-02,0.08686061725265917
2024-07-03,0.08686061725265917
2024-07-04,0.08686061725265917
2024-07-05,0.08686061725265917
2024-07-06,0.08686061725265917
2024-07-07,0.08686061725265917
2024-07-08,0.08686061725265917
2024-07-09,0.08686061725265917
2024-07-10,0.08686061725265917
2024-07-11,0.08686061725265917
2024-07-12,0.08686061725265917
2024-07-13,0.08686061725265917
2024-07-14,0.08686061725265917
2024-07-15,0.08686061725265917
2024-07-16,0.08686061725265917
2024-07-17,0.08686061725265917
2024-07-18,0.08686061725265917
2024-07-19,0.08686061725265917
2024-07-20,0.08686061725265917
2024-07-21,0.08686061725265917
2024-07-22,0.08686061725265917
2024-07-23,0.08686061725265917
2024-07-24,0.08686061725265917
2024-07-25,0.08686061725265917
2024-07-26,0.08686061725265917
2024-07-27,0.08686061725265917
2024-07-28,0.08686061725265917
2024-07-29,0.08686061725265917
2024-07-30,0.08686061725265917
2024-07-31,0.0016890480573135966
2024-08-01,0.0016890480573135966
2024-08-02,0.0016890480573135966
2024-08-03,0.0016890480573135966
2024-08-04,0.0016890480573135966
2024-08-05,0.0016890480573135966
2024-08-06,0.0016890480573135966
2024-08-07,0.0016890480573135966
2024-08-08,0.0016890480573135966
2024-08-09,0.0016890480573135966
2024-08-10,0.0016890480573135966
2024-08-11,0.0016890480573135966
2024-08-12,0.0016890480573135966
2024-08-13,0.0016890480573135966
2024-08-14,0.0016890480573135966
2024-08-15,0.0016890480573135966
2024-08-16,0.0016890480573135966
2024-08-17,0.0016890480573135966
2024-08-18,0.0016890480573135966
2024-08-19,0.0016890480573135966
2024-08-20,0.0016890480573135966
2024-08-21,0.0016890480573135966
2024-08-22,0.0016890480573135966
2024-08-23,0.0016890480573135966
2024-08-24,0.0016890480573135966
2024-08-25,0.0016890480573135966
2024-08-26,0.0016890480573135966
2024-08-27,0.0016890480573135966
2024-08-28,0.0016890480573135966
2024-08-29,0.0016890480573135966
2024-08-30,0.0016890480573135966
2024-08-31,-0.49999820139878576
2024-09-01,-0.49999820139878576
2024-09-02,-0.49999820139878576
2024-09-03,-0.49999820139878576
2024-09-04,-0.49999820139878576
2024-09-05,-0.49999820139878576
2024-09-06,-0.49999820139878576
2024-09-07,-0.49999820139878576
2024-09-08,-0.49999820139878576
2024-09-09,-0.49999820139878576
2024-09-10,-0.49999820139878576
2024-09-11,-0.49999820139878576
2024-09-12,-0.49999820139878576
2024-09-13,-0.49999820139878576
2024-09-14,-0.49999820139878576
2024-09-15,-0.49999820139878576
2024-09-16,-0.49999820139878576
2024-09-17,-0.49999820139878576
2024-09-18,-0.49999820139878576
2024-09-19,-0.49999820139878576
2024-09-20,-0.49999820139878576
2024-09-21,-0.49999820139878576
2024-09-22,-0.49999820139878576
2024-09-23,-0.49999820139878576
2024-09-24,-0.49999820139878576
2024-09-25,-0.49999820139878576
2024-09-26,-0.49999820139878576
2024-09-27,-0.49999820139878576
2024-09-28,-0.49999820139878576
2024-09-29,-0.49999820139878576
2024-09-30,-0.854328552462049
2024-10-01,-0.854328552462049
2024-10-02,-0.854328552462049
2024-10-03,-0.854328552462049
2024-10-04,-0.854328552462049
2024-10-05,-0.854328552462049
2024-10-06,-0.854328552462049
2024-10-07,-0.854328552462049
2024-10-08,-0.854328552462049
2024-10-09,-0.854328552462049
2024-10-10,-0.854328552462049
2024-10-11,-0.854328552462049
2024-10-12,-0.854328552462049
2024-10-13,-0.854328552462049
2024-10-14,-0.854328552462049
2024-10-15,-0.854328552462049
2024-10-16,-0.854328552462049
2024-10-17,-0.854328552462049
2024-10-18,-0.854328552462049
2024-10-19,-0.854328552462049
2024-10-20,-0.854328552462049
2024-10-21,-0.854328552462049
2024-10-22,-0.854328552462049
2024-10-23,-0.854328552462049
2024-10-24,-0.854328552462049
2024-10-25,-0.854328552462049
2024-10-26,-0.854328552462049
2024-10-27,-0.854328552462049
2024-10-28,-0.854328552462049
2024-10-29,-0.854328552462049
2024-10-30,-0.854328552462049
2024-10-31,0.007415174284383497
2024-11-01,0.007415174284383497
2024-11-02,0.007415174284383497
2024-11-03,0.007415174284383497
2024-11-04,0.007415174284383497
2024-11-05,0.007415174284383497
2024-11-06,0.007415174284383497
2024-11-07,0.007415174284383497
2024-11-08,0.007415174284383497
2024-11-09,0.007415174284383497
2024-11-10,0.007415174284383497
2024-11-11,0.007415174284383497
2024-11-12,0.007415174284383497
2024-11-13,0.007415174284383497
2024-11-14,0.007415174284383497
2024-11-15,0.007415174284383497
2024-11-16,0.007415174284383497
2024-11-17,0.007415174284383497
2024-11-18,0.007415174284383497
2024-11-19,0.007415174284383497
2024-11-20,0.007415174284383497
2024-11-21,0.007415174284383497
2024-11-22,0.007415174284383497
2024-11-23,0.007415174284383497
2024-11-24,0.007415174284383497
2024-11-25,0.007415174284383497
2024-11-26,0.007415174284383497
2024-11-27,0.007415174284383497
2024-11-28,0.007415174284383497
2024-11-29,0.007415174284383497
2024-11-30,0.3351051584257686
2024-12-01,0.3351051584257686
2024-12-02,0.3351051584257686
2024-12-03,0.3351051584257686
2024-12-04,0.3351051584257686
2024-12-05,0.3351051584257686
2024-12-06,0.3351051584257686
2024-12-07,0.3351051584257686
2024-12-08,0.3351051584257686
2024-12-09,0.3351051584257686
2024-12-10,0.3351051584257686
2024-12-11,0.3351051584257686
2024-12-12,0.3351051584257686
2024-12-13,0.3351051584257686
2024-12-14,0.3351051584257686
2024-12-15,0.3351051584257686
2024-12-16,0.3351051584257686
2024-12-17,0.3351051584257686
2024-12-18,0.3351051584257686
2024-12-19,0.3351051584257686
2024-12-20,0.3351051584257686
2024-12-21,0.3351051584257686
2024-12-22,0.3351051584257686
2024-12-23,0.3351051584257686
2024-12-24,0.3351051584257686
2024-12-25,0.3351051584257686
2024-12-26,0.3351051584257686
2024-12-27,0.3351051584257686
2024-12-28,0.3351051584257686
2024-12-29,0.3351051584257686
2024-12-30,0.3351051584257686
2024-12-31,1.3645497369831958
2025-01-01,1.3645497369831958
2025-01-02,1.3645497369831958
2025-01-03,1.3645497369831958
2025-01-04,1.3645497369831958
2025-01-05,1.3645497369831958
2025-01-06,1.3645497369831958
2025-01-07,1.3645497369831958
2025-01-08,1.3645497369831958
2025-01-09,1.3645497369831958
2025-01-10,1.3645497369831958
2025-01-11,1.3645497369831958
2025-01-12,1.3645497369831958
2025-01-13,1.3645497369831958
2025-01-14,1.3645497369831958
2025-01-15,1.3645497369831958
2025-01-16,1.3645497369831958
2025-01-17,1.3645497369831958
2025-01-18,1.3645497369831958
2025-01-19,1.3645497369831958
2025-01-20,1.3645497369831958
2025-01-21,1.3645497369831958
2025-01-22,1.3645497369831958
2025-01-23,1.3645497369831958
2025-01-24,1.3645497369831958
2025-01-25,1.3645497369831958
2025-01-26,1.3645497369831958
2025-01-27,1.3645497369831958
2025-01-28,1.3645497369831958
2025-01-29,1.3645497369831958
2025-01-30,1.3645497369831958
2025-01-31,-0.14279580881623538
2025-02-01,-0.14279580881623538
2025-02-02,-0.14279580881623538
2025-02-03,-0.14279580881623538
2025-02-04,-0.14279580881623538
2025-02-05,-0.14279580881623538
2025-02-06,-0.14279580881623538
2025-02-07,-0.14279580881623538
2025-02-08,-0.14279580881623538
2025-02-09,-0.14279580881623538
2025-02-10,-0.14279580881623538
2025-02-11,-0.14279580881623538
2025-02-12,-0.14279580881623538
2025-02-13,-0.14279580881623538
2025-02-14,-0.14279580881623538
2025-02-15,-0.14279580881623538
2025-02-16,-0.14279580881623538
2025-02-17,-0.14279580881623538
2025-02-18,-0.14279580881623538
2025-02-19,-0.14279580881623538
2025-02-20,-0.14279580881623538
2025-02-21,-0.14279580881623538
2025-02-22,-0.14279580881623538
2025-02-23,-0.14279580881623538
2025-02-24,-0.14279580881623538
2025-02-25,-0.14279580881623538
2025-02-26,-0.14279580881623538
2025-02-27,-0.14279580881623538
2025-02-28,-0.5253643780258729
2025-03-01,-0.5253643780258729
2025-03-02,-0.5253643780258729
2025-03-03,-0.5253643780258729
2025-03-04,-0.5253643780258729
2025-03-05,-0.5253643780258729
2025-03-06,-0.5253643780258729
2025-03-07,-0.5253643780258729
2025-03-08,-0.5253643780258729
2025-03-09,-0.5253643780258729
2025-03-10,-0.5253643780258729
2025-03-11,-0.5253643780258729
2025-03-12,-0.5253643780258729
2025-03-13,-0.5253643780258729
2025-03-14,-0.5253643780258729
2025-03-15,-0.5253643780258729
2025-03-16,-0.5253643780258729
2025-03-17,-0.5253643780258729
2025-03-18,-0.5253643780258729
2025-03-19,-0.5253643780258729
2025-03-20,-0.5253643780258729
2025-03-21,-0.5253643780258729
2025-03-22,-0.5253643780258729
2025-03-23,-0.5253643780258729
2025-03-24,-0.5253643780258729
2025-03-25,-0.5253643780258729
2025-03-26,-0.5253643780258729
2025-03-27,-0.5253643780258729
2025-03-28,-0.5253643780258729
2025-03-29,-0.5253643780258729
2025-03-30,-0.5253643780258729
2025-03-31,0.22825883136619787
2025-04-01,0.22825883136619787
2025-04-02,0.22825883136619787
2025-04-03,0.22825883136619787
2025-04-04,0.22825883136619787
2025-04-05,0.22825883136619787
2025-04-06,0.22825883136619787
2025-04-07,0.22825883136619787
2025-04-08,0.22825883136619787
2025-04-09,0.22825883136619787
2025-04-10,0.22825883136619787
2025-04-11,0.22825883136619787
2025-04-12,0.22825883136619787
2025-04-13,0.22825883136619787
2025-04-14,0.22825883136619787
2025-04-15,0.22825883136619787
2025-04-16,0.22825883136619787
2025-04-17,0.22825883136619787
2025-04-18,0.22825883136619787
2025-04-19,0.22825883136619787
2025-04-20,0.22825883136619787
2025-04-21,0.22825883136619787
2025-04-22,0.22825883136619787
2025-04-23,0.22825883136619787
2025-04-24,0.22825883136619787
2025-04-25,0.22825883136619787
2025-04-26,0.22825883136619787
2025-04-27,0.22825883136619787
2025-04-28,0.22825883136619787
2025-04-29,0.22825883136619787
2025-04-30,0.9396930158636818
2025-05-01,0.9396930158636818
2025-05-02,0.9396930158636818
2025-05-03,0.9396930158636818
2025-05-04,0.9396930158636818
2025-05-05,0.9396930158636818
2025-05-06,0.9396930158636818
2025-05-07,0.9396930158636818
2025-05-08,0.9396930158636818
2025-05-09,0.9396930158636818
2025-05-10,0.9396930158636818
2025-05-11,0.9396930158636818
2025-05-12,0.9396930158636818
2025-05-13,0.9396930158636818
2025-05-14,0.9396930158636818
2025-05-15,0.9396930158636818
2025-05-16,0.9396930158636818
2025-05-17,0.9396930158636818
2025-05-18,0.9396930158636818
2025-05-19,0.9396930158636818
2025-05-20,0.9396930158636818
2025-05-21,0.9396930158636818
2025-05-22,0.9396930158636818
2025-05-23,0.9396930158636818
2025-05-24,0.9396930158636818
2025-05-25,0.9396930158636818
2025-05-26,0.9396930158636818
2025-05-27,0.9396930158636818
2025-05-28,0.9396930158636818
2025-05-29,0.9396930158636818
2025-05-30,0.9396930158636818
2025-05-31,-0.29143606228451846
2025-06-01,-0.29143606228451846
2025-06-02,-0.29143606228451846
2025-06-03,-0.29143606228451846
2025-06-04,-0.29143606228451846
2025-06-05,-0.29143606228451846
2025-06-06,-0.29143606228451846
2025-06-07,-0.29143606228451846
2025-06-08,-0.29143606228451846
2025-06-09,-0.29143606228451846
2025-06-10,-0.29143606228451846
2025-06-11,-0.29143606228451846
2025-06-12,-0.29143606228451846
2025-06-13,-0.29143606228451846
2025-06-14,-0.29143606228451846
2025-06-15,-0.29143606228451846
2025-06-16,-0.29143606228451846
2025-06-17,-0.29143606228451846
2025-06-18,-0.29143606228451846
2025-06-19,-0.29143606228451846
2025-06-20,-0.29143606228451846
2025-06-21,-0.29143606228451846
2025-06-22,-0.29143606228451846
2025-06-23,-0.29143606228451846
2025-06-24,-0.29143606228451846
2025-06-25,-0.29143606228451846
2025-06-26,-0.29143606228451846
2025-06-27,-0.29143606228451846
2025-06-28,-0.29143606228451846
2025-06-29,-0.29143606228451846
2025-06-30,-0.31469189150955246
2025-07-01,-0.31469189150955246
2025-07-02,-0.31469189150955246
2025-07-03,-0.31469189150955246
2025-07-04,-0.31469189150955246
2025-07-05,-0.31469189150955246
2025-07-06,-0.31469189150955246
2025-07-07,-0.31469189150955246
2025-07-08,-0.31469189150955246
2025-07-09,-0.31469189150955246
2025-07-10,-0.31469189150955246
2025-07-11,-0.31469189150955246
2025-07-12,-0.31469189150955246
2025-07-13,-0.31469189150955246
2025-07-14,-0.31469189150955246
2025-07-15,-0.31469189150955246
2025-07-16,-0.31469189150955246
2025-07-17,-0.31469189150955246
2025-07-18,-0.31469189150955246
2025-07-19,-0.31469189150955246
2025-07-20,-0.31469189150955246
2025-07-21,-0.31469189150955246
2025-07-22,-0.31469189150955246
2025-07-23,-0.31469189150955246
2025-07-24,-0.31469189150955246
2025-07-25,-0.31469189150955246
2025-07-26,-0.31469189150955246
2025-07-27,-0.31469189150955246
2025-07-28,-0.31469189150955246
2025-07-29,-0.31469189150955246
2025-07-30,-0.31469189150955246
2025-07-31,0.37470595197958173
2025-08-01,0.37470595197958173
2025-08-02,0.37470595197958173
2025-08-03,0.37470595197958173
2025-08-04,0.37470595197958173
2025-08-05,0.37470595197958173
2025-08-06,0.37470595197958173
2025-08-07,0.37470595197958173
2025-08-08,0.37470595197958173
2025-08-09,0.37470595197958173
2025-08-10,0.37470595197958173
2025-08-11,0.37470595197958173
2025-08-12,0.37470595197958173
2025-08-13,0.37470595197958173
2025-08-14,0.37470595197958173
2025-08-15,0.37470595197958173
2025-08-16,0.37470595197958173
2025-08-17,0.37470595197958173
2025-08-18,0.37470595197958173
2025-08-19,0.37470595197958173
2025-08-20,0.37470595197958173
2025-08-21,0.37470595197958173
2025-08-22,0.37470595197958173
2025-08-23,0.37470595197958173
2025-08-24,0.37470595197958173
2025-08-25,0.37470595197958173
2025-08-26,0.37470595197958173
2025-08-27,0.37470595197958173
2025-08-28,0.37470595197958173
2025-08-29,0.37470595197958173
2025-08-30,0.37470595197958173
2025-08-31,-0.12005298715031353
2025-09-01,-0.12005298715031353
2025-09-02,-0.12005298715031353
2025-09-03,-0.12005298715031353
2025-09-04,-0.12005298715031353
2025-09-05,-0.12005298715031353
2025-09-06,-0.12005298715031353
2025-09-07,-0.12005298715031353
2025-09-08,-0.12005298715031353
2025-09-09,-0.12005298715031353
2025-09-10,-0.12005298715031353
2025-09-11,-0.12005298715031353
2025-09-12,-0.12005298715031353
2025-09-13,-0.12005298715031353
2025-09-14,-0.12005298715031353
2025-09-15,-0.12005298715031353
2025-09-16,-0.12005298715031353
2025-09-17,-0.12005298715031353
2025-09-18,-0.12005298715031353
2025-09-19,-0.12005298715031353
2025-09-20,-0.12005298715031353
2025-09-21,-0.12005298715031353
2025-09-22,-0.12005298715031353
2025-09-23,-0.12005298715031353
2025-09-24,-0.12005298715031353
2025-09-25,-0.12005298715031353
2025-09-26,-0.12005298715031353
2025-09-27,-0.12005298715031353
2025-09-28,-0.12005298715031353
2025-09-29,-0.12005298715031353
2025-09-30,-0.2934323402171467
2025-10-01,-0.2934323402171467
2025-10-02,-0.2934323402171467
2025-10-03,-0.2934323402171467
2025-10-04,-0.2934323402171467
2025-10-05,-0.2934323402171467
2025-10-06,-0.2934323402171467
2025-10-07,-0.2934323402171467
2025-10-08,-0.2934323402171467
2025-10-09,-0.2934323402171467
2025-10-10,-0.2934323402171467
2025-10-11,-0.2934323402171467
2025-10-12,-0.2934323402171467
2025-10-13,-0.2934323402171467
2025-10-14,-0.2934323402171467
2025-10-15,-0.2934323402171467
2025-10-16,-0.2934323402171467
2025-10-17,-0.2934323402171467
2025-10-18,-0.2934323402171467
2025-10-19,-0.2934323402171467
2025-10-20,-0.2934323402171467
2025-10-21,-0.2934323402171467
2025-10-22,-0.2934323402171467
2025-10-23,-0.2934323402171467
2025-10-24,-0.2934323402171467
2025-10-25,-0.2934323402171467
2025-10-26,-0.2934323402171467
2025-10-27,-0.2934323402171467
2025-10-28,-0.2934323402171467
2025-10-29,-0.2934323402171467
2025-10-30,-0.2934323402171467
2025-10-31,-0.8065251186435483
2025-11-01,-0.8065251186435483
2025-11-02,-0.8065251186435483
2025-11-03,-0.8065251186435483
2025-11-04,-0.8065251186435483
2025-11-05,-0.8065251186435483
2025-11-06,-0.8065251186435483
2025-11-07,-0.8065251186435483
2025-11-08,-0.8065251186435483
2025-11-09,-0.8065251186435483
2025-11-10,-0.8065251186435483
2025-11-11,-0.8065251186435483
2025-11-12,-0.8065251186435483
2025-11-13,-0.8065251186435483
2025-11-14,-0.8065251186435483
2025-11-15,-0.8065251186435483
2025-11-16,-0.8065251186435483
2025-11-17,-0.8065251186435483
2025-11-18,-0.8065251186435483
2025-11-19,-0.8065251186435483
2025-11-20,-0.8065251186435483
2025-11-21,-0.8065251186435483
2025-11-22,-0.8065251186435483
2025-11-23,-0.8065251186435483
2025-11-24,-0.8065251186435483
2025-11-25,-0.8065251186435483
2025-11-26,-0.8065251186435483
2025-11-27,-0.8065251186435483
2025-11-28,-0.8065251186435483
2025-11-29,-0.8065251186435483
2025-11-30,-1.3119369718431122
2025-12-01,-1.3119369718431122
2025-12-02,-1.3119369718431122
2025-12-03,-1.3119369718431122
2025-12-04,-1.3119369718431122
2025-12-05,-1.3119369718431122
2025-12-06,-1.3119369718431122
2025-12-07,-1.3119369718431122
2025-12-08,-1.3119369718431122
2025-12-09,-1.3119369718431122
2025-12-10,-1.3119369718431122
2025-12-11,-1.3119369718431122
2025-12-12,-1.3119369718431122
2025-12-13,-1.3119369718431122
2025-12-14,-1.3119369718431122
2025-12-15,-1.3119369718431122
2025-12-16,-1.3119369718431122
2025-12-17,-1.3119369718431122
2025-12-18,-1.3119369718431122
2025-12-19,-1.3119369718431122
2025-12-20,-1.3119369718431122
2025-12-21,-1.3119369718431122
2025-12-22,-1.3119369718431122
2025-12-23,-1.3119369718431122
2025-12-24,-1.3119369718431122
2025-12-25,-1.3119369718431122
2025-12-26,-1.3119369718431122
2025-12-27,-1.3119369718431122
2025-12-28,-1.3119369718431122
2025-12-29,-1.3119369718431122
2025-12-30,-1.3119369718431122
2025-12-31,-0.5957873125131821
2026-01-01,-0.5957873125131821
2026-01-02,-0.5957873125131821
2026-01-03,-0.5957873125131821
2026-01-04,-0.5957873125131821
2026-01-05,-0.5957873125131821
2026-01-06,-0.5957873125131821
2026-01-07,-0.5957873125131821
2026-01-08,-0.5957873125131821
2026-01-09,-0.5957873125131821
2026-01-10,-0.5957873125131821
2026-01-11,-0.5957873125131821
2026-01-12,-0.5957873125131821
2026-01-13,-0.5957873125131821
2026-01-14,-0.5957873125131821
2026-01-15,-0.5957873125131821
2026-01-16,-0.5957873125131821
2026-01-17,-0.5957873125131821
2026-01-18,-0.5957873125131821
2026-01-19,-0.5957873125131821
2026-01-20,-0.5957873125131821
2026-01-21,-0.5957873125131821
2026-01-22,-0.5957873125131821
2026-01-23,-0.5957873125131821
2026-01-24,-0.5957873125131821
2026-01-25,-0.5957873125131821
2026-01-26,-0.5957873125131821
2026-01-27,-0.5957873125131821
2026-01-28,-0.5957873125131821
2026-01-29,-0.5957873125131821
2026-01-30,-0.5957873125131821
2026-01-31,-0.6284697836053907
2026-02-01,-0.6284697836053907
2026-02-02,-0.6284697836053907
2026-02-03,-0.6284697836053907
2026-02-04,-0.6284697836053907
2026-02-05,-0.6284697836053907
2026-02-06,-0.6284697836053907
2026-02-07,-0.6284697836053907
2026-02-08,-0.6284697836053907
2026-02-09,-0.6284697836053907
2026-02-10,-0.6284697836053907
2026-02-11,-0.6284697836053907
2026-02-12,-0.6284697836053907
2026-02-13,-0.6284697836053907
2026-02-14,-0.6284697836053907
2026-02-15,-0.6284697836053907
2026-02-16,-0.6284697836053907
2026-02-17,-0.6284697836053907
2026-02-18,-0.6284697836053907
2026-02-19,-0.6284697836053907
2026-02-20,-0.6284697836053907
2026-02-21,-0.6284697836053907
2026-02-22,-0.6284697836053907
2026-02-23,-0.6284697836053907
2026-02-24,-0.6284697836053907
2026-02-25,-0.6284697836053907
2026-02-26,-0.6284697836053907
2026-02-27,-0.6284697836053907
2026-02-28,-0.25396577427491596
2026-03-01,-0.25396577427491596
2026-03-02,-0.25396577427491596
2026-03-03,-0.25396577427491596
2026-03-04,-0.25396577427491596
2026-03-05,-0.25396577427491596
2026-03-06,-0.25396577427491596
2026-03-07,-0.25396577427491596
2026-03-08,-0.25396577427491596
2026-03-09,-0.25396577427491596
2026-03-10,-0.25396577427491596
2026-03-11,-0.25396577427491596
2026-03-12,-0.25396577427491596
2026-03-13,-0.25396577427491596
2026-03-14,-0.25396577427491596
2026-03-15,-0.25396577427491596
2026-03-16,-0.25396577427491596
2026-03-17,-0.25396577427491596
2026-03-18,-0.25396577427491596
2026-03-19,-0.25396577427491596
2026-03-20,-0.25396577427491596
2026-03-21,-0.25396577427491596
2026-03-22,-0.25396577427491596
2026-03-23,-0.25396577427491596
2026-03-24,-0.25396577427491596
2026-03-25,-0.25396577427491596
2026-03-26,-0.25396577427491596
2026-03-27,-0.25396577427491596
2026-03-28,-0.25396577427491596
2026-03-29,-0.25396577427491596
2026-03-30,-0.25396577427491596
2026-03-31,-0.19933669908622048
2026-04-01,-0.19933669908622048
2026-04-02,-0.19933669908622048
2026-04-03,-0.19933669908622048
2026-04-04,-0.19933669908622048
2026-04-05,-0.19933669908622048
2026-04-06,-0.19933669908622048
2026-04-07,-0.19933669908622048
2026-04-08,-0.19933669908622048
2026-04-09,-0.19933669908622048
2026-04-10,-0.19933669908622048
2026-04-11,-0.19933669908622048
2026-04-12,-0.19933669908622048
2026-04-13,-0.19933669908622048
2026-04-14,-0.19933669908622048
2026-04-15,-0.19933669908622048
2026-04-16,-0.19933669908622048
2026-04-17,-0.19933669908622048
2026-04-18,-0.19933669908622048
2026-04-19,-0.19933669908622048
2026-04-20,-0.19933669908622048
2026-04-21,-0.19933669908622048
2026-04-22,-0.19933669908622048
2026-04-23,-0.19933669908622048
2026-04-24,-0.19933669908622048
2026-04-25,-0.19933669908622048
2026-04-26,-0.19933669908622048
2026-04-27,-0.19933669908622048
2026-04-28,-0.19933669908622048
2026-04-29,-0.19933669908622048
2026-04-30,-0.10055811326774615
2026-05-01,-0.10055811326774615
2026-05-02,-0.10055811326774615
2026-05-03,-0.10055811326774615
2026-05-04,-0.10055811326774615
2026-05-05,-0.10055811326774615
2026-05-06,-0.10055811326774615
2026-05-07,-0.10055811326774615
2026-05-08,-0.10055811326774615
2026-05-09,-0.10055811326774615
2026-05-10,-0.10055811326774615
2026-05-11,-0.10055811326774615
2026-05-12,-0.10055811326774615
2026-05-13,-0.10055811326774615
2026-05-14,-0.10055811326774615
2026-05-15,-0.10055811326774615
2026-05-16,-0.10055811326774615
2026-05-17,-0.10055811326774615
2026-05-18,-0.10055811326774615
2026-05-19,-0.10055811326774615
2026-05-20,-0.10055811326774615
2026-05-21,-0.10055811326774615
2026-05-22,-0.10055811326774615
2026-05-23,-0.10055811326774615
2026-05-24,-0.10055811326774615
2026-05-25,-0.10055811326774615
2026-05-26,-0.10055811326774615
2026-05-27,-0.10055811326774615
2026-05-28,-0.10055811326774615
2026-05-29,-0.10055811326774615
2026-05-30,-0.10055811326774615
2026-05-31,0.9969615930183772
2026-06-01,0.9969615930183772
2026-06-02,0.9969615930183772
2026-06-03,0.9969615930183772
2026-06-04,0.9969615930183772
2026-06-05,0.9969615930183772
2026-06-06,0.9969615930183772
2026-06-07,0.9969615930183772
2026-06-08,0.9969615930183772
2026-06-09,0.9969615930183772
2026-06-10,0.9969615930183772
2026-06-11,0.9969615930183772
2026-06-12,0.9969615930183772
2026-06-13,0.9969615930183772
2026-06-14,0.9969615930183772
2026-06-15,0.9969615930183772
2026-06-16,0.9969615930183772
2026-06-17,0.9969615930183772
2026-06-18,0.9969615930183772
2026-06-19,0.9969615930183772
2026-06-20,0.9969615930183772
2026-06-21,0.9969615930183772
2026-06-22,0.9969615930183772
2026-06-23,0.9969615930183772
2026-06-24,0.9969615930183772
2026-06-25,0.9969615930183772
2026-06-26,0.9969615930183772
2026-06-27,0.9969615930183772
2026-06-28,0.9969615930183772
2026-06-29,0.9969615930183772
2026-06-30,0.3120815628125882
2026-07-01,0.3120815628125882
2026-07-02,0.3120815628125882
2026-07-03,0.3120815628125882
2026-07-04,0.3120815628125882
2026-07-05,0.3120815628125882
2026-07-06,0.3120815628125882
2026-07-07,0.3120815628125882
2026-07-08,0.3120815628125882
2026-07-09,0.3120815628125882
2026-07-10,0.3120815628125882
2026-07-11,0.3120815628125882
2026-07-12,0.3120815628125882
2026-07-13,0.3120815628125882
2026-07-14,0.3120815628125882
2026-07-15,0.3120815628125882
2026-07-16,0.3120815628125882
2026-07-17,0.3120815628125882
2026-07-18,0.3120815628125882
2026-07-19,0.3120815628125882
2026-07-20,0.3120815628125882
2026-07-21,0.3120815628125882
2026-07-22,0.3120815628125882
2026-07-23,0.3120815628125882
2026-07-24,0.3120815628125882
2026-07-25,0.3120815628125882
2026-07-26,0.3120815628125882
2026-07-27,0.3120815628125882
2026-07-28,0.3120815628125882
2026-07-29,0.3120815628125882
2026-07-30,0.3120815628125882
2026-07-31,-0.8399678860153991
